ID	Gene.symbol	Gene.title	log2(fold change)	-log10(Pvalue)
AFFX-18SRNAMur/X00686_M_at			2.286	2.53
AFFX-b-ActinMur/M12481_M_at			2.577	2.615
AFFX-BioB-3_at			1.994	2.248
AFFX-BioB-5_at			2.056	2.269
AFFX-BioB-M_at			1.934	2.133
AFFX-BioC-3_at			1.976	2.2
AFFX-BioC-5_at			1.963	2.154
AFFX-BioDn-3_at			1.984	2.201
AFFX-BioDn-5_at			1.909	2.064
AFFX-CreX-3_at			1.917	2.161
AFFX-CreX-5_at			2.052	2.306
AFFX-DapX-3_at			2.343	2.15
AFFX-DapX-5_at			2.181	2.273
AFFX-DapX-M_at			2.74	2.631
AFFX-HSAC07/X00351_3_at			2.733	1.824
AFFX-hum_alu_at			2.792	2.072
AFFX-HUMGAPDH/M33197_3_at			3.318	2.448
AFFX-HUMISGF3A/M97935_3_at			2.492	2.294
AFFX-HUMISGF3A/M97935_MB_at			2.501	2.28
AFFX-HUMRGE/M10098_M_at			1.742	1.792
AFFX-LysX-3_at			2.16	2.168
AFFX-LysX-5_at			2.337	2.309
AFFX-LysX-M_at			2.144	2.203
AFFX-M27830_3_at			4.718	2.978
AFFX-M27830_5_at			2.038	1.853
AFFX-MURINE_B2_at			2.15	2.357
AFFX-PheX-3_at			2.265	1.991
AFFX-PheX-5_at			2.166	2.283
AFFX-PheX-M_at			2.072	2.069
AFFX-PyruCarbMur/L09192_3_at			3.569	2.729
AFFX-PyruCarbMur/L09192_5_at			2.285	1.785
AFFX-PyruCarbMur/L09192_MB_at			2.526	2.477
AFFX-r2-Bs-dap-3_at			2.161	1.926
AFFX-r2-Bs-dap-5_at			2.244	2.416
AFFX-r2-Bs-dap-M_at			2.317	2.201
AFFX-r2-Bs-lys-3_at			2.149	2.228
AFFX-r2-Bs-lys-5_at			1.978	2.143
AFFX-r2-Bs-lys-M_at			2.095	2.063
AFFX-r2-Bs-phe-3_at			2.098	2.17
AFFX-r2-Bs-phe-5_at			2.048	2.218
AFFX-r2-Bs-phe-M_at			2.256	1.754
AFFX-r2-Bs-thr-5_s_at			2.101	2.14
AFFX-r2-Bs-thr-M_s_at			2.089	1.847
AFFX-r2-Ec-bioB-3_at			1.98	2.229
AFFX-r2-Ec-bioB-5_at			1.889	2.059
AFFX-r2-Ec-bioB-M_at			1.953	2.191
AFFX-r2-Ec-bioC-3_at			1.878	2.091
AFFX-r2-Ec-bioC-5_at			1.911	2.152
AFFX-r2-Ec-bioD-3_at			1.961	2.216
AFFX-r2-Ec-bioD-5_at			1.934	2.172
AFFX-r2-P1-cre-3_at			2.026	2.276
AFFX-r2-P1-cre-5_at			1.937	2.184
AFFX-ThrX-5_at			1.952	1.928
AFFX-ThrX-M_at			2.162	1.96
AFFX-TransRecMur/X57349_5_at			3.061	2.084
AFFX-TrpnX-5_at			2.723	1.824
AFFX-TrpnX-M_at			2.003	1.707
AFFX_Rat_Hexokinase_3_at			2.128	2.256
AFFX_Rat_Hexokinase_5_at			2.068	1.769
BburgChrORF_BB0005_at			-1.791	1.739
BburgChrORF_BB0010_at			1.818	1.804
BburgChrORF_BB0014_at			1.797	1.894
BburgChrORF_BB0031_at			-2.032	2.017
BburgChrORF_BB0048_x_at			2.195	2.086
BburgChrORF_BB0049_x_at			1.994	2.249
BburgChrORF_BB0060_at			-1.828	1.868
BburgChrORF_BB0107_at			-3.011	3.217
BburgChrORF_BB0113_at			-1.73	1.917
BburgChrORF_BB0135_at			-1.613	1.661
BburgChrORF_BB0139_at			1.594	1.745
BburgChrORF_BB0144_at			1.949	2.101
BburgChrORF_BB0147_at			2.493	2.803
BburgChrORF_BB0168_at			4.002	2.793
BburgChrORF_BB0182_at			1.566	1.632
BburgChrORF_BB0214_at			-1.594	1.666
BburgChrORF_BB0227_at			-2.717	2.927
BburgChrORF_BB0232_at			-2.172	2.34
BburgChrORF_BB0240_at			2.459	2.748
BburgChrORF_BB0241_at			2.158	2.246
BburgChrORF_BB0250_at			2.261	1.787
BburgChrORF_BB0263_at			-2.242	1.721
BburgChrORF_BB0266_x_at			-2.019	2.185
BburgChrORF_BB0286_at			-1.826	1.745
BburgChrORF_BB0288_at			-1.65	1.719
BburgChrORF_BB0301_at			-1.782	1.922
BburgChrORF_BB0319_at			-1.818	1.664
BburgChrORF_BB0324_at			1.906	1.865
BburgChrORF_BB0328_at			1.51	1.635
BburgChrORF_BB0329_at			1.643	1.718
BburgChrORF_BB0335_at			1.831	1.725
BburgChrORF_BB0336_at			-2.686	2.34
BburgChrORF_BB0337_at			2.699	2.977
BburgChrORF_BB0366_at			2.119	2.231
BburgChrORF_BB0367_at			3.267	2.159
BburgChrORF_BB0381_at			-2.234	2.428
BburgChrORF_BB0401_at			2.028	1.932
BburgChrORF_BB0409_at			-2.124	2.246
BburgChrORF_BB0471_at			-1.769	1.663
BburgChrORF_BB0508_at			-1.881	1.69
BburgChrORF_BB0511_at			-1.726	1.758
BburgChrORF_BB0519_at			-2.06	2.168
BburgChrORF_BB0523_x_at			1.663	1.717
BburgChrORF_BB0526_at			-1.657	1.701
BburgChrORF_BB0549_at			1.93	1.787
BburgChrORF_BB0578_at			-1.875	2.103
BburgChrORF_BB0588_at			1.965	2.044
BburgChrORF_BB0592_at			-1.902	2.026
BburgChrORF_BB0603_at			2.151	2.378
BburgChrORF_BB0604_at			2.919	3.109
BburgChrORF_BB0606_at			-2.026	2.057
BburgChrORF_BB0614_at			1.781	1.859
BburgChrORF_BB0619_at			-1.677	1.635
BburgChrORF_BB0631_at			3.462	3.57
BburgChrORF_BB0643_at			-2.163	1.97
BburgChrORF_BB0645_at			1.705	1.882
BburgChrORF_BB0656_at			-2.548	2.593
BburgChrORF_BB0664_at			-2.129	1.801
BburgChrORF_BB0683_at			-2.178	2.417
BburgChrORF_BB0709_at			-2.22	2.084
BburgChrORF_BB0711_x_at			-2.453	2.567
BburgChrORF_BB0713_at			-1.731	1.874
BburgChrORF_BB0725_at			-2.246	1.661
BburgChrORF_BB0786_at			-1.527	1.631
BburgChrORF_BB0787_at			-1.528	1.656
BburgChrORF_BB0788_at			-2.438	2.062
BburgChrORF_BB0792_at			-2.482	2.481
BburgChrORF_BB0798_at			2.036	2.042
BburgChrORF_BB0803_at			-1.816	1.888
BburgChrORF_BB0812_at			-2.358	2.47
BburgChrORF_BB0831_at			-1.672	1.773
BburgChrORF_BB0844_at			2.251	2.36
BburgPlaORF_BBA02_at			1.774	1.74
BburgPlaORF_BBA03_at			3.516	3.545
BburgPlaORF_BBA04_at			3.203	2.545
BburgPlaORF_BBA06_at			2.522	1.822
BburgPlaORF_BBA07_at			2.973	2.735
BburgPlaORF_BBA13_at			2.292	2.079
BburgPlaORF_BBA14_at			4.093	2.968
BburgPlaORF_BBA15_at			4.061	4.174
BburgPlaORF_BBA16_at			4.223	4.271
BburgPlaORF_BBA19_at			1.747	1.683
BburgPlaORF_BBA20_at			2.563	2.045
BburgPlaORF_BBA22_x_at			3.174	3.351
BburgPlaORF_BBA24_at			2.636	2.676
BburgPlaORF_BBA25_at			2.052	2.18
BburgPlaORF_BBA34_at			2.696	2.618
BburgPlaORF_BBA36_at			3.197	3.434
BburgPlaORF_BBA37_at			2.88	3.015
BburgPlaORF_BBA41_at			1.712	1.822
BburgPlaORF_BBA52_at			2.81	2.861
BburgPlaORF_BBA53_at			2.293	2.055
BburgPlaORF_BBA54_at			3.496	3.373
BburgPlaORF_BBA55_at			1.924	1.873
BburgPlaORF_BBA59_x_at			4.25	4.097
BburgPlaORF_BBA60_at			3.268	3.137
BburgPlaORF_BBA62_at			3.334	3.558
BburgPlaORF_BBA64_at			4.365	3.046
BburgPlaORF_BBA66_at			6.3	4.125
BburgPlaORF_BBA68_at			2.709	2.478
BburgPlaORF_BBA69_at			2.389	2.515
BburgPlaORF_BBA71_at			4.434	2.644
BburgPlaORF_BBA72_at			2.601	2.706
BburgPlaORF_BBA73_at			4.191	3.815
BburgPlaORF_BBA74_at			1.907	2.132
BburgPlaORF_BBB19_at			3.081	3.336
BburgPlaORF_BBC05_at			2.43	1.77
BburgPlaORF_BBC07_at			2.619	2.544
BburgPlaORF_BBC08_at			3.276	2.099
BburgPlaORF_BBC12_at			2.25	2.354
BburgPlaORF_BBD05_s_at			3.431	2.028
BburgPlaORF_BBD15.01_x_at			2.774	2.607
BburgPlaORF_BBD18_at			-1.601	1.731
BburgPlaORF_BBE06_at			1.891	1.683
BburgPlaORF_BBE08_x_at			2.314	2.173
BburgPlaORF_BBE15_at			4.874	2.822
BburgPlaORF_BBE16_at			5.313	3.483
BburgPlaORF_BBE17_at			5.678	4.989
BburgPlaORF_BBE18_at			3.056	1.906
BburgPlaORF_BBE20_at			3.321	1.965
BburgPlaORF_BBE21.1_x_at			3.286	2.908
BburgPlaORF_BBE21_at			5.796	4.088
BburgPlaORF_BBE22_at			6.375	5.152
BburgPlaORF_BBE23_at			2.862	2.732
BburgPlaORF_BBE29.1_x_at			3.536	2.351
BburgPlaORF_BBE31_at			4.724	3.678
BburgPlaORF_BBF16_s_at			-3.657	3.201
BburgPlaORF_BBF26_x_at			-1.985	1.856
BburgPlaORF_BBF32_at			-2.227	2.453
BburgPlaORF_BBG16_at			4.198	2.167
BburgPlaORF_BBG20_at			2.252	1.796
BburgPlaORF_BBG21_at			1.705	1.849
BburgPlaORF_BBG24_at			1.765	1.658
BburgPlaORF_BBH06_at			-5.565	4.761
BburgPlaORF_BBH12_at			2.237	2.131
BburgPlaORF_BBH13_at			-5.398	4.113
BburgPlaORF_BBH18_at			-4.137	2.642
BburgPlaORF_BBH31_at			-1.718	1.809
BburgPlaORF_BBH32_at			-2.255	2.213
BburgPlaORF_BBH34_at			3.45	1.826
BburgPlaORF_BBH37_at			-4.219	3.662
BburgPlaORF_BBI02_s_at			4.122	1.91
BburgPlaORF_BBI04_at			1.985	1.856
BburgPlaORF_BBI05_at			4.108	2.682
BburgPlaORF_BBI06_at			4.615	4.078
BburgPlaORF_BBI11_at			4.037	3.919
BburgPlaORF_BBI15_x_at			2.501	2.403
BburgPlaORF_BBI16_at			5.926	3.657
BburgPlaORF_BBI17_at			3.587	3.673
BburgPlaORF_BBI18_at			2.029	1.683
BburgPlaORF_BBI19_at			3.319	3.301
BburgPlaORF_BBI21_at			4.464	2.271
BburgPlaORF_BBI24_x_at			3.824	2.816
BburgPlaORF_BBI27_x_at			3.271	2.977
BburgPlaORF_BBI29_at			5.775	4.719
BburgPlaORF_BBI31_at			3.958	2.634
BburgPlaORF_BBI34_at			4.315	3.584
BburgPlaORF_BBI36_s_at			3.909	3.418
BburgPlaORF_BBI41_x_at			5.255	4.544
BburgPlaORF_BBJ02_s_at			2.554	2.118
BburgPlaORF_BBJ38_at			2.255	2.242
BburgPlaORF_BBJ45.1_at			2.477	2.23
BburgPlaORF_BBK18_x_at			-3.199	2.26
BburgPlaORF_BBK53_s_at			1.573	1.707
BburgPlaORF_BBL05_s_at			-1.995	2.161
BburgPlaORF_BBL09_s_at			-2.268	2.122
BburgPlaORF_BBL14_x_at			-2.923	2.354
BburgPlaORF_BBL28_at			1.687	1.805
BburgPlaORF_BBM28_x_at			2.415	2.522
BburgPlaORF_BBM32_at			2.012	1.798
BburgPlaORF_BBM38_at			2.373	2.635
BburgPlaORF_BBN14_x_at			-3.482	3.126
BburgPlaORF_BBO39_at			2.81	3.071
BburgPlaORF_BBO40_at			1.746	1.829
BburgPlaORF_BBP28_x_at			2.301	2.603
BburgPlaORF_BBQ01_x_at			3.086	3.334
BburgPlaORF_BBQ03_at			3.815	3.363
BburgPlaORF_BBQ05_at			4.333	3.587
BburgPlaORF_BBQ06_x_at			5.571	4.698
BburgPlaORF_BBQ07_at			3.914	3.284
BburgPlaORF_BBQ18_at			2.257	1.721
BburgPlaORF_BBQ35_at			4.083	3.236
BburgPlaORF_BBQ40_at			2.312	2.016
BburgPlaORF_BBQ41_at			3.091	3.282
BburgPlaORF_BBQ47_at			2.846	1.656
BburgPlaORF_BBQ57_at			2.022	1.961
BburgPlaORF_BBQ59_at			2.892	2.019
BburgPlaORF_BBQ68_x_at			3.93	2.818
BburgPlaORF_BBQ78_at			3.868	3.077
BburgPlaORF_BBR22_at			2.43	2.551
BburgPlaORF_BBR39_at			2.105	1.704
BburgPlaORF_BBS27_at			2.877	2.844
BburgPlaORF_BBS30_x_at			2.295	2.29
BburgPlaORF_BBS32_x_at			2.295	2.544
BburgPlaORF_BBS42_at			-2.496	2.394
BburgPlaORF_BBT03_at			2.023	1.699
BburgPlaORF_BBT04_x_at			2.534	1.721
BburgPlaORF_BBT06_s_at			2.642	1.814
BburgPlaORF_BBT07_at			3.929	3.275
BburgPlaORF_BBU03_x_at			7.599	5.229
BburgPlaORF_BBU04_at			4.693	3.465
BburgPlaORF_BBU05_at			3.737	3.578
BburgPlaORF_BBU09_x_at			5.342	4.295
Cbur00003_at			4.506	4.077
Cbur00008_at			1.804	1.888
Cbur00009_at	rpsU	30S ribosomal protein S21	2.315	2.37
Cbur00021_at			2.144	2.214
Cbur00022_at			2.64	2.142
Cbur00023_at			2.698	2.906
Cbur00029_at			3.477	2.806
Cbur00030_at			3.176	1.82
Cbur00032_at			3.187	2.664
Cbur00035_at	tolQ	TolQ	4.155	3.142
Cbur00036_at			3.211	1.855
Cbur00037_at			1.789	1.66
Cbur00042_at	ruvA	Holliday junction DNA helicase RuvA	2.349	1.665
Cbur00043_at	ruvC	Holliday junction resolvase	3.768	3.232
Cbur00045_at			2.708	2.44
Cbur00047_at			2.513	1.842
Cbur00050_at			2.892	2.631
Cbur00057_x_at			2.627	1.693
Cbur00059_at			2.553	1.685
Cbur00060_s_at			1.791	1.914
Cbur00063_at	nrdA	ribonucleotide-diphosphate reductase subunit alpha	2.957	2.638
Cbur00065_at			3.105	2.647
Cbur00066_at	ptsP	phosphoenolpyruvate-protein phosphotransferase	2.696	2.334
Cbur00067_at	lgt	prolipoprotein diacylglyceryl transferase	3.084	2.527
Cbur00076_s_at			3.38	2.489
Cbur00079_at			1.985	1.786
Cbur00083_at			3.156	1.725
Cbur00085_at	yibO	2,3-bisphosphoglycerate-independent phosphoglycerate mutase	2.035	1.882
Cbur00089_at			2.183	2.058
Cbur00091_at			2.424	1.73
Cbur00093_at			2.92	2.458
Cbur00094_at			2.647	2.082
Cbur00095_at			3.32	2.187
Cbur00099_at			2.804	2.296
Cbur00103_at			1.982	1.953
Cbur00106_at			3.135	2.405
Cbur00107_at			3.796	2.031
Cbur00112_at	gpsA	NAD(P)H-dependent glycerol-3-phosphate dehydrogenase	2.903	2.861
Cbur00113_at			3.922	2.733
Cbur00114_at			2.615	2.087
Cbur00118_at			2.517	1.862
Cbur00121_at			3.017	1.747
Cbur00122_at			4.35	2.586
Cbur00129_at			1.848	1.968
Cbur00130_at	lepA	GTP-binding protein LepA	2.969	3.091
Cbur00131_at			2.084	1.676
Cbur00132_at			3.618	2.41
Cbur00135_at	recO	DNA repair protein	3.257	2.033
Cbur00136_at			2.062	2.091
Cbur00138_at			2.893	2.916
Cbur00139_at			2.183	1.902
Cbur00141_at			3.138	2.37
Cbur00143_at			3.257	2.027
Cbur00145_at			3.191	2.988
Cbur00148_at			2.723	2.387
Cbur00151_at	gltX	glutamyl-tRNA synthetase	2.929	1.94
Cbur00155_x_at			2.336	1.692
Cbur00156_at			2.076	1.944
Cbur00157_at			4.863	2.776
Cbur00159_at			3.008	2.095
Cbur00166_at	oxyR	hydrogen peroxide-inducible genes activator	3.065	2.97
Cbur00168_at	gatB	aspartyl/glutamyl-tRNA amidotransferase subunit B	2.429	2.044
Cbur00171_at	gatA	aspartyl/glutamyl-tRNA amidotransferase subunit A	2.791	2.566
Cbur00174_at	mreB	rod shape-determining protein MreB	1.694	1.821
Cbur00176_at	mreD	rod shape-determining protein	2.835	2.519
Cbur00179_at	tldD	protease TldD	1.709	1.845
Cbur00180_at			1.986	1.858
Cbur00181_at			2.556	2.618
Cbur00188_at			2.88	2.166
Cbur00194_at			2.705	1.932
Cbur00196_at			2.585	2.525
Cbur00199_at			2.871	2.46
Cbur00200_at			2.304	2.156
Cbur00202_at	tpiA	triosephosphate isomerase	3.083	2.543
Cbur00204_at	nuoA	NADH dehydrogenase subunit A	2.377	2.632
Cbur00205_at	nuoB	NADH dehydrogenase subunit B	2.631	2.863
Cbur00206_at	nuoC	NADH dehydrogenase subunit C	2.723	2.251
Cbur00210_at	nuoF	NADH dehydrogenase subunit F	4.195	2.825
Cbur00213_at	nuoH	NADH dehydrogenase subunit H	3.289	2.541
Cbur00214_at	nuoI	NADH dehydrogenase subunit I	2.013	2.115
Cbur00216_at	nuoK	NADH dehydrogenase subunit K	4.024	3.198
Cbur00222_at			3.118	3.047
Cbur00224_at	infB	translation initiation factor IF-2	2.528	2.307
Cbur00227_at	truB	tRNA pseudouridine synthase B	3.437	1.737
Cbur00229_at			2.377	1.909
Cbur00231_s_at			4.772	4.429
Cbur00232_at			2.12	2.101
Cbur00233_at	hemB	delta-aminolevulinic acid dehydratase	2.566	2.694
Cbur00235_at	radA	DNA repair protein RadA	2.917	2.616
Cbur00240_at			2.77	2.008
Cbur00243_at			3.428	2.81
Cbur00246_at			1.827	1.975
Cbur00247_at			1.939	2.136
Cbur00253_at			2.422	1.799
Cbur00257_at	sdhD	succinate dehydrogenase membrane anchor subunit	4.248	2.316
Cbur00262_at	sucA	2-oxoglutarate dehydrogenase E1	3.497	3.153
Cbur00264_at	sucB	dihydrolipoyllysine-residue succinyltransferase, E2 component of oxoglutarate dehydrogenase (succinyl-transferring) complex	2.498	2.195
Cbur00265_at	sucC	succinyl-CoA synthetase subunit beta	2.526	1.689
Cbur00270_at			1.788	1.763
Cbur00273_at			1.99	1.68
Cbur00275_at			3.449	3.299
Cbur00279_at			2.656	2.072
Cbur00284_at	map	methionine aminopeptidase	3.758	2.335
Cbur00289_at	tsf	elongation factor Ts	3.691	2.281
Cbur00290_at	pyrH	uridylate kinase	2.289	2.307
Cbur00294_at	uppS	undecaprenyl pyrophosphate synthetase	1.881	1.789
Cbur00296_at			2.711	2.721
Cbur00300_at			3.988	1.688
Cbur00302_at			2.827	1.809
Cbur00306_at	pabB	para-aminobenzoate synthetase component I	3.555	3.186
Cbur00309_at			2.312	1.635
Cbur00310_at			3.713	2.374
Cbur00311_at			2.87	2.824
Cbur00312_at			2.789	1.931
Cbur00315_at			2.454	1.851
Cbur00319_at			3.333	2.318
Cbur00321_at			2.056	2.159
Cbur00324_at			2.551	2.43
Cbur00325_at	csdB	cysteine desulfurase	2.138	2.112
Cbur00326_at			2.509	2.217
Cbur00328_at			2.569	1.956
Cbur00331_at	ftsH	ATP-dependent metallopeptidase HflB	3.531	2.399
Cbur00335_at	glmM	phosphoglucosamine mutase	3.334	1.698
Cbur00339_at			2.796	2.082
Cbur00341_at			2.093	1.956
Cbur00345_at	guaB	inosine-5'-monophosphate dehydrogenase	2.403	2.257
Cbur00347_at			3.547	3.146
Cbur00351_at	dnaE	DNA polymerase III subunit alpha	3.445	2.97
Cbur00356_at			2.859	2.68
Cbur00360_at			2.445	2.246
Cbur00362_at			2.557	1.951
Cbur00366_at			3.571	3.308
Cbur00367_s_at			2.293	1.723
Cbur00368_at			2.123	2.396
Cbur00371_at	infC	translation initiation factor IF-3	2.805	2.214
Cbur00378_at	pheT	phenylalanyl-tRNA synthetase subunit beta	3.933	2.707
Cbur00380_at	ihfA	integration host factor subunit alpha	2.241	2.151
Cbur00381_at			3.377	2.663
Cbur00383_at			3.016	2.786
Cbur00384_at			2.457	1.92
Cbur00389_at			2.974	2.716
Cbur00390_x_at			2.182	2.294
Cbur00391_at			2.182	1.893
Cbur00392_at			3.254	1.852
Cbur00395_at			2.6	1.825
Cbur00396_at			3.645	2.637
Cbur00399_at	smpB	SsrA-binding protein	4.127	3.037
Cbur00400_at			3.252	3.174
Cbur00401_at			3.071	2.252
Cbur00402_at			3.121	2.534
Cbur00403_at	fur	ferric uptake regulation protein	3.223	3.19
Cbur00406_at			3.302	2.682
Cbur00407_at			3.152	1.885
Cbur00408_at	recN	DNA repair protein	2.524	1.772
Cbur00411_at			4.275	2.85
Cbur00413_at			2.537	2.449
Cbur00415_at	dnaK	molecular chaperone DnaK	2.17	2.28
Cbur00417_at	dnaJ	molecular chaperone DnaJ	2.962	1.703
Cbur00421_at			3.154	2.423
Cbur00423_at			2.988	2.203
Cbur00430_at			2.026	1.705
Cbur00431_at			2.005	2.056
Cbur00433_at			2.923	2.072
Cbur00434_at	greA	transcription elongation factor	3.25	2.844
Cbur00437_at			2.617	1.716
Cbur00439_at	eda	2-dehydro-3-deoxyphosphooctonate aldolase	1.994	1.872
Cbur00440_at			1.744	1.649
Cbur00441_at	RspA	mandelate racemase	2.101	1.858
Cbur00442_at			2.381	2.22
Cbur00444_at			2.601	1.963
Cbur00446_at			2.429	2.13
Cbur00447_at			3.78	2.956
Cbur00454_at			2.344	2.463
Cbur00456_at	lipA	lipoyl synthase	2.039	2.155
Cbur00459_at			3.289	2.024
Cbur00462_at			3.24	1.747
Cbur00464_at			2.811	2.353
Cbur00465_at			1.971	2.075
Cbur00468_at	ndk	nucleoside diphosphate kinase	2.231	1.7
Cbur00473_at			3.297	2.43
Cbur00478_s_at			2.605	1.937
Cbur00479_at			2.367	1.892
Cbur00480_at			2.372	2.633
Cbur00481_at	hisS	histidyl-tRNA synthetase	3.945	3.258
Cbur00482_at			1.967	1.87
Cbur00486_at			2.529	2.004
Cbur00488_at			3.676	2.518
Cbur00489_at	xseA	exodeoxyribonuclease VII large subunit	2.879	2.1
Cbur00492_at	mdh	malate dehydrogenase	2.665	2.544
Cbur00494_at	gcp	DNA-binding/iron metalloprotein/AP endonuclease	2.524	2.618
Cbur00495_at			2.704	1.737
Cbur00496_at			2.546	2.126
Cbur00497_at			1.933	1.693
Cbur00500_at			4.032	3.01
Cbur00503_s_at			2.65	2.178
Cbur00505_at			4.441	3.252
Cbur00508_at			2.468	2.639
Cbur00511_at			2.523	2.237
Cbur00516_at	kdgK	2-dehydro-3-deoxygluconokinase	2.928	1.728
Cbur00517_at	dapA	4-hydroxy-tetrahydrodipicolinate synthase	2.126	2.147
Cbur00518_at			2.33	2.358
Cbur00519_at	purC	phosphoribosylaminoimidazole-succinocarboxamide synthase	3.138	2.623
Cbur00521_at			2.646	2.895
Cbur00526_at			2.619	1.686
Cbur00527_at			3.381	2.303
Cbur00528_at			4.138	3.927
Cbur00529_at			3.097	1.665
Cbur00531_at			2.436	2.714
Cbur00539_at			2.497	1.906
Cbur00542_at			3.307	2.991
Cbur00545_at			2.353	2.378
Cbur00549_at			2.884	2.004
Cbur00551_at	icd	NADP	2.921	1.834
Cbur00554_at			2.08	2.154
Cbur00556_at	infA	translation initiation factor IF-1	3.095	3.199
Cbur00557_at			1.725	1.674
Cbur00558_at	trxB	thioredoxin-disulfide reductase	2.115	2.019
Cbur00560_s_at			3.472	3.151
Cbur00561_at	ftsK	DNA translocase FtsK	1.847	1.84
Cbur00562_at	lolA	outer-membrane lipoproteins carrier protein	2.287	2.339
Cbur00564_at			1.854	1.683
Cbur00565_at	serS	seryl-tRNA synthetase	2.592	2.398
Cbur00566_at			3.068	2.216
Cbur00577_at	iscS	class V aminotransferase	4.229	2.387
Cbur00582_at			2.727	2.463
Cbur00585_at	phrB	deoxyribodipyrimidine photolyase	3.105	2.115
Cbur00587_at			2.911	1.985
Cbur00592_at			3.123	2.187
Cbur00595_at			1.711	1.818
Cbur00596_at			2.64	2.871
Cbur00597_at			3.321	3.387
Cbur00599_at			2.713	1.913
Cbur00602_at			2.678	2.297
Cbur00603_at			4.258	3.361
Cbur00604_at			2.472	2.622
Cbur00606_at			1.642	1.678
Cbur00610_at			2.574	2.251
Cbur00611_at			2.999	1.772
Cbur00615_at	trpA	tryptophan synthase subunit alpha	3.198	2.232
Cbur00616_at	trpBF	bifunctional phosphoribosylanthranilate isomerase/tryptophan synthase subunit beta	4.297	3.02
Cbur00617_at	trpC	indole-3-glycerol phosphate synthase	2.013	2.032
Cbur00625_at			2.767	2.65
Cbur00626_s_at			3.866	2.129
Cbur00627_at			3.071	2.078
Cbur00629_at	mfd	transcription-repair coupling factor	2.97	2.293
Cbur00631_at			4.033	2.816
Cbur00632_at			2.329	1.67
Cbur00634_x_at			3.002	1.882
Cbur00636_at			2.35	2.017
Cbur00640_at	secF	preprotein translocase subunit SecF	2.596	2.288
Cbur00644_at			1.945	1.889
Cbur00648_at			1.852	1.867
Cbur00650_at			3.636	3.626
Cbur00651_at	suhB	myo-inositol-1(or 4)-monophosphatase	2.509	2.594
Cbur00654_at			2.693	2.953
Cbur00655_at	iscS	class V aminotransferase	3.185	1.791
Cbur00658_at			3.038	2.98
Cbur00661_at			2.105	2.016
Cbur00662_at			2.579	2.43
Cbur00667_at			2.565	2.331
Cbur00669_at	etfA	electron transfer flavoprotein subunit alpha	3.172	2.162
Cbur00671_at			2.156	2.201
Cbur00672_at			3.038	2.132
Cbur00677_at			2.722	2.276
Cbur00682_at			2.922	1.829
Cbur00684_at			2.717	2.885
Cbur00688_at			2.235	2.311
Cbur00693_at			4.093	2.132
Cbur00698_at	fumC	fumarate hydratase	1.873	1.633
Cbur00704_at			2.669	2.086
Cbur00705_at	vacB	ribonuclease R	2.077	1.663
Cbur00709_at			2.802	2.459
Cbur00716_at			3.168	3.296
Cbur00717_at	mutL	DNA mismatch repair protein	2.888	2.047
Cbur00718_at	miaA	tRNA delta(2)-isopentenylpyrophosphate transferase	3.684	2.356
Cbur00724_at			3.232	1.889
Cbur00725_at			2.682	2.773
Cbur00729_at	nagZ	beta-hexosaminidase	2.217	2.2
Cbur00734_at			3.487	2.366
Cbur00739_at	tgt	queuine tRNA-ribosyltransferase	2.693	1.823
Cbur00742_at			2.218	1.844
Cbur00744_at			3.337	2.488
Cbur00748_at			1.975	1.812
Cbur00750_at			2.943	1.745
Cbur00752_at			3.051	2.522
Cbur00753_at			3.63	2.906
Cbur00756_at			2.799	2.24
Cbur00757_at			4.422	3.573
Cbur00758_at			3.424	2.926
Cbur00759_at			1.832	2.029
Cbur00761_at	mutS	DNA mismatch repair protein MutS	3.555	3.375
Cbur00762_at			4.194	4.152
Cbur00764_at	recA	recombinase A	2.411	2.554
Cbur00769_at			3.493	3.209
Cbur00773_at			2.962	1.746
Cbur00776_at			3.967	2.898
Cbur00781_at			3.256	1.821
Cbur00784_at	cyoC	cytochrome c oxidase polypeptide III	2.066	1.804
Cbur00791_at	pgsA	CDP-diacylglycerol--glycerol-3-phosphate 3-phosphatidyltransferase	2.42	2.216
Cbur00795_at			3.443	2.608
Cbur00798_at			2.431	2.179
Cbur00799_at			2.247	2.032
Cbur00802_at			2.708	1.664
Cbur00804_at			3.247	2.701
Cbur00805_at			3.234	3.028
Cbur00807_at			2.944	1.706
Cbur00809_at			2.71	2.824
Cbur00814_at			2.334	1.704
Cbur00817_at			3.693	3.492
Cbur00826_at			2.517	2.649
Cbur00827_at			4.252	2.726
Cbur00829_at			3.598	2.278
Cbur00832_at			2.379	1.642
Cbur00833_at			2.466	2.301
Cbur00834_at	purA	adenylosuccinate synthetase	1.868	1.911
Cbur00835_at			2.134	2.142
Cbur00837_at			3.739	3.013
Cbur00839_at	def	peptide deformylase	2.842	2.937
Cbur00840_at			2.523	1.933
Cbur00841_at			2.948	1.977
Cbur00842_at			3.781	2.026
Cbur00844_at			2.537	2.525
Cbur00845_at	ung	uracil-DNA glycosylase	2.896	2
Cbur00848_at			2.98	2.123
Cbur00849_at			3.334	2.674
Cbur00856_at			3.349	1.723
Cbur00859_at			2.761	2.133
Cbur00861_at			3.348	2.636
Cbur00862_at			2.55	2.112
Cbur00865_at			2.918	2.181
Cbur00866_at	pyrD	dihydroorotate dehydrogenase 2	1.869	2.02
Cbur00869_at			2.578	1.788
Cbur00871_at			3.751	2.915
Cbur00874_at			2.935	2.627
Cbur00877_at			3.823	2.385
Cbur00880_at			3.692	3.335
Cbur00881_at			1.977	2.133
Cbur00885_at			2.541	2.389
Cbur00890_at			3.241	2.11
Cbur00893_at			2.551	2.71
Cbur00898_at			3.025	1.945
Cbur00899_at			4.026	2.433
Cbur00904_at			2.468	2.39
Cbur00908_at			3.327	2.285
Cbur00915_at			1.991	2.125
Cbur00921_at			2.002	2.14
Cbur00922_at			1.979	1.731
Cbur00925_at			3.796	3.725
Cbur00926_at			2.04	1.762
Cbur00927_at			4.679	3.935
Cbur00929_at	glpD	glycerol-3-phosphate dehydrogenase	2.096	2.36
Cbur00930_at			3.086	2.442
Cbur00931_at			3.668	2.335
Cbur00933_at	mmsA	malonate-semialdehyde dehydrogenase (acetylating)	2.363	2.109
Cbur00936_at			1.858	1.85
Cbur00940_at			4.448	3.267
Cbur00943_at			2.458	1.956
Cbur00944_at			2.825	2.057
Cbur00947_at			2.114	1.897
Cbur00950_at			2.523	1.921
Cbur00951_at			2.692	2.259
Cbur00952_at			2.574	2.118
Cbur00953_at			2.134	1.989
Cbur00955_at			2.795	2.091
Cbur00957_at			3.778	2.301
Cbur00960_at			2.886	2.202
Cbur00961_at	ispZ	intracellular septation protein A	2.776	2.059
Cbur00962_at			3.301	3.294
Cbur00965_at	rpmE	50S ribosomal protein L31	1.802	1.925
Cbur00971_at			2.629	1.638
Cbur00973_at			3.165	1.631
Cbur00974_at			2.296	1.641
Cbur00976_at			3.3	3.017
Cbur00982_at			3.223	2.427
Cbur00984_at			2.85	1.978
Cbur00985_at			4.592	3.662
Cbur00991_at			3.971	3.399
Cbur00992_at			3.282	1.873
Cbur00996_at			2.631	2.065
Cbur01004_x_at			2.97	2.161
Cbur01007_at			2.033	1.741
Cbur01008_at			2.661	2.034
Cbur01009_at			2.213	2.373
Cbur01012_at			3.102	2.361
Cbur01018_at	dnaB	replicative DNA helicase	2.124	2.202
Cbur01019_at	rplI	50S ribosomal protein L9	3.128	2.369
Cbur01020_at			2.398	1.936
Cbur01023_at			3.885	3.277
Cbur01027_at			2.446	2.614
Cbur01029_at	nadE	glutamine-dependent NAD(+) synthetase	2.61	2.491
Cbur01038_at			3.234	2.287
Cbur01040_at	mgsA	methylglyoxal synthase	3.271	2.044
Cbur01042_at	pnp	polynucleotide phosphorylase	2.012	1.781
Cbur01043_at	rpsO	30S ribosomal protein S15	2.967	2.342
Cbur01044_at			3.632	3.607
Cbur01045_at	galU	UTP-glucose-1-phosphate uridylyltransferase	2.927	2.538
Cbur01049_at			3.32	3.474
Cbur01052_at			2.615	1.86
Cbur01053_at			2.013	2.024
Cbur01057_at	wecB	UDP-N-acetylglucosamine 2-epimerase	3.344	1.964
Cbur01058_at			3.037	2.815
Cbur01060_at			3.421	3.195
Cbur01063_at			3.09	2.314
Cbur01066_at			2.844	1.864
Cbur01067_at			2.836	2.715
Cbur01068_at			2.258	2.324
Cbur01070_at			3.144	1.914
Cbur01072_at			2.209	2.371
Cbur01073_at			5.049	2.712
Cbur01079_at	purB	adenylosuccinate lyase	2.652	1.969
Cbur01081_at			2.012	2.096
Cbur01082_at			3.171	2.247
Cbur01091_at			1.629	1.664
Cbur01096_at			1.88	1.945
Cbur01100_at			1.831	1.862
Cbur01102_at			2.332	2.146
Cbur01103_at			2.105	1.887
Cbur01106_at			2.783	2.794
Cbur01110_at			2.588	2.679
Cbur01113_at			2.56	2.464
Cbur01114_at			2.629	2.14
Cbur01120_at			4.502	2.503
Cbur01123_at			2.603	1.967
Cbur01129_at			2.422	2.182
Cbur01130_x_at			3.354	2.42
Cbur01131_x_at			2.372	2.07
Cbur01134_at			3.866	3.721
Cbur01137_at			1.994	1.871
Cbur01144_at			3.079	2.687
Cbur01147_at			3.02	2.202
Cbur01149_at			2.092	2.079
Cbur01152_at	prpB	2-methylisocitrate lyase	2.269	2.104
Cbur01153_at			2.024	1.873
Cbur01154_at			3.007	2.936
Cbur01155_at			3.51	2.673
Cbur01156_at			4.53	1.904
Cbur01157_at			2.949	2.591
Cbur01162_at			3.247	3.441
Cbur01163_at			2.814	1.726
Cbur01164_at			1.572	1.7
Cbur01165_x_at			1.998	2.036
Cbur01169_at			2.5	1.785
Cbur01170_at	rluD	ribosomal large subunit pseudouridine synthase D	1.987	2.053
Cbur01174_at			3.587	2.616
Cbur01175_at			3.326	2.273
Cbur01177_at			3.076	2.469
Cbur01178_at			3.348	2.786
Cbur01179_at	murA	UDP-N-acetylglucosamine 1-carboxyvinyltransferase	2.288	2.315
Cbur01180_at			2.578	2.204
Cbur01183_at			2.158	2.234
Cbur01184_at			2.894	1.965
Cbur01185_at			5.301	4.167
Cbur01186_at			1.917	1.843
Cbur01188_at	ptsH	phosphocarrier protein HPr	4.327	3.532
Cbur01191_at	pmbA	TldD/PmbA family protein	2.091	2.154
Cbur01193_at			1.858	1.832
Cbur01195_at	tig	trigger factor	2.841	2.465
Cbur01202_at			2.427	2.586
Cbur01203_at			3.614	2.814
Cbur01206_at			2.644	2.158
Cbur01207_at			2.82	2.63
Cbur01212_at			3.926	2.62
Cbur01213_at			2.26	2.299
Cbur01219_at			2.638	1.786
Cbur01224_at			2.943	2.571
Cbur01229_at			3.948	3.189
Cbur01231_at			3.304	1.668
Cbur01233_at			2.408	1.733
Cbur01234_at			4.042	3.812
Cbur01237_at			2.606	2.196
Cbur01239_at			3.399	2.29
Cbur01243_at			3.485	3.116
Cbur01244_at			3.061	1.992
Cbur01247_at			2.344	2.112
Cbur01249_at			3.275	1.948
Cbur01253_at			3.626	2.374
Cbur01254_at			3.142	3.137
Cbur01256_at			3.639	3.318
Cbur01259_at	gmd	GDP-mannose 4,6-dehydratase	2.691	2.743
Cbur01260_at	wcaG	GDP-L-fucose synthase	3.066	2.039
Cbur01263_at			3.131	2.281
Cbur01264_at			3.602	3.517
Cbur01269_at			1.982	2.041
Cbur01271_at			2.769	2.229
Cbur01274_at			2.625	2.719
Cbur01276_at			3.313	2.912
Cbur01277_at			4.056	2.931
Cbur01278_at			3.267	2.648
Cbur01279_at			3.606	2.243
Cbur01280_at			3.515	2.617
Cbur01287_at			2.919	2.397
Cbur01297_at			3.353	1.858
Cbur01299_at			2.609	2.57
Cbur01304_at			2.306	2.54
Cbur01305_at			3.037	2.368
Cbur01308_at			2.68	2.939
Cbur01310_at			2.461	2.704
Cbur01311_at			2.377	1.804
Cbur01315_at	ribH	6,7-dimethyl-8-ribityllumazine synthase	2.673	2.081
Cbur01319_at			2.639	2.012
Cbur01321_at			2.854	2.069
Cbur01323_at			2.899	2.475
Cbur01324_at			2.793	2.832
Cbur01326_at			2.365	2.08
Cbur01327_at			3.316	2.921
Cbur01328_at			2.271	2.283
Cbur01332_at	purL	phosphoribosylformylglycinamidine synthase	2.193	1.84
Cbur01333_at	mip	peptidyl-prolyl cis-trans isomerase Mip	2.642	2.513
Cbur01335_at	putA	bifunctional proline dehydrogenase/pyrroline-5-carboxylate dehydrogenase	2.221	1.706
Cbur01336_at	ppa	inorganic diphosphatase	1.992	1.74
Cbur01338_at			3.153	2.214
Cbur01342_at			3.296	2.497
Cbur01345_at			2.239	1.665
Cbur01346_at	lpxB	lipid-A-disaccharide synthase	2.071	1.698
Cbur01350_at			3.652	3.468
Cbur01351_at			3.576	2.103
Cbur01353_at	fabZ	(3R)-hydroxymyristoyl-ACP dehydratase	2.671	2.613
Cbur01355_at	lpxD	UDP-3-O-[3-hydroxymyristoyl] glucosamine N-acyltransferase	2.71	2.544
Cbur01356_at			1.646	1.724
Cbur01357_at			3.06	2.737
Cbur01359_at			2.763	2.702
Cbur01362_at	mvaD	diphosphomevalonate decarboxylase/isopentenyl-diphosphate delta-isomerase	4.094	3.692
Cbur01364_at			1.856	1.845
Cbur01369_at			2.274	1.782
Cbur01371_at			2.804	1.896
Cbur01379_at			2.031	1.701
Cbur01381_at			1.576	1.717
Cbur01383_at	nadA	quinolinate synthetase	2.288	1.965
Cbur01386_at			3.199	1.811
Cbur01387_at			2.1	2.014
Cbur01390_at			2.935	1.952
Cbur01393_at			1.97	1.731
Cbur01395_s_at	yfcX	fatty oxidation complex subunit alpha	3.294	1.769
Cbur01396_at			3.969	2.689
Cbur01398_at			2.084	2.172
Cbur01400_at			2.226	2.231
Cbur01403_at			3.132	2.659
Cbur01404_at			2.347	2.217
Cbur01407_at			3.72	2.658
Cbur01409_at			2.455	2.531
Cbur01410_at			2.946	2.918
Cbur01411_at	cutE	apolipoprotein N-acyltransferase	2.376	1.905
Cbur01412_x_at			2.684	2.394
Cbur01416_at			2.738	2.597
Cbur01417_at	leuS	leucyl-tRNA synthetase	2.653	1.673
Cbur01425_at			2.478	1.922
Cbur01428_at	pbpA	penicillin-binding protein	1.868	1.879
Cbur01430_at	rodA	rod shape-determining protein	2.722	2.052
Cbur01432_at			2.854	1.8
Cbur01438_at			2.964	1.954
Cbur01439_at	ligA	NAD-dependent DNA ligase	1.866	2.092
Cbur01441_at			3.036	1.781
Cbur01443_at			3.064	2.54
Cbur01445_at			2.126	2.004
Cbur01446_x_at			2.791	1.745
Cbur01447_x_at			3.386	2.792
Cbur01448_x_at			4.626	2.963
Cbur01451_at			3.723	2.445
Cbur01452_at	rfe	undecaprenyl-phosphate alpha-N-acetylglucosaminyltransferase	3.16	2.144
Cbur01455_at			2.33	1.752
Cbur01456_at			4.001	2.3
Cbur01459_at			1.998	1.716
Cbur01460_at	serC	phosphoserine aminotransferase	2.753	2.414
Cbur01461_at	gyrA	DNA gyrase subunit A	2.937	2.426
Cbur01464_at			2.267	2.08
Cbur01465_at			3.254	3.165
Cbur01471_at			4.362	2.272
Cbur01472_at			3.724	2.252
Cbur01481_at			2.593	2.008
Cbur01485_at	trpR	Trp operon repressor	2.419	1.768
Cbur01487_at			2.982	2.649
Cbur01488_at	recJ	single-stranded-DNA-specific exonuclease	2.947	2.864
Cbur01490_at			2.873	2.933
Cbur01493_x_at			3.945	3.483
Cbur01496_at	tmk	thymidylate kinase	3.567	2.217
Cbur01497_at			3.179	2.194
Cbur01499_at			2.351	2.499
Cbur01503_at	fabH	3-oxoacyl-ACP synthase III	2.096	1.952
Cbur01506_at			2.187	1.766
Cbur01507_at			3.248	2.399
Cbur01510_at	rluC	ribosomal large subunit pseudouridine synthase C	3.352	3.211
Cbur01511_at			2.673	2.787
Cbur01513_at			3.65	2.971
Cbur01514_at			2.644	2.515
Cbur01515_at			2.555	2.65
Cbur01518_at			1.906	1.673
Cbur01519_at	kdsB	3-deoxy-manno-octulosonate cytidylyltransferase	2.347	2.142
Cbur01522_at			2.107	1.805
Cbur01523_at			2.917	2.304
Cbur01528_at			3.099	3.062
Cbur01529_at			2.884	2.136
Cbur01531_at	recQ	ATP-dependent DNA helicase	1.921	1.815
Cbur01535_at			2.849	2.075
Cbur01537_at	xseB	exodeoxyribonuclease VII small subunit	2.736	3.055
Cbur01538_at			1.929	1.923
Cbur01542_at	lpdA	dihydrolipoyl dehydrogenase, E3 component of pyruvate dehydrogenases complex	3.678	2.66
Cbur01543_at	pdhC	dihydrolipoyllysine-residue acetyltransferase E2 component of pyruvate dehydrogenase complex	2.152	2.162
Cbur01544_at			1.901	1.638
Cbur01545_at			2.461	2.508
Cbur01548_at			3.268	2.465
Cbur01553_at			2.411	2.459
Cbur01555_at			2.2	2.405
Cbur01557_at			3.018	2.162
Cbur01558_at			2.023	1.811
Cbur01559_at			2.391	2.452
Cbur01562_at			2.66	2.125
Cbur01564_at			2.643	2.02
Cbur01565_at			1.883	2.114
Cbur01568_at	rpsP	30S ribosomal protein S16	2.626	2.173
Cbur01571_at	trmD	tRNA (guanine-N(1)-)-methyltransferase	3.838	2.541
Cbur01573_at	rplS	50S ribosomal protein L19	2.48	2.197
Cbur01577_at			4.081	4.085
Cbur01578_at			2.932	2.455
Cbur01579_at			2.876	2.251
Cbur01582_at			2.263	1.953
Cbur01584_at			2.588	2.487
Cbur01588_at	lysS	lysyl-tRNA synthetase	2.763	1.733
Cbur01590_at			2.047	2.181
Cbur01600_at			3.436	2.356
Cbur01602_at			2.713	1.989
Cbur01603_at			3.718	2.58
Cbur01604_at			2.377	1.983
Cbur01613_at			2.972	2.94
Cbur01622_at			2.976	2.438
Cbur01624_at			4.135	2.846
Cbur01626_at			4.137	4.057
Cbur01629_at			3.469	1.852
Cbur01631_at	lspA	lipoprotein signal peptidase	2.706	2.854
Cbur01634_at			3.084	2.024
Cbur01639_at	rpsT	30S ribosomal protein S20	2.61	1.658
Cbur01642_at	rpmA	50S ribosomal protein L27	2.818	2.466
Cbur01644_at	rplU	50S ribosomal protein L21	2.243	1.961
Cbur01649_at	ispB	polyprenyl synthetase	2.488	2.716
Cbur01650_at			3.445	2.813
Cbur01652_at			3.52	2.56
Cbur01655_at			3.722	2.88
Cbur01657_at			2.661	2.401
Cbur01660_at			3.157	1.753
Cbur01663_at			3.231	2.288
Cbur01664_at			3.599	2.73
Cbur01671_at			3.868	1.654
Cbur01672_at			2.958	2.051
Cbur01673_at			2.885	2.247
Cbur01687_at			2.468	1.823
Cbur01689_at			2.15	1.687
Cbur01692_at			3.282	2.438
Cbur01695_at	gph	phosphoglycolate phosphatase	2.371	2.367
Cbur01704_at	pfkA	6-phosphofructokinase	2.018	2.173
Cbur01705_at			2.989	3.034
Cbur01706_at			1.942	1.804
Cbur01707_at	pepN	aminopeptidase	2.702	2.795
Cbur01708_at	fis	Fis family transcriptional regulator	4.044	2.038
Cbur01715_at	thiS	sulfur carrier protein ThiS	1.967	1.889
Cbur01717_at			2.392	2.361
Cbur01718_at	thiC	thiamine biosynthesis protein ThiC	3.887	2.617
Cbur01722_at			3.45	2.227
Cbur01724_x_at			2.543	2.811
Cbur01726_at			1.997	1.64
Cbur01728_at			2.321	1.87
Cbur01736_at			3.447	2.904
Cbur01737_at	dnaQ	DNA polymerase III subunit epsilon	3.382	3.245
Cbur01740_at			3.112	3.163
Cbur01741_at			3.557	2.589
Cbur01744_s_at			4.224	3.614
Cbur01745_at			2.137	1.981
Cbur01746_s_at	htpG	heat shock protein 90	3.127	1.842
Cbur01748_at			2.902	2.474
Cbur01749_at			2.172	2.036
Cbur01753_at	spoT	GTP pyrophosphokinase	3.362	1.974
Cbur01755_at	gmk	guanylate kinase	3.288	2.837
Cbur01756_at			2.702	2.405
Cbur01757_at	rph	ribonuclease PH	2.297	2.406
Cbur01759_at	xth	exodeoxyribonuclease III	2.481	2.723
Cbur01761_at			2.518	2.741
Cbur01767_at			1.907	1.72
Cbur01768_at	rpmB	50S ribosomal protein L28	3.393	2.681
Cbur01771_at			3.436	3.464
Cbur01774_at	folK-2	2-amino-4-hydroxy-6-hydroxymethyldihydropteridine diphosphokinase	3.49	2.066
Cbur01776_at	pcnB	poly(A) polymerase	3.559	1.839
Cbur01777_at			2.301	2.496
Cbur01778_at			2.806	1.755
Cbur01781_at			3.008	2.763
Cbur01782_at	dinP	DNA polymerase IV	2.828	2.228
Cbur01785_at			2.918	2.565
Cbur01787_at			2.612	2.513
Cbur01789_at			3.925	2.192
Cbur01790_at	hemE	uroporphyrinogen decarboxylase	2.589	2.709
Cbur01793_at	uvrA	excinuclease ABC subunit A	2.395	2.352
Cbur01794_at			2.463	2.397
Cbur01795_at			2.561	2.081
Cbur01796_at	ssb	single-stranded DNA-binding protein	3.064	2.95
Cbur01798_at			2.545	2.768
Cbur01801_at			2.588	2.466
Cbur01803_at			2.172	1.643
Cbur01805_at	rplQ	50S ribosomal protein L17	3.295	2.718
Cbur01806_at	rpoA	DNA-directed RNA polymerase subunit alpha	2.795	2.063
Cbur01808_at	rpsK	30S ribosomal protein S11	1.943	2.184
Cbur01810_at			2.871	3.066
Cbur01812_at	secY	preprotein translocase subunit SecY	2.347	2.258
Cbur01817_at	rplR	50S ribosomal protein L18	2.895	2.252
Cbur01818_at	rplF	50S ribosomal protein L6	3.003	2.224
Cbur01820_at	rpsH	30S ribosomal protein S8	2.728	1.838
Cbur01821_at	rpsN	30S ribosomal protein S14	3.019	2.621
Cbur01822_at	rplE	50S ribosomal protein L5	3.787	3.165
Cbur01824_at	rplX	50S ribosomal protein L24	2.603	2.505
Cbur01827_at	rpsQ	30S ribosomal protein S17	1.798	1.779
Cbur01828_at	rpmC	50S ribosomal protein L29	4.255	4.1
Cbur01835_at	rpsS	30S ribosomal protein S19	2.445	2.028
Cbur01837_at	rplB	50S ribosomal protein L2	2.461	2.092
Cbur01839_at	rplW	50S ribosomal protein L23	3.401	2.977
Cbur01841_at	rplD	50S ribosomal protein L4	2.222	2.037
Cbur01843_at	rpsJ	30S ribosomal protein S10	3.011	2.421
Cbur01845_s_at			3.086	2.188
Cbur01852_at	rpoC	DNA-directed RNA polymerase subunit beta'	1.868	1.796
Cbur01858_at	rplJ	50S ribosomal protein L10	2.204	1.894
Cbur01864_at	nusG	transcription termination/antitermination factor NusG	3.047	2.61
Cbur01865_at	secE	protein translocase subunit	2.189	2.361
Cbur01868_s_at			2.093	1.988
Cbur01872_at			1.962	2.094
Cbur01873_at			2.306	2.178
Cbur01876_at			2.065	2.154
Cbur01878_at			3.128	1.827
Cbur01879_at			3.044	2.338
Cbur01882_at			2.77	1.942
Cbur01886_at			2.751	1.755
Cbur01887_at			2.587	2.189
Cbur01888_at			3.32	2.029
Cbur01889_at			3.24	2.349
Cbur01890_at			3.966	2.392
Cbur01894_at			4.502	4.339
Cbur01895_at			2.68	2.306
Cbur01897_at			3.568	2.23
Cbur01898_at			2.867	2.947
Cbur01900_at			3.854	3.823
Cbur01902_at			4.289	2.499
Cbur01903_at			1.936	2.129
Cbur01906_at			2.822	1.735
Cbur01909_at			2.552	1.716
Cbur01915_at			3.635	1.961
Cbur01917_at			2.012	1.847
Cbur01919_at			2.533	1.686
Cbur01921_at			4.035	2.785
Cbur01930_at	tyrS	tyrosyl-tRNA synthetase	2.225	1.975
Cbur01935_at			2.635	2.791
Cbur01937_at			2.051	1.817
Cbur01938_at			3.161	2.535
Cbur01939_at			3.547	2.083
Cbur01940_at			3.35	2.462
Cbur01943_at			2.303	2.404
Cbur01945_s_at	pksH	enoyl-CoA hydratase	3.166	2.234
Cbur01946_at			2.528	2.3
Cbur01947_at			2.056	2.037
Cbur01948_at			3.085	2.252
Cbur01955_at			2.467	2.516
Cbur01959_at			2.796	2.32
Cbur01960_at			3.644	2.895
Cbur01963_at	pilA	type IV-A pilin protein PilA	1.721	1.708
Cbur01969_at	pilD	type 4 prepilin peptidase	2.013	2.177
Cbur01971_at			4.512	3.859
Cbur01974_x_at			3.001	3.015
Cbur01975_at	mutT	7,8-dihydro-8-oxoguanine-triphosphatase	2.325	2.264
Cbur01977_at			2.915	1.705
Cbur01978_at			2.361	2.36
Cbur01980_x_at			2.013	1.931
Cbur01983_at	ftsA	cell division protein	2.12	1.645
Cbur01984_at			2.631	1.682
Cbur01987_at	ftsQ	cell division protein	3.722	2.546
Cbur01988_at	murB	UDP-N-acetylenolpyruvoylglucosamine reductase	2.454	2.195
Cbur01989_at	murC	UDP-N-acetylmuramate--L-alanine ligase	4.034	2.478
Cbur01992_at			1.92	1.762
Cbur01995_at	murD	UDP-N-acetylmuramoyl-L-alanyl-D-glutamate synthetase	2.592	2.097
Cbur01996_at			3.989	2.507
Cbur01999_at			2.139	1.68
Cbur02007_at	murF	UDP-N-acetylmuramoyl-tripeptide--D-alanyl-D-alanine ligase	2.899	2.191
Cbur02008_at	murE	UDP-N-acetylmuramoylalanyl-D-glutamate--2,6-diaminopimelate ligase	2.114	1.965
Cbur02013_at			2.893	1.833
Cbur02017_at			2.623	2.735
Cbur02019_at			2.877	2.923
Cbur02020_at			3.917	3.278
Cbur02024_at			3.014	3.109
Cbur02027_at			2.407	1.94
Cbur02035_at			3.429	2.062
Cbur02038_at	nadB	L-aspartate oxidase	3.621	3.428
Cbur02042_at	sixA	phosphohistidine phosphatase SixA	3.03	2.115
Cbur02047_at	pssA	CDP-diacylglycerol--serine O-phosphatidyltransferase	2.356	1.998
Cbur02048_at			1.903	1.809
Cbur02053_at			3.707	2.193
Cbur02056_at			3.531	2.641
Cbur02059_at			2.052	1.755
Cbur02063_at			2.897	2.621
Cbur02066_at			2.362	1.803
Cbur02076_at			2.167	1.691
Cbur02078_at			2.183	2.139
Cbur02079_at			2.386	1.973
Cbur02084_at			2.389	1.77
Cbur02090_at			2.265	1.646
Cbur02091_at	parE	DNA topoisomerase IV subunit B	3.106	2.047
Cbur02094_at			2.04	1.849
Cbur02096_at			2.124	1.78
Cbur02097_at			2.007	2.048
Cbur02103_at			3.271	2.971
Cbur02105_at			3.48	2.987
Cbur02106_at			3.204	2.822
Cbur02111_at			3.311	2.834
Cbur02112_at			2.754	3.034
Cbur02118_at			2.851	2.115
Cbur02124_at			2.873	2.879
Cbur02127_at	prlC	oligopeptidase A	2.073	1.666
Cbur02128_at			2.779	2.044
Cbur02131_at	fabZ	(3R)-hydroxymyristoyl-ACP dehydratase	2.707	2.118
Cbur02132_at	fabF	3-oxoacyl-ACP synthase	3.742	2.235
Cbur02135_at			3.289	3.052
Cbur02136_x_at			2.992	2.603
Cbur02137_at			3.173	2.265
Cbur02140_at			2.4	2.332
Cbur02142_at			1.817	1.868
Cbur02144_at			2.731	2.026
Cbur02147_at			2.498	2.57
Cbur02150_at			3.18	3.101
Cbur02151_at			2.289	2.341
Cbur02155_at	deoC	2-deoxyribose-5-phosphate aldolase	2.08	1.683
Cbur02158_at			3.358	2.938
Cbur02160_at			2.58	1.822
Cbur02168_at			2.135	2.339
Cbur02173_at	recF	DNA replication and repair protein RecF	1.554	1.631
Cbur02174_at	dnaN	DNA polymerase III subunit beta	2.536	1.689
Cbur02175_at	dnaA	chromosome replication initiator DnaA	2.716	1.904
Cbur02178_at			2.117	1.889
Cbur02179_at			2.633	2.42
Cbur02184_at			4.322	3.834
Cbur02185_at			3.391	2.758
Cbur02186_at	trx	thioredoxin	2.331	2.072
Cbur02189_at			4.076	2.669
Cbur02191_at			2.612	2.025
Cbur02194_at	hemY	protein HemY	3.914	3.038
Cbur02203_at	hemC	porphobilinogen deaminase	3.324	2.288
Cbur02204_at			2.552	2.274
Cbur02207_at			3.467	3.441
Cbur02213_at			3.08	1.81
Cbur02217_s_at			2.939	2.512
Cbur02220_at			2.885	2.057
Cbur02221_at			3.746	2.209
Cbur02222_at			1.764	1.818
Cbur02224_at			2.637	1.804
Cbur02225_at			3.691	1.818
Cbur02226_at	uvrD	DNA-dependent helicase II	2.192	2.006
Cbur02228_at			2.088	2.302
Cbur02229_at			2.866	2.709
Cbur02232_at	trpS	tryptophanyl-tRNA synthetase	2.549	1.735
Cbur02237_at			2.167	2.038
Cbur02238_at			3.545	2.555
Cbur02247_at			2.639	2.218
Cbur02248_at			3.369	1.661
Cbur02249_x_at			2.999	2.161
Cbur02253_at			4.133	3.069
Cbur02256_at			2.657	2.876
Cbur02257_at			2.28	2.368
Cbur02259_at			3.3	3.313
Cbur02261_at			3.09	2.024
Cbur02263_at			2.752	2.539
Cbur02267_at			1.968	1.874
Cbur02272_at			2.924	2.572
Cbur02277_at			2.044	2.193
Cbur02287_at	hslV	ATP-dependent protease peptidase subunit	2.859	2.264
Cbur02288_at			2.968	1.829
Cbur02289_at			1.69	1.8
Cbur02290_at			1.986	1.947
Cbur02297_at			2.369	2.226
Cbur02304_x_at			2.388	2.461
Cbur02310_at	folA	dihydrofolate reductase	3.262	2.043
Cbur02318_at			2.648	2.581
Cbur02322_at			2.433	2.32
Cbur02325_at	ksgA	dimethyladenosine transferase	4.25	2.968
Cbur02330_s_at			2.684	1.938
Cbur02332_at	ostA	organic solvent tolerance protein	2.158	1.845
Cbur02336_at			2.698	1.98
Cbur02338_at			2.387	1.704
Cbur02339_at			3.203	1.89
Cbur02341_x_at			2.313	1.995
Cbur02342_at	dapF	diaminopimelate epimerase	2.036	1.649
Cbur02343_at	dksA	RNA polymerase-binding protein DksA	2.716	2.232
Cbur02344_at	folB	dihydroneopterin aldolase	3.031	1.687
Cbur02346_at	hemA	glutamyl-tRNA reductase	2.106	1.94
Cbur02349_at	hemK	peptide release factor-glutamine N5-methyltransferase	4.291	3.272
Cbur02355_at			2.898	2.731
Cbur02360_at	pntAB	NAD(P) transhydrogenase subunit alpha	2.77	2.234
Cbur02361_at	pntAA	NAD(P) transhydrogenase subunit alpha	2.339	1.943
Cbur02362_at			2.245	2.355
Cbur02363_at			2.25	2.345
Cbur02364_at			2.342	2.555
Cbur02367_s_at			3.033	1.92
Cbur02372_at	glmU	UDP-N-acetylglucosamine pyrophosphorylase	3.027	1.972
Cbur02379_at			2.067	1.712
Cbur02385_at			3.021	2.576
Cbur02389_at			1.992	2.061
Cbur02397_at			3.832	3.011
Cbur02400_at			2.517	2.55
Cbur02402_at			3.201	2.04
Cbur02404_at			1.933	1.65
Cbur02408_at	soj	CobQ/CobB/MinD/ParA nucleotide binding domain-containing protein	2.479	2.443
Cbur02409_at	gidB	16S rRNA methyltransferase GidB	3.72	2.261
Cbur02411_at	gidA	tRNA uridine 5-carboxymethylaminomethyl modification protein GidA	2.361	1.991
Cbur02412_at			3.239	2.126
Cbur02414_at	trmE	tRNA modification GTPase TrmE	3.022	2.086
Cbur02415_at			2.392	1.918
Cbur02416_at			2.262	1.818
Cbur02420_at	rpmH	50S ribosomal protein L34	3.161	2.393
Cbur02422_at			2.156	2.066
Cbur02424_at	glyS	glycyl-tRNA synthetase subunit beta	3.917	3.615
Cbur02425_at	glyQ	glycyl-tRNA synthetase subunit alpha	3.16	2.528
Cbur02428_at			2.787	2.185
Cbur02429_at	rpoH	RNA polymerase factor sigma-32	3.754	1.823
Cbur02430_at			2.047	1.687
Cbur02434_at			2.579	1.719
Cbur02442_x_at			3.19	2.258
Cbur02445_at			2.901	1.737
Cbur02447_x_at			2.632	2.57
Cbur02449_at			2.807	2.868
Cbur02450_at			2.429	1.719
Cbur02453_at			2.968	1.953
Cbur02454_at			3.141	2.046
Cbur02455_at			3.037	2.626
Cbur02459_at			2.925	2.922
Cbur02461_at	ponA	multimodular transpeptidase-transglycosylase PBP 1A	2.775	2.397
Cbur02468_at	hemL	glutamate-1-semialdehyde aminotransferase	2.843	2.341
Cbur02469_at			2.341	2.508
Cbur02470_at			2.421	2.008
Cbur02471_at			2.064	1.795
Cbur02477_at	gshB	glutathione synthetase	3.208	2.55
Cbur02478_at			3.346	3.121
Cbur02479_at	djlA	Dna-J like membrane chaperone protein	2.324	2.298
Cbur02481_at	pabA	anthranilate synthase component II	3.519	1.857
Cbur02482_at			2.835	2.181
Cbur02485_at			3.819	2.892
Cbur02486_at	parC	DNA topoisomerase IV subunit A	2.35	1.671
Cbur02491_at			2.135	1.828
Cbur02493_at			2.663	2.279
Cbur02496_at			2.505	2.244
Cbur02499_at			2.567	1.739
Cbur02502_at			2.84	2.144
Cbur02505_at			2.234	1.773
Cbur02506_at			2.304	1.634
Cbur02508_at			1.759	1.793
Cbur02510_at			1.978	2.159
Cbur02512_at			3.824	2.034
Cbur02513_at			2.816	2.294
Cbur02516_at			3.454	1.812
Cbur02524_at			3.21	2.652
Cbur02532_at			2.353	1.708
Cbur02533_at			2.713	2.246
Cbur02535_at	rmlA	glucose-1-phosphate thymidylyltransferase	3.035	1.891
Cbur02537_at			2.35	2.32
Cbur02539_at			2.79	1.661
Cbur02545_at			2.449	2.374
Cbur02550_x_at			1.995	2.225
Cbur02551_at			4.259	2.358
Cbur02552_at	sodC	Cu-Zn	1.988	2.094
Cbur02556_at			2.758	1.81
Cbur02557_at			2.737	1.652
Cbur02560_at	efp	elongation factor P	2.55	2.211
Cbur02561_at	priA	primosomal protein N'	3.426	2.202
Cbur02562_at			2.398	2.644
Cbur02563_at			3.76	2.587
Cbur02567_at			3.195	2.448
Cbur02568_at			4.281	2.676
Cbur02571_at			2.118	1.675
Cbur02574_at			2.539	2.058
Cbur02578_at			2.988	2.667
Cbur02580_at			2.882	2.848
Cbur02583_at			2.427	2.472
Cbur02584_at			2.676	1.978
Cbur02586_at			3.803	3.869
Cbur02591_at			2.533	2.671
Cbur02593_at			1.995	1.836
Cbur02594_at			2.684	1.792
Cbur02596_at			4.151	2.934
Cbur02605_at	pyk	pyruvate kinase	2.454	2.156
Cbur02607_at			1.675	1.679
Cbur02608_x_at			2.931	1.862
Cbur02609_at	fbaA	fructose-1,6-bisphosphate aldolase	2.347	2.248
Cbur02610_at			3.007	2.084
Cbur02611_at			3.505	3.202
Cbur02616_at			1.973	2.156
Cbur02617_at			2.013	2.133
Cbur02618_at			3.011	2.056
Cbur02621_at			2.2	1.679
Cbur02623_at			3.005	2.353
Cbur02627_at	feoB	ferrous iron transport protein B	2.324	2.295
Cbur02628_at			4.339	3.604
Cbur02635_at			3.16	1.804
Cbur02636_at			2.416	2.268
Cbur02642_at			2.519	2.564
Cbur02646_at			1.889	1.697
Cbur02648_at			3.05	2.367
Cbur02650_at			2.098	1.998
Cbur02658_at	sspA	stringent starvation protein A	3.172	2.319
Cbur02659_at	sspB	ClpXP protease specificity-enhancing factor	3.109	2.112
Cbur02666_at			3.013	2.472
Cbur02667_x_at			2.403	1.764
Cbur02668_at			3.048	2.928
Cbur02671_at	purN	phosphoribosylglycinamide formyltransferase	2.692	2.195
Cbur02672_at	purM	phosphoribosylaminoimidazole synthetase	2.212	1.637
Cbur02673_at			1.745	1.727
Cbur02674_at			4.523	3.21
Cbur02677_at			2.325	2.378
Cbur02679_at			2.662	2.461
Cbur02684_at			3.004	2.799
Cbur02685_at	hemF	coproporphyrinogen III oxidase	2.497	2.586
Cbur02687_at			3.587	2.112
Cbur02688_at			2.863	2.171
Cbur02689_at			2.092	1.721
Cbur02695_at			2.384	2.35
Cbur02696_at	dsbD	thiol:disulfide interchange protein	3.826	2.912
Cbur02697_at			2.597	2.297
Cbur02698_at			2.765	2.412
Cbur02700_at	groES	10 KDa chaperonin GROES	3.975	3.169
Cbur02705_at	gcvT	glycine cleavage system aminomethyltransferase T	3.359	2.269
Cbur02707_at	gcvH	glycine cleavage system protein H	2.736	2.728
Cbur02708_at			2.435	2.476
Cbur02715_at	dapB	4-hydroxy-tetrahydrodipicolinate reductase	3.689	2.799
Cbur02718_x_at			2.84	2.301
Cbur02720_at			3.054	2.76
Cbur02723_at	pyrC	dihydroorotase	2.891	2.657
Cbur02730_at			1.957	1.889
Cbur02732_at			3.369	3.081
Cbur02734_at			1.839	1.919
Cbur02745_at			2.545	1.8
Cbur02746_at			2.701	2.129
Cbur02749_at			2.011	2.088
Cbur02751_at			3.328	2.159
Cbur02752_at			3.265	2.335
Cbur02754_at	speG	diamine N-acetyltransferase	3.352	2.023
Cbur02757_at			4.117	3.079
Cbur02759_at	eno	phosphopyruvate hydratase	2.508	2.318
Cbur02763_at	surE	5'-nucleotidase SurE	2.736	2.62
Cbur02767_at	rpoS	RNA polymerase sigma factor	3.21	2.479
Cbur02769_at			3.418	2.416
Cbur02771_at			2.167	1.64
Cbur02772_at			3.25	3.202
Cbur02774_at			2.831	2.357
Cbur02782_at			1.923	1.807
Cbur02785_at	rfaE	bifunctional heptose 7-phosphate kinase/heptose 1-phosphate adenyltransferase	1.981	1.654
Cbur02789_at			3.463	2.779
Cbur02790_at			4.031	3.67
Cbur02793_at			3.483	2.404
Cbur02795_x_at			3.517	2.143
Cbur02796_x_at			2.33	2.436
Cbur02804_at			2.025	1.942
Cbur02806_at			2.877	2.04
Cbur02810_at			1.902	1.893
Cbur02818_at			1.678	1.815
Cbur02819_at			2.565	2.214
Cbur02822_at			2.153	2.049
Cbur02824_at			1.876	1.851
Cbur02825_at			4.121	3.281
Cbur02828_at			3.954	3.233
Cbur02833_at			2.439	1.798
Cbur02834_at			3.121	2.066
Cbur02841_at			2.272	1.784
Cbur02843_at			4.597	3.613
Cbur02850_at			4.79	3.855
Cbur02855_at			1.922	2.043
Cbur02857_x_at			3.741	2.433
Cbur03001_at			2.541	2.144
Cbur03002_at			2.583	2.077
CburA00002_at			3.051	2.141
CburA00004_at			3.137	2.131
CburA00005_at			2.182	1.703
CburA00012_at			2.514	2.751
CburA00021_at			2.031	1.774
CburA00023_at			3.356	3.092
CburA00025_at			2.435	2.577
CburA00029_at			3.369	2.616
CburA00036_at			2.947	2.604
CburA00037_at			3.041	1.987
CburA00042_at			2.435	2.463
CburA00045_x_at			3.702	2.454
CburA00046_at			2.302	2.57
CburA00050_at			3.235	2.952
CTrachChrORF_CT010_at			3.698	2.22
CTrachChrORF_CT011_at			3.508	2.645
CTrachChrORF_CT012_at			2.293	2.128
CTrachChrORF_CT014_at			1.999	2.11
CTrachChrORF_CT018_at			3.258	2.169
CTrachChrORF_CT019_at			2.348	2.205
CTrachChrORF_CT023_at			3.177	1.957
CTrachChrORF_CT024_at			1.927	1.96
CTrachChrORF_CT025_at			2.113	1.815
CTrachChrORF_CT029_at			3.675	2.333
CTrachChrORF_CT030_at			2.022	2.202
CTrachChrORF_CT031_at			1.744	1.801
CTrachChrORF_CT032_at			3.099	2.713
CTrachChrORF_CT033_at			2.112	1.888
CTrachChrORF_CT037_at			3.239	1.965
CTrachChrORF_CT038_at			2.529	1.824
CTrachChrORF_CT041_at			1.742	1.684
CTrachChrORF_CT042_at			2.257	2.437
CTrachChrORF_CT044_at			3.492	2.647
CTrachChrORF_CT046_at			2.251	2.355
CTrachChrORF_CT047_at			2.548	1.851
CTrachChrORF_CT049_at			2.735	2.226
CTrachChrORF_CT052_at			1.925	1.903
CTrachChrORF_CT054_at			2.8	1.875
CTrachChrORF_CT056_at			2.648	2.687
CTrachChrORF_CT057_at			2.8	2.662
CTrachChrORF_CT058_at			2.928	2.201
CTrachChrORF_CT062_at			2.565	1.952
CTrachChrORF_CT065_at			2.937	2.437
CTrachChrORF_CT068_at			2.503	1.693
CTrachChrORF_CT069_at			3.321	3.241
CTrachChrORF_CT073_at			2.941	2.069
CTrachChrORF_CT075_at			4.644	2.251
CTrachChrORF_CT077_at			1.75	1.681
CTrachChrORF_CT080_at			2.587	2.593
CTrachChrORF_CT086_at			3.049	1.75
CTrachChrORF_CT087_at			5.19	4.078
CTrachChrORF_CT089_at			2.117	1.751
CTrachChrORF_CT090_at			2.194	2.037
CTrachChrORF_CT091_at			2.006	1.634
CTrachChrORF_CT095_at			2.788	2.071
CTrachChrORF_CT098_at			4.39	3.146
CTrachChrORF_CT100_at			2.547	1.659
CTrachChrORF_CT104_at			2.454	2.501
CTrachChrORF_CT105_at			2.22	2.212
CTrachChrORF_CT107_at			2.179	1.982
CTrachChrORF_CT108_at			2.206	1.766
CTrachChrORF_CT110_at			2.236	1.831
CTrachChrORF_CT111_at			2.236	2.026
CTrachChrORF_CT112_at			2.399	1.872
CTrachChrORF_CT113_at			2.183	2.252
CTrachChrORF_CT115_at			2.447	1.854
CTrachChrORF_CT116_at			1.904	2.046
CTrachChrORF_CT117_at			3.836	2.544
CTrachChrORF_CT118_at			2.057	1.932
CTrachChrORF_CT122_at			2.788	2.812
CTrachChrORF_CT125_at			1.676	1.745
CTrachChrORF_CT126_at			4.295	3.001
CTrachChrORF_CT130_at			3.1	1.892
CTrachChrORF_CT132_at			2.145	1.781
CTrachChrORF_CT133_at			4.411	3.159
CTrachChrORF_CT136_at			3.815	2.977
CTrachChrORF_CT138_at			2.741	2.117
CTrachChrORF_CT139_at			4.687	2.458
CTrachChrORF_CT142_at			2.669	2.353
CTrachChrORF_CT143_at			2.424	2.068
CTrachChrORF_CT144_at			3.17	1.714
CTrachChrORF_CT145_at			2.649	1.897
CTrachChrORF_CT149_at			2.636	1.81
CTrachChrORF_CT150_at			4.059	3.223
CTrachChrORF_CT155_at			2.356	1.712
CTrachChrORF_CT157_at			2.713	2.568
CTrachChrORF_CT159_at			3.143	2.795
CTrachChrORF_CT162_at			2.632	1.656
CTrachChrORF_CT163_at			3.139	2.382
CTrachChrORF_CT165_at			2.189	1.813
CTrachChrORF_CT166_at			2.055	1.722
CTrachChrORF_CT168_at			2.26	2.318
CTrachChrORF_CT170_at			2.637	1.819
CTrachChrORF_CT173_at			3.612	3.15
CTrachChrORF_CT174_at			1.987	1.919
CTrachChrORF_CT176_at			4.081	2.623
CTrachChrORF_CT178_at			3.002	2.685
CTrachChrORF_CT180_at			2.106	1.79
CTrachChrORF_CT186_at			2.957	2.431
CTrachChrORF_CT187_at			3.164	2.85
CTrachChrORF_CT190_at			1.934	2.054
CTrachChrORF_CT193_at			2.998	1.731
CTrachChrORF_CT195_at			2.448	2.24
CTrachChrORF_CT196_at			5.557	3.904
CTrachChrORF_CT198_at			3.738	2.51
CTrachChrORF_CT200_at			3.632	2.642
CTrachChrORF_CT201_at			3.075	1.775
CTrachChrORF_CT203_at			3.859	3.465
CTrachChrORF_CT205_at			2.874	2.537
CTrachChrORF_CT207_at			2.665	1.654
CTrachChrORF_CT208_at			2.639	2.057
CTrachChrORF_CT209_at			2.184	2.25
CTrachChrORF_CT210_at			2.825	2.875
CTrachChrORF_CT211_at			2.182	1.755
CTrachChrORF_CT212_at			2.66	2.225
CTrachChrORF_CT214_at			1.857	1.778
CTrachChrORF_CT217_at			2.124	1.637
CTrachChrORF_CT221_at			2.097	2.255
CTrachChrORF_CT224_at			3.941	1.672
CTrachChrORF_CT228_at			3.627	3.734
CTrachChrORF_CT229_at			3.212	2.49
CTrachChrORF_CT231_at			3.749	2.675
CTrachChrORF_CT232_at			3.606	2.685
CTrachChrORF_CT234_at			2.393	2.625
CTrachChrORF_CT235_at			4.072	2.115
CTrachChrORF_CT238_at			2.417	2.282
CTrachChrORF_CT239_at			2.253	1.806
CTrachChrORF_CT240_at			3.979	2.795
CTrachChrORF_CT241_at			3.26	3.325
CTrachChrORF_CT244_at			2.299	1.822
CTrachChrORF_CT245_at			2.953	2.795
CTrachChrORF_CT246_at			4.22	2.882
CTrachChrORF_CT248_at			2.806	1.71
CTrachChrORF_CT250_at			3.127	2.55
CTrachChrORF_CT254_at			3.054	1.661
CTrachChrORF_CT255_at			2.425	2.269
CTrachChrORF_CT256_at			2.165	2.339
CTrachChrORF_CT258_at			2.115	2.051
CTrachChrORF_CT259_at			2.075	2.156
CTrachChrORF_CT260_at			3.729	2.679
CTrachChrORF_CT265_at			2.691	2.234
CTrachChrORF_CT269_at			2.787	2.35
CTrachChrORF_CT270_at			2.827	2.376
CTrachChrORF_CT271_at			2.93	2.851
CTrachChrORF_CT272_at			2.283	1.658
CTrachChrORF_CT277_at			2.097	1.804
CTrachChrORF_CT278_at			2.172	2.187
CTrachChrORF_CT279_at			2.576	1.828
CTrachChrORF_CT281_at			3.662	3.071
CTrachChrORF_CT283_at			2.686	1.85
CTrachChrORF_CT286_at			2.86	2.123
CTrachChrORF_CT290_at			2.086	1.931
CTrachChrORF_CT293_at			3.05	2.185
CTrachChrORF_CT294_at			2.69	2.438
CTrachChrORF_CT295_at			2.003	1.921
CTrachChrORF_CT296_at			3.127	3.073
CTrachChrORF_CT298_at			2.794	1.892
CTrachChrORF_CT304_at			2.572	1.703
CTrachChrORF_CT308_at			3.239	3.297
CTrachChrORF_CT310_at			2.476	1.87
CTrachChrORF_CT313_at			3.158	2.997
CTrachChrORF_CT314_at			2.646	2.359
CTrachChrORF_CT315_at			4.625	3.289
CTrachChrORF_CT316_at			4.143	3.25
CTrachChrORF_CT317_at			3.802	2.548
CTrachChrORF_CT318_at			3.682	3.457
CTrachChrORF_CT319_at			2.893	1.664
CTrachChrORF_CT320_at			3.616	2.442
CTrachChrORF_CT321_at			3.912	2.402
CTrachChrORF_CT324_at			3.712	2.154
CTrachChrORF_CT325_at			4.128	3.491
CTrachChrORF_CT326_at			3.449	2.009
CTrachChrORF_CT329_at			2.407	1.788
CTrachChrORF_CT331_at			3.555	2.137
CTrachChrORF_CT332_at			3.124	2.112
CTrachChrORF_CT333_at			2.392	2.265
CTrachChrORF_CT335_at			4.213	3.773
CTrachChrORF_CT339_at			3.645	3.13
CTrachChrORF_CT341_at			2.043	2.046
CTrachChrORF_CT342_at			2.68	2.39
CTrachChrORF_CT345_at			3.128	1.651
CTrachChrORF_CT347_at			4.438	3.834
CTrachChrORF_CT351a_at			1.88	1.959
CTrachChrORF_CT352_s_at			2.759	1.818
CTrachChrORF_CT353_at			2.964	2.449
CTrachChrORF_CT356_at			2.562	2.097
CTrachChrORF_CT357R_at			3.359	2.787
CTrachChrORF_CT360_at			2.053	2.248
CTrachChrORF_CT361_at			2.392	2.135
CTrachChrORF_CT365_at			2.538	2.625
CTrachChrORF_CT366_at			4.361	2.507
CTrachChrORF_CT368_at			2.869	2.178
CTrachChrORF_CT371_at			3.003	2.894
CTrachChrORF_CT372_at			2.412	2.283
CTrachChrORF_CT373_at			2.589	2.458
CTrachChrORF_CT374_at			2.417	1.912
CTrachChrORF_CT375_at			3.722	2.222
CTrachChrORF_CT377_at			2.643	1.739
CTrachChrORF_CT382_at			2.239	1.725
CTrachChrORF_CT383_at			2.629	2.721
CTrachChrORF_CT384_at			2.446	2.067
CTrachChrORF_CT385_at			3.081	2.282
CTrachChrORF_CT386_at			3.458	2.312
CTrachChrORF_CT387_at			3.584	2.894
CTrachChrORF_CT388_at			3.473	1.789
CTrachChrORF_CT389_at			2.228	2.109
CTrachChrORF_CT391_at			2.494	1.989
CTrachChrORF_CT392_at			3.977	2.646
CTrachChrORF_CT394_at			2.931	1.744
CTrachChrORF_CT395_at			2.845	1.718
CTrachChrORF_CT397_at			3.916	2.507
CTrachChrORF_CT399_at			3.292	2.216
CTrachChrORF_CT401_at			3.939	4.062
CTrachChrORF_CT402_at			2.327	1.722
CTrachChrORF_CT403_at			2.608	2.474
CTrachChrORF_CT404_at			1.681	1.761
CTrachChrORF_CT405_at			2.847	2.631
CTrachChrORF_CT410_at			3.472	2.469
CTrachChrORF_CT413_at			2.843	2.252
CTrachChrORF_CT414_at			2.041	2.246
CTrachChrORF_CT419_at			2.01	2.03
CTrachChrORF_CT420_at			3.127	3.136
CTrachChrORF_CT421.2_at			2.863	1.915
CTrachChrORF_CT422_at			2.435	1.659
CTrachChrORF_CT423_at			3.411	2.421
CTrachChrORF_CT424_at			2.035	1.741
CTrachChrORF_CT426_at			3.51	2.402
CTrachChrORF_CT428_at			2.832	2.681
CTrachChrORF_CT432_at			3.173	2.212
CTrachChrORF_CT436_at			3.077	1.697
CTrachChrORF_CT437_at			2.912	2.174
CTrachChrORF_CT438_at			3.303	2.607
CTrachChrORF_CT439m_at			3.762	3.123
CTrachChrORF_CT441_at			2.917	2.231
CTrachChrORF_CT442_at			3.816	2.981
CTrachChrORF_CT443_at			2.522	1.796
CTrachChrORF_CT446_at			3.897	2.612
CTrachChrORF_CT447_at			4.132	3.328
CTrachChrORF_CT448_at			3.087	3.193
CTrachChrORF_CT450_at			2.84	2.299
CTrachChrORF_CT451_at			2.329	1.83
CTrachChrORF_CT454_at			3.658	3.306
CTrachChrORF_CT455_at			2.173	1.907
CTrachChrORF_CT457_at			2.164	2.141
CTrachChrORF_CT460_at			2.236	2.003
CTrachChrORF_CT461_at			2.679	1.651
CTrachChrORF_CT468_at			2.289	2.068
CTrachChrORF_CT469_at			2.923	2.165
CTrachChrORF_CT470_at			2.677	2.117
CTrachChrORF_CT472_at			2.255	2.192
CTrachChrORF_CT473_at			2.564	2.287
CTrachChrORF_CT474_at			2.432	2.273
CTrachChrORF_CT476_at			3.526	1.977
CTrachChrORF_CT477_at			3.116	1.641
CTrachChrORF_CT479_at			2.793	2.728
CTrachChrORF_CT480_at			2.361	2.113
CTrachChrORF_CT488_at			4.101	2.797
CTrachChrORF_CT490_at			3.31	2.096
CTrachChrORF_CT492_at			3.153	2.049
CTrachChrORF_CT494_at			2.934	2.515
CTrachChrORF_CT495_at			4.634	3.895
CTrachChrORF_CT496_at			2.032	2.211
CTrachChrORF_CT498_at			2.223	2.411
CTrachChrORF_CT499_at			3.8	3.042
CTrachChrORF_CT500_at			3.697	2.731
CTrachChrORF_CT502_at			3.034	1.796
CTrachChrORF_CT503_at			3.559	2.703
CTrachChrORF_CT504_at			2.254	2.1
CTrachChrORF_CT505_at			1.81	1.868
CTrachChrORF_CT506_at			2.065	1.637
CTrachChrORF_CT507_at			4.07	3.286
CTrachChrORF_CT510_at			2.329	2.446
CTrachChrORF_CT512_at			2.178	1.697
CTrachChrORF_CT516_at			2.841	2.573
CTrachChrORF_CT519_at			3.832	2.835
CTrachChrORF_CT521_at			1.817	1.862
CTrachChrORF_CT522_at			2.679	2.777
CTrachChrORF_CT524_at			2.876	2.093
CTrachChrORF_CT528_at			1.874	1.797
CTrachChrORF_CT529_at			3.992	2.586
CTrachChrORF_CT530_at			3.353	2.653
CTrachChrORF_CT531_at			3.619	2.001
CTrachChrORF_CT533_at			3.123	2.786
CTrachChrORF_CT534_at			3.854	2.519
CTrachChrORF_CT537_at			3.32	2.957
CTrachChrORF_CT538_at			1.861	1.961
CTrachChrORF_CT539_at			3.098	1.984
CTrachChrORF_CT540_at			3.067	2.037
CTrachChrORF_CT543_at			2.87	2.289
CTrachChrORF_CT546_at			3.049	3.142
CTrachChrORF_CT550_at			3.811	3
CTrachChrORF_CT553_at			2.404	2.31
CTrachChrORF_CT554_at			2.582	2.109
CTrachChrORF_CT557_at			2.317	2.174
CTrachChrORF_CT558_at			3.179	1.974
CTrachChrORF_CT559_at			1.975	1.885
CTrachChrORF_CT561_at			3.222	1.983
CTrachChrORF_CT563_at			2.254	2.23
CTrachChrORF_CT565_at			2.703	2.222
CTrachChrORF_CT568_at			2.921	2.363
CTrachChrORF_CT569_at			2	1.966
CTrachChrORF_CT571_at			2.62	2.515
CTrachChrORF_CT572_at			3.024	3.006
CTrachChrORF_CT574_at			1.708	1.815
CTrachChrORF_CT576_at			1.91	1.888
CTrachChrORF_CT579_at			3.819	3.034
CTrachChrORF_CT583_at			3.174	2.424
CTrachChrORF_CT584_at			3.127	1.726
CTrachChrORF_CT585_at			2.106	2.141
CTrachChrORF_CT589_at			3.088	1.944
CTrachChrORF_CT590_at			2.117	1.732
CTrachChrORF_CT592_at			3.232	2.802
CTrachChrORF_CT598_at			3.879	2.782
CTrachChrORF_CT601_at			2.891	2.555
CTrachChrORF_CT607_at			3.372	2.531
CTrachChrORF_CT609_at			3.9	2.454
CTrachChrORF_CT610_at			3.311	2.583
CTrachChrORF_CT611_at			3.004	1.842
CTrachChrORF_CT613_at			2.768	1.738
CTrachChrORF_CT615_at			2.406	2.388
CTrachChrORF_CT616_at			2.376	2.541
CTrachChrORF_CT617_at			1.863	1.964
CTrachChrORF_CT618_at			3.042	2.782
CTrachChrORF_CT620_at			3.121	2.93
CTrachChrORF_CT621_at			3.336	3.223
CTrachChrORF_CT622_at			3.714	2.33
CTrachChrORF_CT623_at			2.487	1.645
CTrachChrORF_CT628_at			2.144	2.42
CTrachChrORF_CT631_at			2.706	1.939
CTrachChrORF_CT633_at			1.896	2.015
CTrachChrORF_CT634_at			3.714	3.204
CTrachChrORF_CT635_at			3.774	2.029
CTrachChrORF_CT638_at			3.79	2.342
CTrachChrORF_CT639_at			2.92	1.797
CTrachChrORF_CT640_at			2.633	2.017
CTrachChrORF_CT641_at			3.217	2.809
CTrachChrORF_CT643_at			3.273	2.933
CTrachChrORF_CT645_at			4.195	3.159
CTrachChrORF_CT648_at			1.958	1.988
CTrachChrORF_CT649_at			2.358	1.934
CTrachChrORF_CT650_at			2.97	2.099
CTrachChrORF_CT651_at			2.825	1.723
CTrachChrORF_CT652.1_at			2.812	2.335
CTrachChrORF_CT654_at			2.734	2.161
CTrachChrORF_CT656_at			3.128	2.07
CTrachChrORF_CT657_at			1.812	1.704
CTrachChrORF_CT661_at			2.323	2.282
CTrachChrORF_CT662_at			2.344	2.596
CTrachChrORF_CT663_at			3.708	2.859
CTrachChrORF_CT664_at			2.146	1.904
CTrachChrORF_CT665_at			2.541	2.467
CTrachChrORF_CT666_at			2.118	2.152
CTrachChrORF_CT668_at			2.183	1.691
CTrachChrORF_CT671_at			2.276	2.312
CTrachChrORF_CT673_at			3.821	1.877
CTrachChrORF_CT676_at			2.497	2.412
CTrachChrORF_CT679_at			3.301	2.329
CTrachChrORF_CT682_at			3.124	2.174
CTrachChrORF_CT685_at			3.696	3.026
CTrachChrORF_CT686_at			1.775	1.943
CTrachChrORF_CT687_at			3.826	1.915
CTrachChrORF_CT688_at			3.326	2.037
CTrachChrORF_CT690_at			2.876	2.954
CTrachChrORF_CT693_at			2.348	2.195
CTrachChrORF_CT695_at			3.98	3.302
CTrachChrORF_CT696_at			3.24	1.838
CTrachChrORF_CT701_at			3.441	2.379
CTrachChrORF_CT703_at			3.339	1.914
CTrachChrORF_CT704_at			3.949	2.812
CTrachChrORF_CT705_at			2.505	1.981
CTrachChrORF_CT706_at			3.062	2.667
CTrachChrORF_CT708_at			2.798	3.039
CTrachChrORF_CT710_at			2.324	2.268
CTrachChrORF_CT711_at			2.579	2.026
CTrachChrORF_CT716_at			4.692	2.054
CTrachChrORF_CT717_at			3.288	1.716
CTrachChrORF_CT718_at			4.809	3.669
CTrachChrORF_CT720_at			2.934	2.794
CTrachChrORF_CT721_at			2.455	1.638
CTrachChrORF_CT722_at			3.311	2.436
CTrachChrORF_CT723_at			3.957	2.501
CTrachChrORF_CT725_at			3.088	1.699
CTrachChrORF_CT728_at			3.01	2.681
CTrachChrORF_CT729_at			4.152	3.749
CTrachChrORF_CT731_at			2.3	2.066
CTrachChrORF_CT735_at			2.657	2.438
CTrachChrORF_CT736_at			2.035	2.008
CTrachChrORF_CT737_at			3.305	2.175
CTrachChrORF_CT738_at			2.121	2.12
CTrachChrORF_CT742_at			2.697	2.23
CTrachChrORF_CT744_at			2.277	1.643
CTrachChrORF_CT745_at			2.647	2.593
CTrachChrORF_CT750_at			3.554	2.503
CTrachChrORF_CT751_at			2.555	1.798
CTrachChrORF_CT752_at			1.888	2.119
CTrachChrORF_CT753_at			3.244	1.909
CTrachChrORF_CT755_at			2.193	1.929
CTrachChrORF_CT757_at			3.56	2.941
CTrachChrORF_CT761_at			3.371	2.025
CTrachChrORF_CT763_at			3.005	1.889
CTrachChrORF_CT764_at			4.347	2.576
CTrachChrORF_CT767_at			2.882	2.019
CTrachChrORF_CT770_at			2.839	2.966
CTrachChrORF_CT771_at			3.425	2.12
CTrachChrORF_CT772_at			2.55	2.104
CTrachChrORF_CT773_at			1.751	1.709
CTrachChrORF_CT774_at			2.586	1.941
CTrachChrORF_CT776_at			2.904	2.732
CTrachChrORF_CT780_at			2.863	2.043
CTrachChrORF_CT781_at			2.253	2.052
CTrachChrORF_CT784_at			2.17	2.203
CTrachChrORF_CT785_at			3.748	1.767
CTrachChrORF_CT791_at			1.933	1.694
CTrachChrORF_CT794_at			2.049	1.893
CTrachChrORF_CT795_at			2.25	2.129
CTrachChrORF_CT798_at			3.603	2.427
CTrachChrORF_CT799_at			3.084	2.064
CTrachChrORF_CT801_at			3.097	2.677
CTrachChrORF_CT802_at			3.784	3.783
CTrachChrORF_CT804_at			2.987	2.931
CTrachChrORF_CT810_at			3.577	3.167
CTrachChrORF_CT811_at			2.565	2.233
CTrachChrORF_CT812_at			2.991	1.731
CTrachChrORF_CT814_at			2.797	2.595
CTrachChrORF_CT816_at			3.192	2.635
CTrachChrORF_CT817_at			3.581	3.356
CTrachChrORF_CT818_at			3.597	2.568
CTrachChrORF_CT819_at			2.762	1.899
CTrachChrORF_CT825_at			2.491	2.087
CTrachChrORF_CT828_at			2.055	2.182
CTrachChrORF_CT831_at			2.464	1.72
CTrachChrORF_CT832_at			3.314	2.977
CTrachChrORF_CT833_at			3.071	2.657
CTrachChrORF_CT834_at			2.041	1.945
CTrachChrORF_CT836_at			2.397	2.669
CTrachChrORF_CT837_at			3.777	3.292
CTrachChrORF_CT841_at			3.773	1.959
CTrachChrORF_CT842_at			3.033	1.7
CTrachChrORF_CT843_at			3.115	2.601
CTrachChrORF_CT845_at			2.77	2.011
CTrachChrORF_CT847_at			2.528	2.226
CTrachChrORF_CT849_at			3.023	3.166
CTrachChrORF_CT850_at			3.391	2.386
CTrachChrORF_CT852_at			2.599	1.695
CTrachChrORF_CT855_at			2.171	2.262
CTrachChrORF_CT856_at			3.978	2.93
CTrachChrORF_CT857_at			2.538	2.827
CTrachChrORF_CT861_at			3.677	2.655
CTrachChrORF_CT863_at			2.987	2.333
CTrachChrORF_CT864_at			4.135	3.55
CTrachChrORF_CT865_at			3.213	2.627
CTrachChrORF_CT866_at			2.29	2.049
CTrachChrORF_CT867_at			3.132	2.097
CTrachChrORF_CT868_at			2.231	2.226
CTrachChrORF_CT871_at			3.499	2.755
CTrachChrORF_CT873_at			3.875	2.491
CTrachChrORF_CT874_at			2.307	2.108
CTrachChrORF_CT875_at			3.074	2.306
CTrachPlaORF_CTP001_at			2.826	2.603
CTrachPlaORF_CTP003_at			3.223	2.654
CTrachPlaORF_CTP006_at			4.345	3.519
CTrachPlaORF_CTP007_at			3.19	3.279
M12_0089_s_at			3.602	1.774
M12_0090_s_at			4.429	2.97
M12_0158_at			2.329	1.686
M12_0466_at			3.22	2.855
M12_0555_s_at			2.078	1.865
M12_0946_at			4.602	2.569
M12_0976_x_at			3.637	1.777
M12_1348_s_at			2.534	1.915
M12_1487_at			3.097	1.934
M12_1489_at			2.967	1.946
M12_1604_at			3.214	2.053
M12_1769_at			2.898	2.293
M12_1770_at			2.173	1.866
M12_1772_x_at			3.254	2.197
M12_1893_x_at			2.526	2.268
M12_1938_s_at			1.798	1.716
M12_1963_x_at			3.205	1.782
M12_1964_at			2.826	2.613
Sau8325ChORF1068_at			3.716	1.99
Sau8325ChORF1069_at			4.412	2.307
Sau8325ChORF1070_at			4.672	2.659
Sau8325ChORF1074_at			3.712	2.791
Sau8325ChORF1075_at			3.794	2.004
Sau8325ChORF1078_at			2.826	2.659
Sau8325ChORF1079_at			4.167	3.492
Sau8325ChORF1080_s_at			4.208	2.161
Sau8325ChORF1083_at			3.437	2.487
Sau8325ChORF1084_at			3.882	2.381
Sau8325ChORF1118_s_at			2.738	1.698
Sau8325ChORF1119_s_at			2.888	1.869
Sau8325ChORF1196_s_at			2.204	2.02
Sau8325ChORF1200_x_at			3.405	1.651
Sau8325ChORF1282_s_at			3.439	2.188
Sau8325ChORF166_s_at			2.213	2.16
Sau8325ChORF1927_s_at			2.819	2.148
Sau8325ChORF1933_at			2.223	2.117
Sau8325ChORF1935_at			2.563	2.685
Sau8325ChORF1942_s_at			3.268	2.306
Sau8325ChORF1944_s_at			2.819	1.92
Sau8325ChORF1946_s_at			2.869	3.048
Sau8325ChORF1947_s_at			3.761	2.793
Sau8325ChORF1948_s_at			2.522	1.66
Sau8325ChORF1949_s_at			4.392	2.585
Sau8325ChORF1950_s_at			3.034	2.753
Sau8325ChORF1951_s_at			4.656	4.162
Sau8325ChORF1955_s_at			1.926	1.963
Sau8325ChORF1956_s_at			2.122	2.218
Sau8325ChORF2008_at			3.766	1.885
Sau8325ChORF2009_x_at			2.132	2.239
Sau8325ChORF2010_s_at			2.648	2.151
Sau8325ChORF2011_x_at			1.876	2.074
Sau8325ChORF2021_x_at			2.195	2.447
Sau8325ChORF2022_at			3.034	1.672
Sau8325ChORF2023_at			3.576	2.816
Sau8325ChORF2029_x_at			3.893	2.845
Sau8325ChORF2030_x_at			3.68	2.607
Sau8325ChORF2035_x_at			3.605	2.279
Sau8325ChORF2036_x_at			2.748	2.147
Sau8325ChORF2038_s_at			4.229	2.84
Sau8325ChORF2043_at			2.211	1.946
Sau8325ChORF2045_at			2.062	1.934
Sau8325ChORF2047_at			3.13	2.414
Sau8325ChORF226_s_at			3.133	2.053
Sau8325ChORF2354_at			2.473	2.599
Sau8325ChORF2356_at			2.326	2.57
Sau8325ChORF2358_s_at			3.79	2.788
Sau8325ChORF2364_s_at			2.956	2.012
Sau8325ChORF2386_s_at			3.034	2.36
Sau8325ChORF246_at			2.051	2.067
Sau8325ChORF247_s_at			2.835	2.015
Sau8325ChORF2495_at			4.29	3.273
Sau8325ChORF2728_x_at			2.657	1.971
Sau8325ChORF2745_s_at			2.192	2.12
Sau8325ChORF587_x_at			1.846	1.724
Sau8325ChORF871_s_at			2.263	2.28
Sau8325ChORF929_s_at			2.315	2.467
Sau8325ChORF942_at			3.816	2.522
Sau8325ChORF946_s_at			4.136	3.065
Sau8325ChORF977_s_at			3.153	1.845
SauCOLChORF00064_s_at			2.594	2.098
SauCOLChORF00075_s_at			3.768	1.666
SauCOLChORF00111_s_at			4.027	2.856
SauCOLChORF00140_s_at			4.576	2.958
SauCOLChORF00141_s_at			4.261	3.104
SauCOLChORF00142_s_at			3.563	2.433
SauCOLChORF00143_s_at			3.069	1.63
SauCOLChORF00145_s_at			3.392	2.122
SauCOLChORF00146_s_at			2.288	1.72
SauCOLChORF00167_at			3.169	2.079
SauCOLChORF00215_s_at			3.386	2.579
SauCOLChORF00217_s_at			3.893	1.81
SauCOLChORF00268_s_at			2.986	2.594
SauCOLChORF00294_x_at			2.339	2.607
SauCOLChORF00304_s_at			2.945	2.993
SauCOLChORF00353_s_at			5.164	3.262
SauCOLChORF00355_s_at			2.743	1.712
SauCOLChORF00356_s_at			3.142	2.743
SauCOLChORF00361_s_at			2.646	2.332
SauCOLChORF00369_s_at			4.762	2.281
SauCOLChORF00389_at			3.104	2.445
SauCOLChORF00390_s_at			3.172	1.864
SauCOLChORF00391_s_at			3.176	2.074
SauCOLChORF00400_at			2.981	2.506
SauCOLChORF00401_at			2.464	2.498
SauCOLChORF00411_at			3.715	2.722
SauCOLChORF00423_s_at			2.442	2.499
SauCOLChORF00426_s_at			2.274	2.054
SauCOLChORF00428_s_at			3.411	2.004
SauCOLChORF00439_s_at			3.372	2.546
SauCOLChORF00475_s_at			3.771	2.754
SauCOLChORF00489_s_at			2.796	1.869
SauCOLChORF00508_s_at			2.293	1.681
SauCOLChORF00546_s_at			2.862	1.846
SauCOLChORF00549_s_at			2.082	1.797
SauCOLChORF00551_s_at			2.309	1.996
SauCOLChORF00561_s_at			2.535	2.117
SauCOLChORF00597_s_at			5.581	4.542
SauCOLChORF00614_x_at			2.293	2.493
SauCOLChORF00618_s_at			3.157	2.847
SauCOLChORF00638_s_at			2.92	2.083
SauCOLChORF00646_s_at			3.042	1.839
SauCOLChORF00656_s_at			4.104	2.97
SauCOLChORF00673_s_at			3.882	2.373
SauCOLChORF00705_x_at			1.914	2.041
SauCOLChORF00709_s_at			2.484	2.349
SauCOLChORF00717_s_at			3.04	2.878
SauCOLChORF00718_s_at			2.843	1.92
SauCOLChORF00736_s_at			3.491	2.176
SauCOLChORF00752_s_at			1.932	1.641
SauCOLChORF00795_at			2.326	1.933
SauCOLChORF00809_s_at			2.263	2.515
SauCOLChORF00822_s_at			2.93	1.923
SauCOLChORF00855_s_at			5.268	4.174
SauCOLChORF00859_s_at			2.319	1.786
SauCOLChORF00868_s_at			2.378	2.326
SauCOLChORF00875_s_at			4.436	2.296
SauCOLChORF00879_s_at			3.291	1.837
SauCOLChORF00883_s_at			3.67	3.421
SauCOLChORF00886_x_at			3.542	1.816
SauCOLChORF00890_at			2.99	2.27
SauCOLChORF00895_s_at			3.269	2.808
SauCOLChORF00919_x_at			4.326	2.467
SauCOLChORF00921_s_at			2.882	1.766
SauCOLChORF00948_s_at			3.279	2.062
SauCOLChORF00973_s_at			2.683	2.082
SauCOLChORF01029_s_at			3.139	2.974
SauCOLChORF01034_s_at			2.685	1.849
SauCOLChORF01065_s_at			1.966	2.096
SauCOLChORF01089_s_at			3.269	1.923
SauCOLChORF01091_x_at			2.239	2.304
SauCOLChORF01093_s_at			2.686	2.669
SauCOLChORF01117_s_at			5.094	3.015
SauCOLChORF01138_at			3.323	2.847
SauCOLChORF01141_at			3.448	1.897
SauCOLChORF01144_at			2.736	2.594
SauCOLChORF01147_at			3.012	2.991
SauCOLChORF01150_at			1.603	1.655
SauCOLChORF01156_s_at			3.136	2.087
SauCOLChORF01164_s_at			2.419	2.441
SauCOLChORF01176_s_at			3.952	3.327
SauCOLChORF01182_s_at			4.754	2.804
SauCOLChORF01187_s_at			2.139	2.209
SauCOLChORF01189_s_at			3.047	2.066
SauCOLChORF01274_s_at			2.574	2.737
SauCOLChORF01286_s_at			3.777	2.818
SauCOLChORF01332_s_at			3.257	2.111
SauCOLChORF01351_s_at			2.483	1.906
SauCOLChORF01410_s_at			2.799	2.924
SauCOLChORF01418_s_at			2.696	1.711
SauCOLChORF01429_s_at			2.532	2.735
SauCOLChORF01438_s_at			5.591	4.679
SauCOLChORF01445_x_at			2.322	1.818
SauCOLChORF01455_s_at			2.763	2.085
SauCOLChORF01462_s_at			2.089	1.868
SauCOLChORF01464_s_at			2.506	1.701
SauCOLChORF01467_s_at			3.427	2.811
SauCOLChORF01468_s_at			5.101	3.863
SauCOLChORF01471_at			3.145	2.542
SauCOLChORF01475_s_at			3.657	1.675
SauCOLChORF01503_s_at			2.799	1.827
SauCOLChORF01525_s_at			2.458	2.187
SauCOLChORF01591_x_at			2.26	2.227
SauCOLChORF01609_at			2.667	2.772
SauCOLChORF01613_s_at			3.914	2.553
SauCOLChORF01622_s_at			2.575	2.72
SauCOLChORF01624_s_at			2.323	2.159
SauCOLChORF01637_x_at			3.304	2.683
SauCOLChORF01664_s_at			2.462	2.143
SauCOLChORF01683_s_at			1.99	1.729
SauCOLChORF01804_s_at			2.453	2.165
SauCOLChORF01809_s_at			2.969	2
SauCOLChORF01834_s_at			3.764	2.191
SauCOLChORF01835_s_at			2.589	2.551
SauCOLChORF01838_x_at			4.333	4.317
SauCOLChORF01841_s_at			3.313	1.955
SauCOLChORF01845_s_at			3.603	2.072
SauCOLChORF01853_s_at			2.509	1.812
SauCOLChORF01854_s_at			3.614	1.672
SauCOLChORF01855_s_at			2.583	2.573
SauCOLChORF01861_s_at			4.019	3.43
SauCOLChORF01874_s_at			2.676	1.917
SauCOLChORF01880_s_at			2.864	2.079
SauCOLChORF01918_x_at			1.799	1.882
SauCOLChORF01947_s_at			2.173	1.88
SauCOLChORF01959_at			3.562	2.189
SauCOLChORF01985_s_at			3.242	3.134
SauCOLChORF02043_s_at			2.191	2.214
SauCOLChORF02062_s_at			2.941	2.35
SauCOLChORF02093_s_at			3.892	3.51
SauCOLChORF02116_s_at			2.34	2.09
SauCOLChORF02126_at			3.012	2.502
SauCOLChORF02133_s_at			3.697	3.451
SauCOLChORF02137_at			3.305	2.472
SauCOLChORF02153_at			3.413	1.835
SauCOLChORF02159_s_at			2.596	2.529
SauCOLChORF02161_s_at			2.57	2.672
SauCOLChORF02172_s_at			1.772	1.869
SauCOLChORF02174_s_at			2.278	1.897
SauCOLChORF02181_s_at			3.765	1.965
SauCOLChORF02183_s_at			3.024	2.686
SauCOLChORF02186_s_at			2.351	2.505
SauCOLChORF02191_s_at			2.753	2.489
SauCOLChORF02201_s_at			2.627	2.627
SauCOLChORF02209_s_at			2.527	2.035
SauCOLChORF02216_s_at			4.116	3.094
SauCOLChORF02240_x_at			2.127	1.915
SauCOLChORF02242_s_at			3.138	1.733
SauCOLChORF02263_s_at			1.893	1.739
SauCOLChORF02286_s_at			3.37	3.349
SauCOLChORF02287_at			2.499	1.706
SauCOLChORF02288_x_at			4.22	2.501
SauCOLChORF02289_s_at			2.866	2.694
SauCOLChORF02291_s_at			2.107	2.365
SauCOLChORF02296_at			2.27	2.475
SauCOLChORF02297_s_at			2.248	1.947
SauCOLChORF02312_s_at			2.533	2.296
SauCOLChORF02318_s_at			3.472	2.488
SauCOLChORF02325_at			2.61	2.375
SauCOLChORF02339_x_at			2.6	1.741
SauCOLChORF02380_s_at			1.576	1.635
SauCOLChORF02381_s_at			4.598	3.101
SauCOLChORF02398_at			3.549	1.975
SauCOLChORF02399_s_at			2.876	1.663
SauCOLChORF02400_s_at			4.588	3.438
SauCOLChORF02409_s_at			2.679	1.893
SauCOLChORF02414_s_at			3.064	2.52
SauCOLChORF02418_s_at			4.968	3.843
SauCOLChORF02419_s_at			3.553	2.979
SauCOLChORF02424_s_at			3.339	2.191
SauCOLChORF02431_s_at			3.153	1.757
SauCOLChORF02433_s_at			3.873	2.932
SauCOLChORF02483_at			1.729	1.736
SauCOLChORF02484_at			3.194	1.708
SauCOLChORF02486_x_at			3.154	3.065
SauCOLChORF02492_x_at			2.292	1.735
SauCOLChORF02493_at			2.086	2.043
SauCOLChORF02495_at			3.437	2.691
SauCOLChORF02496_at			3.644	2.167
SauCOLChORF02499_at			3.858	2.554
SauCOLChORF02500_at			4.111	3.747
SauCOLChORF02502_at			2.36	2.173
SauCOLChORF02511_s_at			2.476	1.932
SauCOLChORF02520_s_at			2.568	2.762
SauCOLChORF02522_s_at			2.457	1.72
SauCOLChORF02525_s_at			2.674	2.422
SauCOLChORF02529_s_at			2.474	2.417
SauCOLChORF02531_s_at			3.236	2.094
SauCOLChORF02533_s_at			2.268	2.487
SauCOLChORF02534_s_at			2.907	2.721
SauCOLChORF02535_s_at			3.023	3.084
SauCOLChORF02541_s_at			2.25	1.695
SauCOLChORF02546_s_at			2	2.108
SauCOLChORF02548_s_at			2.009	1.916
SauCOLChORF02592_s_at			5.435	3.469
SauCOLChORF02620_s_at			2.432	2.259
SauCOLChORF02658_s_at			1.853	1.88
SauCOLChORF02666_s_at			3.463	2.628
SauCOLChORF02667_s_at			2.498	2.765
SauCOLChORF02696_at			3.66	1.695
SauCOLChORF02719_s_at			2.612	2.882
SauCOLChORF02766_x_at			3.007	2.016
SauCOLChORF02769_x_at			4.326	2.695
SauCOLChORF02775_x_at			2.892	1.956
SauCOLChORF02783_s_at			3.4	1.865
SauCOLChORF02798_s_at			2.391	1.916
SauCOLChORF02800_at			3.597	1.857
SauCOLChORF02804_s_at			2.302	2.118
SauCOLChORF02806_at			2.856	1.79
SauCOLChORF02810_at			2.528	2.545
SauCOLChORF02815_x_at			2.533	2.529
SauCOLChORF02821_s_at			3.453	1.939
SauCOLChORF02822_s_at			2.958	2.062
SauCOLChORF02823_x_at			2.109	2.166
SauCOLChORF02829_s_at			2.521	2.038
SauCOLChORF02832_s_at			2.748	2.866
SauCOLChORF02834_at			2.936	1.709
SauCOLChORF02837_s_at			3.527	2.616
SauCOLChORF02839_s_at			2.229	2.433
SauCOLChORF02840_at			2.02	2.065
SauCOLChORF02841_s_at			3.957	1.688
SauCOLChORF02845_s_at			4.414	2.309
SauCOLChORF02847_x_at			4.101	2.035
SauCOLChORF02849_s_at			2.145	1.647
SauCOLChORF02850_s_at			3.939	1.996
SauCOLChORF02851_s_at			2.404	1.637
SauCOLChORF02853_at			2.145	2.117
SauCOLChORF02855_s_at			2.741	2.639
SauCOLChORF02856_s_at			3.254	1.674
SauCOLChORF02857_s_at			2.419	1.824
SauCOLChORF02859_s_at			3.603	2.609
SauCOLChORF02867_s_at			3.177	2.494
SauCOLChORF02869_s_at			3.159	2.351
SauCOLChORF02870_x_at			2.446	2.47
SauCOLChORF02873_at			2.961	2.361
SauCOLChORF02874_s_at			2.699	2.845
SauCOLChORF02881_s_at			3.367	3.243
SauCOLChORF02883_s_at			3.241	2.254
SauCOLChORF02901_s_at			2.977	2.037
SauCOLChORF02905_x_at			2.749	2.797
SauCOLChORF02911_s_at			3.327	2.08
SauCOLChORF02922_s_at			3.113	1.733
SauCOLChORF02923_s_at			3.196	3.489
SauCOLChORF02938_at			3.641	2.124
SauCOLChORF02963_s_at			2.629	2.525
SauCOLChORF02964_s_at			2.844	1.872
SauCOLChORF02969_s_at			2.745	2.529
SauCOLChORF02970_s_at			2.987	1.942
SauCOLChORF02973_at			2.145	2.149
SauCOLChORF02974_at			2.387	2.337
SauCOLChORF02977_s_at			2.833	2.351
SauCOLChORF02978_s_at			2.249	1.754
SauCOLChORF02979_s_at			2.46	2.245
SauCOLChORF02992_x_at			3.583	2.634
SauCOLChORF02998_s_at			3.334	2.496
SauCOLChORF03303_s_at			2.187	1.687
SauCOLChORF03304_s_at			3.848	2.78
SauCOLChORFA00001_at			4.488	3.001
SauEMRSA16ChORF1006_s_at			4.03	2.17
SauEMRSA16ChORF1012_at			2.082	2.136
SauEMRSA16ChORF102_s_at			3.743	2.435
SauEMRSA16ChORF104_s_at			1.882	1.854
SauEMRSA16ChORF1080_s_at			2.988	1.805
SauEMRSA16ChORF1089_at			2.534	1.872
SauEMRSA16ChORF1090_s_at			3.718	2.949
SauEMRSA16ChORF1097_at			2.614	1.95
SauEMRSA16ChORF10_at			2.852	2.532
SauEMRSA16ChORF1106_s_at			2.394	1.774
SauEMRSA16ChORF1108_x_at			2.724	2.681
SauEMRSA16ChORF1111_at			2.961	1.975
SauEMRSA16ChORF1112_at			2.846	2.129
SauEMRSA16ChORF1114_s_at			2.718	2.102
SauEMRSA16ChORF1117_at			3.011	2.316
SauEMRSA16ChORF1120_at			4.833	2.583
SauEMRSA16ChORF1121_at			4.266	2.704
SauEMRSA16ChORF1159_s_at			3.925	2.835
SauEMRSA16ChORF1165_at			3.71	2.382
SauEMRSA16ChORF1175_s_at			2.857	2.383
SauEMRSA16ChORF1178_s_at			3.84	2.474
SauEMRSA16ChORF1183_s_at			3.1	2.139
SauEMRSA16ChORF1184_s_at			2.504	1.754
SauEMRSA16ChORF1195_s_at			3.268	2.429
SauEMRSA16ChORF1231_at			2.564	2.606
SauEMRSA16ChORF1234_s_at			3.823	2.222
SauEMRSA16ChORF1235_at			2.822	2.011
SauEMRSA16ChORF1240_at			5.108	3.418
SauEMRSA16ChORF1251_at			2.475	2.165
SauEMRSA16ChORF1252_s_at			4.83	4.681
SauEMRSA16ChORF1283_s_at			2.928	1.867
SauEMRSA16ChORF1335_x_at			3.369	2.321
SauEMRSA16ChORF1340_at			3.317	1.809
SauEMRSA16ChORF1341_at			4.157	2.887
SauEMRSA16ChORF1344_s_at			2.763	1.832
SauEMRSA16ChORF1348_at			2.671	1.652
SauEMRSA16ChORF1364_s_at			4.307	2.676
SauEMRSA16ChORF1370_at			2.359	2.061
SauEMRSA16ChORF1370_s_at			3.919	2.038
SauEMRSA16ChORF1373_x_at			3.567	1.997
SauEMRSA16ChORF1374_x_at			3.86	3.147
SauEMRSA16ChORF1375_x_at			3.066	2.189
SauEMRSA16ChORF1380_at			3.27	1.849
SauEMRSA16ChORF1391_s_at			2.208	2.3
SauEMRSA16ChORF1393_s_at			3.508	1.651
SauEMRSA16ChORF1397_at			2.878	1.815
SauEMRSA16ChORF1399_at			3.143	2.807
SauEMRSA16ChORF1400_s_at			2.142	2.204
SauEMRSA16ChORF1409_s_at			3.427	3.088
SauEMRSA16ChORF1427_s_at			2.431	2.079
SauEMRSA16ChORF1433_s_at			2.271	2.399
SauEMRSA16ChORF1437_s_at			2.906	2.757
SauEMRSA16ChORF1442_at			2.547	1.799
SauEMRSA16ChORF1445_at			1.944	2.106
SauEMRSA16ChORF1446_at			3.305	3.215
SauEMRSA16ChORF1449_s_at			2.973	2.933
SauEMRSA16ChORF1458_at			3.649	3.133
SauEMRSA16ChORF1463_at			2.38	2.068
SauEMRSA16ChORF1463_s_at			2.339	1.777
SauEMRSA16ChORF1464_at			4.769	3.734
SauEMRSA16ChORF1478_s_at			1.939	1.742
SauEMRSA16ChORF1479_at			3.85	1.974
SauEMRSA16ChORF1496_s_at			2.074	2.238
SauEMRSA16ChORF1498_s_at			4.855	4.148
SauEMRSA16ChORF1500_s_at			2.199	1.698
SauEMRSA16ChORF1513_at			2.865	2.165
SauEMRSA16ChORF151_at			3.175	2.236
SauEMRSA16ChORF1525_at			2.417	2.717
SauEMRSA16ChORF1539_at			3.614	1.752
SauEMRSA16ChORF1580_at			4.151	2.873
SauEMRSA16ChORF1584_at			2.924	2.283
SauEMRSA16ChORF1588_at			3.631	1.71
SauEMRSA16ChORF1610_s_at			2.653	1.701
SauEMRSA16ChORF1613_at			2.031	1.663
SauEMRSA16ChORF1625_x_at			4.111	4.235
SauEMRSA16ChORF1626_x_at			1.916	1.704
SauEMRSA16ChORF1629_x_at			3.057	1.775
SauEMRSA16ChORF1632_x_at			3.19	2.373
SauEMRSA16ChORF1648_at			3.14	1.854
SauEMRSA16ChORF1651_s_at			2.642	2.007
SauEMRSA16ChORF1673_s_at			3.053	2.468
SauEMRSA16ChORF1674_at			2.688	1.703
SauEMRSA16ChORF1675_at			2.274	1.873
SauEMRSA16ChORF1690_at			3.699	2.639
SauEMRSA16ChORF1697_at			2.184	2.335
SauEMRSA16ChORF1699_at			2.995	1.668
SauEMRSA16ChORF1711_s_at			3.591	1.843
SauEMRSA16ChORF1715_at			2.868	2.388
SauEMRSA16ChORF1749_at			2.643	1.741
SauEMRSA16ChORF1750_at			2.772	1.674
SauEMRSA16ChORF1759_s_at			2.746	2.321
SauEMRSA16ChORF1761_at			2.292	2.329
SauEMRSA16ChORF1766_at			4.578	3.788
SauEMRSA16ChORF1815_s_at			2.833	2.96
SauEMRSA16ChORF181_s_at			1.772	1.775
SauEMRSA16ChORF1832_s_at			4.942	4.407
SauEMRSA16ChORF1841_at			3.596	3.222
SauEMRSA16ChORF1844_at			2.34	2.394
SauEMRSA16ChORF1846_at			4.102	2.905
SauEMRSA16ChORF1851_at			3.961	2.31
SauEMRSA16ChORF1858_at			4.472	2.278
SauEMRSA16ChORF188_s_at			1.996	1.976
SauEMRSA16ChORF1891_at			2.988	2.102
SauEMRSA16ChORF189_s_at			2.186	2.254
SauEMRSA16ChORF190_at			3.861	2.283
SauEMRSA16ChORF1916_at			2.164	2.232
SauEMRSA16ChORF1916_s_at			2.812	2.279
SauEMRSA16ChORF1917_s_at			1.905	1.815
SauEMRSA16ChORF191_at			4.318	2.803
SauEMRSA16ChORF1928_at			2.519	1.713
SauEMRSA16ChORF1945_s_at			2.31	2.268
SauEMRSA16ChORF1946_s_at			5.661	4.388
SauEMRSA16ChORF1964_at			1.667	1.663
SauEMRSA16ChORF196_at			2.774	2.709
SauEMRSA16ChORF1978_s_at			2.086	2.136
SauEMRSA16ChORF197_x_at			3.508	1.757
SauEMRSA16ChORF1981_s_at			2.304	2.32
SauEMRSA16ChORF1988_at			2.381	2.043
SauEMRSA16ChORF198_s_at			3.589	1.726
SauEMRSA16ChORF19_s_at			2.045	1.643
SauEMRSA16ChORF2064_at			3.167	2.898
SauEMRSA16ChORF2065_s_at			2.367	2.513
SauEMRSA16ChORF2069_at			2.091	1.867
SauEMRSA16ChORF2071_at			1.985	2.056
SauEMRSA16ChORF2078_at			2.766	1.79
SauEMRSA16ChORF2079_x_at			2.62	2.354
SauEMRSA16ChORF2082_at			2.502	1.828
SauEMRSA16ChORF2084_at			3.389	3.142
SauEMRSA16ChORF2092_s_at			2.281	1.92
SauEMRSA16ChORF2097_at			3.693	2.008
SauEMRSA16ChORF2109_at			3.659	2.932
SauEMRSA16ChORF2117_s_at			4.517	2.555
SauEMRSA16ChORF2119_at			2.708	2.203
SauEMRSA16ChORF2132_s_at			3.301	2.157
SauEMRSA16ChORF2137_s_at			2.155	1.929
SauEMRSA16ChORF2151_s_at			2.005	1.749
SauEMRSA16ChORF2156_at			3.608	2.919
SauEMRSA16ChORF2162_at			4.558	2.982
SauEMRSA16ChORF21_s_at			3.448	1.883
SauEMRSA16ChORF2215_s_at			3.02	2.017
SauEMRSA16ChORF2239_at			2.741	2.111
SauEMRSA16ChORF226_x_at			2.963	2.329
SauEMRSA16ChORF230_at			2.809	2.456
SauEMRSA16ChORF231_at			2.717	1.883
SauEMRSA16ChORF232_s_at			3.791	2.811
SauEMRSA16ChORF2335_x_at			2.093	1.693
SauEMRSA16ChORF2337_at			3.236	1.907
SauEMRSA16ChORF2338_s_at			3.569	2.004
SauEMRSA16ChORF2340_at			4.058	3.132
SauEMRSA16ChORF2344_s_at			2.098	1.809
SauEMRSA16ChORF2375_s_at			1.952	2.185
SauEMRSA16ChORF2376_x_at			2.906	1.842
SauEMRSA16ChORF238_s_at			3.796	2.085
SauEMRSA16ChORF2390_at			3.247	3.112
SauEMRSA16ChORF2417_s_at			3.748	2.899
SauEMRSA16ChORF241_at			3.812	3.351
SauEMRSA16ChORF243_at			2.686	1.931
SauEMRSA16ChORF2462_s_at			3.589	2.617
SauEMRSA16ChORF246_at			3.614	2.713
SauEMRSA16ChORF2478_at			2.549	2.251
SauEMRSA16ChORF247_s_at			3.721	2.838
SauEMRSA16ChORF2485_x_at			3.761	2.267
SauEMRSA16ChORF248_at			3.829	3.173
SauEMRSA16ChORF249_at			2.144	2.39
SauEMRSA16ChORF249_s_at			2.442	1.982
SauEMRSA16ChORF2500_s_at			3.917	3.855
SauEMRSA16ChORF2505_s_at			5.268	3.332
SauEMRSA16ChORF2528_at			2.443	2.018
SauEMRSA16ChORF2529_at			3.229	1.707
SauEMRSA16ChORF2533_at			2.334	2.193
SauEMRSA16ChORF2537_at			2.609	1.986
SauEMRSA16ChORF2537_s_at			3.027	1.768
SauEMRSA16ChORF254_at			3.143	2.039
SauEMRSA16ChORF2570_at			3.104	2.166
SauEMRSA16ChORF2570_s_at			2.528	2.129
SauEMRSA16ChORF2574_s_at			2.95	2.232
SauEMRSA16ChORF258_at			2.156	2.194
SauEMRSA16ChORF2641_s_at			3.386	1.728
SauEMRSA16ChORF2642_s_at			4.21	2.461
SauEMRSA16ChORF265_s_at			2.484	2.576
SauEMRSA16ChORF2661_s_at			2.556	1.725
SauEMRSA16ChORF2662_at			4.561	3.466
SauEMRSA16ChORF267_at			2.602	2.702
SauEMRSA16ChORF2684_at			3.055	2.174
SauEMRSA16ChORF268_at			2.45	2.732
SauEMRSA16ChORF2695_at			2.468	2.093
SauEMRSA16ChORF2696_s_at			3.45	2.987
SauEMRSA16ChORF2698_at			3.303	3.192
SauEMRSA16ChORF2699_s_at			2.213	2.001
SauEMRSA16ChORF2700_s_at			2.16	2.089
SauEMRSA16ChORF2703_at			1.976	1.892
SauEMRSA16ChORF270_at			2.991	2.296
SauEMRSA16ChORF271_at			2.709	2.356
SauEMRSA16ChORF2725_at			5.017	2.496
SauEMRSA16ChORF2727_at			3.335	1.973
SauEMRSA16ChORF2728_s_at			2.316	2.446
SauEMRSA16ChORF272_at			2.156	1.695
SauEMRSA16ChORF2742_x_at			2.18	1.661
SauEMRSA16ChORF2743_x_at			2.038	1.681
SauEMRSA16ChORF2754_s_at			2.481	1.942
SauEMRSA16ChORF2784_at			2.403	1.742
SauEMRSA16ChORF278_s_at			3.06	2.278
SauEMRSA16ChORF2792_at			4.338	4.073
SauEMRSA16ChORF2793_at			4.191	2.193
SauEMRSA16ChORF2796_at			3.202	2.181
SauEMRSA16ChORF2798_at			2.061	2.041
SauEMRSA16ChORF279_x_at			2.54	2.38
SauEMRSA16ChORF2805_s_at			3.236	1.784
SauEMRSA16ChORF280_at			2.612	2.511
SauEMRSA16ChORF2814_s_at			5.811	3.174
SauEMRSA16ChORF2823_at			2.312	2.063
SauEMRSA16ChORF2824_at			3.617	3.379
SauEMRSA16ChORF2825_s_at			2.554	2.299
SauEMRSA16ChORF2845_at			1.902	1.881
SauEMRSA16ChORF2859_at			2.793	1.929
SauEMRSA16ChORF2860_s_at			3.359	2.74
SauEMRSA16ChORF2872_at			2.677	1.836
SauEMRSA16ChORF2879_s_at			2.526	2.465
SauEMRSA16ChORF2883_at			2.183	1.99
SauEMRSA16ChORF2908_at			3.121	3.052
SauEMRSA16ChORF2908_s_at			2.372	2.007
SauEMRSA16ChORF2914_s_at			3.382	1.957
SauEMRSA16ChORF2915_s_at			3.653	3.452
SauEMRSA16ChORF2927_s_at			3.553	1.955
SauEMRSA16ChORF2931_at			2.915	1.984
SauEMRSA16ChORF2941_s_at			2.912	2.022
SauEMRSA16ChORF2943_at			3.195	2.097
SauEMRSA16ChORF2964_at			2.906	2.253
SauEMRSA16ChORF2988_x_at			2.391	1.734
SauEMRSA16ChORF300_s_at			3.379	1.869
SauEMRSA16ChORF306_at			2.544	2.73
SauEMRSA16ChORF307_s_at			3.499	2.632
SauEMRSA16ChORF33_s_at			4.224	2.523
SauEMRSA16ChORF344_at			2.573	1.702
SauEMRSA16ChORF389_x_at			3.586	3.015
SauEMRSA16ChORF414_s_at			3.533	2.25
SauEMRSA16ChORF41_x_at			2.536	2.565
SauEMRSA16ChORF424_s_at			2.422	2.608
SauEMRSA16ChORF434_at			2.239	2.136
SauEMRSA16ChORF436_at			2.94	2.923
SauEMRSA16ChORF44_at			1.669	1.761
SauEMRSA16ChORF457_s_at			2.217	2.387
SauEMRSA16ChORF465_at			2.266	1.845
SauEMRSA16ChORF466_at			3.213	1.768
SauEMRSA16ChORF467_at			3.688	2.197
SauEMRSA16ChORF468_at			3.359	1.988
SauEMRSA16ChORF46_at			3.086	1.96
SauEMRSA16ChORF498_at			2.655	2.236
SauEMRSA16ChORF515_s_at			2.822	1.839
SauEMRSA16ChORF53_at			1.979	1.875
SauEMRSA16ChORF543_s_at			3.149	2.061
SauEMRSA16ChORF547_s_at			2.785	1.968
SauEMRSA16ChORF590_at			2.006	1.64
SauEMRSA16ChORF592_at			3.668	2.611
SauEMRSA16ChORF612_s_at			2.315	2
SauEMRSA16ChORF678_at			3.255	1.908
SauEMRSA16ChORF696_s_at			2.776	1.796
SauEMRSA16ChORF704_at			2.948	3.092
SauEMRSA16ChORF708_at			2.346	2.32
SauEMRSA16ChORF708_s_at			3.452	2.373
SauEMRSA16ChORF712_at			4.478	3.607
SauEMRSA16ChORF720_s_at			2.428	2.41
SauEMRSA16ChORF751_s_at			3.05	1.808
SauEMRSA16ChORF76_s_at			2.911	2.738
SauEMRSA16ChORF772_at			2.85	3.032
SauEMRSA16ChORF867_at			2.942	2.14
SauEMRSA16ChORF8_s_at			4.673	2.552
SauEMRSA16ChORF903_at			2.553	2.612
SauEMRSA16ChORF907_at			3.313	1.986
SauEMRSA16ChORF909_x_at			2.428	2.651
SauEMRSA16ChORF912_at			2.216	1.705
SauEMRSA16ChORF914_at			4.147	2.321
SauEMRSA16ChORF915_at			2.662	2.459
SauEMRSA16ChORF923_s_at			2.461	2.231
SauEMRSA16ChORF92_at			3.046	1.684
SauEMRSA16ChORF946_at			2.406	1.713
SauEMRSA16ChORF947_at			3.326	2.167
SauEMRSA16ChORF970_s_at			4.367	2.58
SauEMRSA16ChORF980_at			4.801	2.53
SauEMRSA16ChORF985_at			3.915	2.437
SauEMRSA16ChORF986_s_at			2.832	1.95
SauEMRSA16ChORF989_s_at			2.993	1.671
SauEMRSA16ChORF990_s_at			3.513	3.055
SauEMRSA16ChORF997_x_at			3.03	2.536
SauMSSA476_109b-2_s_at			3.648	2.427
SauMSSA476_207h-66_at			3.949	2.276
SauMSSA476_207h-89_x_at			4.447	3.458
SauMSSA476_306h-36_s_at			3.361	2.571
SauMSSA476_306h-5_at			2.961	2.474
SauMSSA476_306h-9_s_at			1.915	2.071
SauMSSA476_324f-11_at			3.159	3.128
SauMSSA476_324f-2_x_at			3.144	2.11
SauMSSA476_324f-6_x_at			3.912	2.136
SauMSSA476_400g-261_at			3.473	2.135
SauMSSA476_400g-31_s_at			2.929	2.299
SauMSSA476_400g-320_at			1.994	2.103
SauMSSA476_400g-57_s_at			2.472	2.311
SauMSSA476_400g-59_at			2.856	1.799
SauMSSA476_400g-66_at			3.148	2.584
SauMSSA476_400g-69_s_at			2.885	3.163
SauMSSA476_400g-71_x_at			2.928	1.992
SauMSSA476_484h-206_s_at			2.221	2.245
SauMSSA476_484h-210_s_at			2.493	1.857
SauMSSA476_484h-257_x_at			3.003	1.702
SauMSSA476_484h-258_s_at			2.101	2.132
SauMSSA476_484h-262_s_at			3.709	1.849
SauMSSA476_484h-353_x_at			3.268	2.738
SauMSSA476_484h-354_x_at			3.166	2.713
SauMSSA476_484h-355_x_at			2.333	1.995
SauMSSA476_575g-1062_at			1.877	1.854
SauMSSA476_575g-140_s_at			2.387	2.25
SauMSSA476_575g-1_s_at			3.403	2.003
SauMSSA476_575g-218_s_at			2.15	2.223
SauMSSA476_575g-257_at			2.034	1.865
SauMSSA476_575g-259_at			3.303	2.469
SauMSSA476_575g-274_s_at			2.304	1.887
SauMSSA476_575g-278_x_at			1.771	1.866
SauMSSA476_575g-279_at			3.259	2.212
SauMSSA476_575g-280_at			2.239	2.323
SauMSSA476_575g-359_s_at			3.313	1.708
SauMSSA476_575g-422_x_at			1.732	1.84
SauMSSA476_575g-425_x_at			4.016	2.748
SauMSSA476_575g-429_s_at			4.916	3.29
SauMSSA476_575g-44_s_at			2.698	1.906
SauMSSA476_575g-485_at			3.164	2.094
SauMSSA476_575g-486_at			2.091	1.813
SauMSSA476_575g-487_at			3.167	1.938
SauMSSA476_575g-490_s_at			2.262	2.104
SauMSSA476_575g-491_at			2.984	2.799
SauMSSA476_575g-504_at			2.61	2.234
SauMSSA476_575g-505_at			2.454	2.043
SauMSSA476_575g-506_at			2.411	2.373
SauMSSA476_575g-551_at			4.204	2.353
SauMSSA476_575g-556_at			3.062	1.676
SauMSSA476_575g-557_at			2.148	1.689
SauMSSA476_575g-562_at			3.816	2.622
SauMSSA476_575g-567_at			3.506	2.557
SauMSSA476_575g-589_x_at			3.151	1.907
SauMSSA476_575g-684_s_at			2.898	1.649
SauMSSA476_575g-700_at			2.609	2.605
SauMSSA476_575g-705_at			3.412	2.639
SauMSSA476_575g-712_at			2.682	1.969
SauMSSA476_575g-7_at			4.558	3.881
SauMSSA476_575g-878_x_at			2.023	2.11
SauMSSA476_575g-880_at			3.872	2.552
SauMSSA476_575g-883_x_at			3.192	2.352
SauMSSA476_575g-885_x_at			3.163	2.08
SauMSSA476_575g-88_s_at			2.547	2.011
SauMSSA476_575g-906_s_at			3.46	2.515
SauMSSA476_J8624-202_at			2.807	1.769
SauMSSA476_J8624-229_s_at			3.042	2.158
SauMSSA476_J8624-246_s_at			2.183	2.33
SauMSSA476_J8624-248_x_at			4.298	2.881
SauMSSA476_J8624-292_s_at			3.288	2.023
SauMSSA476_J8624-313_s_at			4.156	2.705
SauMSSA476_J8624-547_s_at			2.247	2.333
SauMSSA476_J8624-574_at			2.64	1.697
SauMSSA476_J8624-68_at			4.673	3.898
SauMSSA476_J8624-69_x_at			3.212	1.886
SauMu50_VRSApORF001_at			3.64	2.243
SauMu50_VRSApORF005_at			2.432	2.442
SauMu50_VRSApORF010_at			3.079	2.135
SauMu50_VRSApORF017_at			1.912	1.78
SauMu50_VRSApORF021_x_at			4.995	3.709
SauMu50_VRSApORF026_at			3.564	2.501
SauMu50_VRSApORF027_at			3.636	2.229
SauMu50_VRSApORF030_at			2.03	2.092
SauMu50_VRSApORF031_at			3.707	2.485
SauMu50_VRSApORF032_at			3.079	1.748
SauMu50_VRSApORF033_at			3.322	2.182
SauMu50ChORFSAV0003_s_at			2.914	2.726
SauMu50ChORFSAV0007_s_at			2.213	2.122
SauMu50ChORFSAV0009_s_at			3.695	3.049
SauMu50ChORFSAV0011_s_at			3.269	2.135
SauMu50ChORFSAV0013_s_at			2.024	1.797
SauMu50ChORFSAV0015_s_at			1.935	1.752
SauMu50ChORFSAV0016_s_at			2.534	2.131
SauMu50ChORFSAV0018_s_at			2.25	2.235
SauMu50ChORFSAV0020_s_at			3.533	1.683
SauMu50ChORFSAV0022_s_at			3.893	2.279
SauMu50ChORFSAV0026_s_at			2.083	1.848
SauMu50ChORFSAV0027_s_at			2.271	2.425
SauMu50ChORFSAV0029_s_at			3.011	2.24
SauMu50ChORFSAV0035_s_at			1.814	1.803
SauMu50ChORFSAV0040_s_at			4.243	2.695
SauMu50ChORFSAV0041_s_at			2.808	2.972
SauMu50ChORFSAV0042_s_at			4.363	3.096
SauMu50ChORFSAV0047_s_at			2.464	1.987
SauMu50ChORFSAV0049_s_at			2.815	1.681
SauMu50ChORFSAV0052_s_at			2.839	2.931
SauMu50ChORFSAV0058_s_at			4.308	3.906
SauMu50ChORFSAV0060_s_at			4.514	4.094
SauMu50ChORFSAV0064_s_at			3.384	2.06
SauMu50ChORFSAV0068_s_at			1.887	1.795
SauMu50ChORFSAV0070_s_at			4.169	3.444
SauMu50ChORFSAV0072_at			2.339	2.519
SauMu50ChORFSAV0073_s_at			2.535	1.685
SauMu50ChORFSAV0074_s_at			2.476	2.13
SauMu50ChORFSAV0075_s_at			3.796	2.461
SauMu50ChORFSAV0076_s_at			2.543	2.28
SauMu50ChORFSAV0079_s_at			3.405	3.078
SauMu50ChORFSAV0080_s_at			3.757	3.212
SauMu50ChORFSAV0083_x_at			2.002	1.987
SauMu50ChORFSAV0084_s_at			2.905	1.941
SauMu50ChORFSAV0087_s_at			3.936	2.906
SauMu50ChORFSAV0096_s_at			2.678	2.903
SauMu50ChORFSAV0097_s_at			3.221	1.713
SauMu50ChORFSAV0098_s_at			3.368	2.033
SauMu50ChORFSAV0102_s_at			3.744	2.058
SauMu50ChORFSAV0103_s_at			3.223	1.734
SauMu50ChORFSAV0104_s_at			1.762	1.673
SauMu50ChORFSAV0105_at			4.074	2.979
SauMu50ChORFSAV0114_s_at			4.163	2.635
SauMu50ChORFSAV0116_s_at			2.301	1.828
SauMu50ChORFSAV0117_s_at			3.848	2.707
SauMu50ChORFSAV0122_s_at			3.54	3.293
SauMu50ChORFSAV0124_s_at			2.913	2.528
SauMu50ChORFSAV0131_s_at			2.727	2.368
SauMu50ChORFSAV0133_s_at			2.403	1.784
SauMu50ChORFSAV0135_s_at			3.55	2.055
SauMu50ChORFSAV0136_s_at			2.159	2.196
SauMu50ChORFSAV0139_s_at			2.425	2.542
SauMu50ChORFSAV0144_s_at			2.986	2.669
SauMu50ChORFSAV0145_s_at			2.327	1.66
SauMu50ChORFSAV0152_s_at			2.21	2.39
SauMu50ChORFSAV0154_s_at			2.256	2
SauMu50ChORFSAV0158_s_at			3.462	2.569
SauMu50ChORFSAV0160_s_at			3.182	3.07
SauMu50ChORFSAV0161_s_at			2.911	2.269
SauMu50ChORFSAV0164_s_at			2.737	2.721
SauMu50ChORFSAV0168_s_at			2.867	2.691
SauMu50ChORFSAV0171_s_at			2.544	1.687
SauMu50ChORFSAV0172_s_at			3.859	2.792
SauMu50ChORFSAV0174_s_at			2.575	1.639
SauMu50ChORFSAV0176_s_at			2.91	2.566
SauMu50ChORFSAV0180_s_at			2.372	1.785
SauMu50ChORFSAV0181_s_at			3.205	2.02
SauMu50ChORFSAV0182_s_at			3.707	2.126
SauMu50ChORFSAV0184_s_at			2.915	2.806
SauMu50ChORFSAV0186_s_at			2.234	2.034
SauMu50ChORFSAV0187_s_at			2.432	1.646
SauMu50ChORFSAV0188_s_at			2.939	2.733
SauMu50ChORFSAV0189_s_at			2.685	2.631
SauMu50ChORFSAV0190_s_at			3.166	2.793
SauMu50ChORFSAV0191_s_at			2.081	1.677
SauMu50ChORFSAV0192_s_at			2.382	1.66
SauMu50ChORFSAV0195_s_at			1.932	1.968
SauMu50ChORFSAV0198_s_at			3.064	3.028
SauMu50ChORFSAV0199_s_at			2.168	2.033
SauMu50ChORFSAV0200_s_at			2.358	2.245
SauMu50ChORFSAV0202_s_at			3.178	2.49
SauMu50ChORFSAV0208_s_at			3.429	3.037
SauMu50ChORFSAV0211_s_at			2.875	2.144
SauMu50ChORFSAV0212_s_at			3.371	2.029
SauMu50ChORFSAV0213_s_at			2.226	1.927
SauMu50ChORFSAV0214_s_at			3.239	3.033
SauMu50ChORFSAV0216_s_at			2.846	2.838
SauMu50ChORFSAV0219_s_at			2.475	1.643
SauMu50ChORFSAV0223_s_at			2.866	1.795
SauMu50ChORFSAV0227_s_at			2.688	2.453
SauMu50ChORFSAV0228_s_at			3.126	1.775
SauMu50ChORFSAV0229_s_at			2.563	1.75
SauMu50ChORFSAV0230_s_at			3.606	2.454
SauMu50ChORFSAV0232_s_at			2.837	2.475
SauMu50ChORFSAV0233_s_at			4.423	3.034
SauMu50ChORFSAV0235_s_at			3.335	2.188
SauMu50ChORFSAV0237_s_at			2.877	1.873
SauMu50ChORFSAV0247_s_at			2.048	2.209
SauMu50ChORFSAV0254_s_at			2.374	2.27
SauMu50ChORFSAV0255_s_at			2.574	2.263
SauMu50ChORFSAV0259_s_at			2.167	2.307
SauMu50ChORFSAV0260_s_at			2.388	2.525
SauMu50ChORFSAV0262_s_at			3.896	2.881
SauMu50ChORFSAV0268_s_at			3.524	2.387
SauMu50ChORFSAV0276_s_at			1.825	1.755
SauMu50ChORFSAV0277_s_at			3.153	2.365
SauMu50ChORFSAV0279_s_at			3.404	2.286
SauMu50ChORFSAV0281_s_at			2.117	1.944
SauMu50ChORFSAV0283_s_at			2.631	1.761
SauMu50ChORFSAV0285_s_at			3.789	2.51
SauMu50ChORFSAV0288_s_at			2.339	1.989
SauMu50ChORFSAV0290_s_at			2.135	2.26
SauMu50ChORFSAV0301_s_at			3.684	2.841
SauMu50ChORFSAV0304_s_at			4.762	3.208
SauMu50ChORFSAV0307_s_at			2.164	2.03
SauMu50ChORFSAV0310_s_at			3.276	3.013
SauMu50ChORFSAV0311_s_at			2.783	2.825
SauMu50ChORFSAV0315_s_at			3.81	2.355
SauMu50ChORFSAV0316_s_at			2.479	2.343
SauMu50ChORFSAV0321_s_at			2.827	1.633
SauMu50ChORFSAV0324_s_at			3.489	1.791
SauMu50ChORFSAV0325_s_at			5.362	4.42
SauMu50ChORFSAV0330_s_at			3.253	1.936
SauMu50ChORFSAV0331_s_at			5.054	4.149
SauMu50ChORFSAV0332_s_at			2.242	2.084
SauMu50ChORFSAV0334_s_at			2.213	2.43
SauMu50ChORFSAV0340_s_at			2.175	2.38
SauMu50ChORFSAV0344_s_at			3.168	2.125
SauMu50ChORFSAV0350_s_at			3.847	2.354
SauMu50ChORFSAV0356_s_at			3.831	2.592
SauMu50ChORFSAV0357_s_at			2.249	2.272
SauMu50ChORFSAV0358_s_at			3.478	1.928
SauMu50ChORFSAV0359_s_at			2.845	2.724
SauMu50ChORFSAV0370_s_at			2.594	1.91
SauMu50ChORFSAV0375_s_at			3.773	2.455
SauMu50ChORFSAV0376_s_at			4.811	4.395
SauMu50ChORFSAV0381_s_at			3.782	3.723
SauMu50ChORFSAV0383_s_at			2.137	1.875
SauMu50ChORFSAV0393_at			2.5	2.015
SauMu50ChORFSAV0394_at			3.524	2.168
SauMu50ChORFSAV0400_at			2.046	2.125
SauMu50ChORFSAV0401_at			2.669	2.216
SauMu50ChORFSAV0406_at			2.904	1.834
SauMu50ChORFSAV0407_at			3.676	2.15
SauMu50ChORFSAV0408_at			3.247	1.849
SauMu50ChORFSAV0409_at			2.337	2.061
SauMu50ChORFSAV0410_at			3.21	1.876
SauMu50ChORFSAV0411_at			2.394	2.285
SauMu50ChORFSAV0412_at			2.32	1.912
SauMu50ChORFSAV0414_at			3.452	1.816
SauMu50ChORFSAV0415_at			1.932	1.776
SauMu50ChORFSAV0419_x_at			2.909	2.55
SauMu50ChORFSAV0420_s_at			2.769	1.854
SauMu50ChORFSAV0426_s_at			3.058	2.014
SauMu50ChORFSAV0429_s_at			3.291	1.681
SauMu50ChORFSAV0430_s_at			2.347	2.168
SauMu50ChORFSAV0432_s_at			2.598	2.494
SauMu50ChORFSAV0433_s_at			3.161	2.702
SauMu50ChORFSAV0434_s_at			3.921	2.185
SauMu50ChORFSAV0435_at			2.645	1.807
SauMu50ChORFSAV0439_s_at			5.421	4.452
SauMu50ChORFSAV0444_s_at			3.19	2.459
SauMu50ChORFSAV0447_s_at			4.489	2.834
SauMu50ChORFSAV0451_s_at			3.937	3.072
SauMu50ChORFSAV0452_s_at			2.827	2.716
SauMu50ChORFSAV0453_s_at			2.985	2.462
SauMu50ChORFSAV0454_s_at			3.374	2.202
SauMu50ChORFSAV0457_s_at			2.736	1.873
SauMu50ChORFSAV0468_s_at			2.122	1.697
SauMu50ChORFSAV0470_s_at			2.539	1.677
SauMu50ChORFSAV0473_s_at			2.662	2.469
SauMu50ChORFSAV0477_s_at			3.291	3.4
SauMu50ChORFSAV0478_s_at			4.718	4.328
SauMu50ChORFSAV0479_s_at			3.535	3.47
SauMu50ChORFSAV0483_s_at			2.347	2.255
SauMu50ChORFSAV0485_s_at			2.168	2.148
SauMu50ChORFSAV0489_s_at			3.219	1.814
SauMu50ChORFSAV0490_s_at			2.933	2.698
SauMu50ChORFSAV0491_s_at			2.052	2.004
SauMu50ChORFSAV0492_s_at			1.82	1.732
SauMu50ChORFSAV0493_s_at			2.399	2.335
SauMu50ChORFSAV0495_s_at			3.495	2.278
SauMu50ChORFSAV0498_s_at			3.422	1.782
SauMu50ChORFSAV0499_s_at			2.922	2.712
SauMu50ChORFSAV0502_s_at			3.08	1.711
SauMu50ChORFSAV0503_s_at			3.082	1.951
SauMu50ChORFSAV0504_s_at			2.594	2.292
SauMu50ChORFSAV0506_s_at			3.413	2.02
SauMu50ChORFSAV0507_s_at			3.058	1.83
SauMu50ChORFSAV0508_s_at			3.172	1.84
SauMu50ChORFSAV0509_s_at			2.014	2.049
SauMu50ChORFSAV0510_s_at			2.673	2.855
SauMu50ChORFSAV0512_s_at			2.847	1.843
SauMu50ChORFSAV0514_s_at			1.713	1.812
SauMu50ChORFSAV0515_s_at			2.216	2.488
SauMu50ChORFSAV0517_s_at			2.826	2.749
SauMu50ChORFSAV0519_s_at			2.463	1.782
SauMu50ChORFSAV0521_s_at			2.457	2.253
SauMu50ChORFSAV0524_s_at			2.889	2.072
SauMu50ChORFSAV0525_s_at			2.499	1.732
SauMu50ChORFSAV0527_s_at			3.55	2.766
SauMu50ChORFSAV0530_s_at			2.432	1.725
SauMu50ChORFSAV0531_s_at			3.585	2.202
SauMu50ChORFSAV0533_s_at			3.271	2.49
SauMu50ChORFSAV0534_s_at			3.029	2.624
SauMu50ChORFSAV0535_s_at			2.86	2.442
SauMu50ChORFSAV0538_s_at			3.183	2.69
SauMu50ChORFSAV0540_s_at			2.754	2.517
SauMu50ChORFSAV0542_s_at			2.881	2.338
SauMu50ChORFSAV0544_s_at			2.801	1.633
SauMu50ChORFSAV0546_s_at			3.039	2.548
SauMu50ChORFSAV0551_s_at			2.712	2.506
SauMu50ChORFSAV0554_s_at			3.152	2.802
SauMu50ChORFSAV0555_s_at			2.289	2.508
SauMu50ChORFSAV0556_s_at			3.902	2.073
SauMu50ChORFSAV0558_s_at			2.783	2.249
SauMu50ChORFSAV0569_s_at			2.747	1.876
SauMu50ChORFSAV0571_s_at			3.463	2.703
SauMu50ChORFSAV0577_s_at			2.392	2.106
SauMu50ChORFSAV0578_s_at			3.433	2.662
SauMu50ChORFSAV0581_s_at			2.681	1.874
SauMu50ChORFSAV0582_s_at			3.221	1.854
SauMu50ChORFSAV0590_s_at			2.288	1.659
SauMu50ChORFSAV0591_s_at			2.381	2.047
SauMu50ChORFSAV0592_s_at			2.074	1.933
SauMu50ChORFSAV0593_s_at			2.443	2.353
SauMu50ChORFSAV0600_s_at			2.219	2.381
SauMu50ChORFSAV0601_s_at			3.046	1.862
SauMu50ChORFSAV0602_s_at			2.895	1.933
SauMu50ChORFSAV0604_s_at			2.196	2.213
SauMu50ChORFSAV0605_s_at			3.194	2.871
SauMu50ChORFSAV0606_s_at			2.926	2.013
SauMu50ChORFSAV0607_s_at			2.835	2.884
SauMu50ChORFSAV0609_s_at			2.456	2.503
SauMu50ChORFSAV0611_s_at			4.414	3.803
SauMu50ChORFSAV0612_s_at			2.77	2.516
SauMu50ChORFSAV0617_s_at			4.76	2.935
SauMu50ChORFSAV0619_s_at			2.545	2.419
SauMu50ChORFSAV0622_s_at			4.015	2.406
SauMu50ChORFSAV0623_s_at			3.813	2.023
SauMu50ChORFSAV0625_s_at			3.763	3.362
SauMu50ChORFSAV0628_s_at			3.254	2.426
SauMu50ChORFSAV0629_s_at			3.513	2.841
SauMu50ChORFSAV0633_s_at			3.602	2.286
SauMu50ChORFSAV0634_s_at			2.392	1.784
SauMu50ChORFSAV0635_s_at			2.927	2.246
SauMu50ChORFSAV0638_s_at			3.094	1.654
SauMu50ChORFSAV0639_s_at			3.573	2.436
SauMu50ChORFSAV0640_s_at			4.541	2.538
SauMu50ChORFSAV0645_s_at			3.283	2.856
SauMu50ChORFSAV0646_s_at			2.755	2.005
SauMu50ChORFSAV0648_s_at			2.58	2.578
SauMu50ChORFSAV0651_s_at			1.632	1.635
SauMu50ChORFSAV0652_s_at			3.134	1.642
SauMu50ChORFSAV0655_s_at			4.19	3.008
SauMu50ChORFSAV0657_s_at			2.413	1.914
SauMu50ChORFSAV0658_s_at			2.174	1.762
SauMu50ChORFSAV0660_s_at			2.668	2.54
SauMu50ChORFSAV0663_s_at			2.707	2.879
SauMu50ChORFSAV0665_s_at			3.295	2.432
SauMu50ChORFSAV0669_s_at			2.863	1.733
SauMu50ChORFSAV0670_s_at			2.369	2.059
SauMu50ChORFSAV0674_s_at			2.563	1.865
SauMu50ChORFSAV0675_s_at			2.96	2.492
SauMu50ChORFSAV0676_s_at			2.408	2.055
SauMu50ChORFSAV0678_s_at			3.194	1.89
SauMu50ChORFSAV0679_s_at			4.48	3.008
SauMu50ChORFSAV0680_s_at			2.983	1.886
SauMu50ChORFSAV0681_s_at			2.413	2.271
SauMu50ChORFSAV0685_s_at			3.157	2.168
SauMu50ChORFSAV0687_s_at			4.4	2.782
SauMu50ChORFSAV0688_s_at			1.832	1.94
SauMu50ChORFSAV0697_s_at			3.383	3.158
SauMu50ChORFSAV0699_s_at			2.253	2.165
SauMu50ChORFSAV0701_s_at			1.928	1.863
SauMu50ChORFSAV0703_s_at			2.203	1.868
SauMu50ChORFSAV0705_s_at			3.171	2.459
SauMu50ChORFSAV0707_s_at			2.124	1.896
SauMu50ChORFSAV0710_s_at			3.405	2.576
SauMu50ChORFSAV0714_s_at			2.424	2.353
SauMu50ChORFSAV0716_s_at			3.477	3.09
SauMu50ChORFSAV0719_s_at			1.909	2.001
SauMu50ChORFSAV0722_s_at			1.943	2.005
SauMu50ChORFSAV0723_s_at			1.92	1.832
SauMu50ChORFSAV0727_s_at			2.769	1.932
SauMu50ChORFSAV0731_s_at			2.886	2.985
SauMu50ChORFSAV0733_s_at			2.498	2.015
SauMu50ChORFSAV0735_s_at			2.608	1.788
SauMu50ChORFSAV0738_s_at			2.154	1.966
SauMu50ChORFSAV0745_s_at			3.608	2.078
SauMu50ChORFSAV0746_s_at			2.623	2.022
SauMu50ChORFSAV0750_s_at			3.842	1.856
SauMu50ChORFSAV0751_s_at			2.731	2.511
SauMu50ChORFSAV0757_s_at			3.617	2.019
SauMu50ChORFSAV0759_s_at			2.896	3.031
SauMu50ChORFSAV0760_s_at			2.978	3.157
SauMu50ChORFSAV0761_s_at			3.245	2.788
SauMu50ChORFSAV0768_s_at			3.544	1.993
SauMu50ChORFSAV0769_s_at			2.031	2.102
SauMu50ChORFSAV0773_s_at			2.302	2.39
SauMu50ChORFSAV0774_s_at			2.663	2.687
SauMu50ChORFSAV0775_s_at			2.855	2.243
SauMu50ChORFSAV0777_s_at			5.037	4.652
SauMu50ChORFSAV0778_s_at			1.962	1.664
SauMu50ChORFSAV0780_at			3.035	2.42
SauMu50ChORFSAV0780_s_at			3.273	2.987
SauMu50ChORFSAV0783_at			3.068	2.936
SauMu50ChORFSAV0789_x_at			3.561	1.788
SauMu50ChORFSAV0791_at			2.847	2.106
SauMu50ChORFSAV0792_s_at			2.523	1.909
SauMu50ChORFSAV0806_s_at			3.242	1.812
SauMu50ChORFSAV0816_s_at			2.48	2.227
SauMu50ChORFSAV0817_s_at			3.101	2.635
SauMu50ChORFSAV0818_s_at			3.163	1.731
SauMu50ChORFSAV0819_s_at			2.23	1.837
SauMu50ChORFSAV0820_s_at			3.383	2.517
SauMu50ChORFSAV0821_s_at			3.559	1.937
SauMu50ChORFSAV0823_s_at			2.576	1.781
SauMu50ChORFSAV0828_s_at			3.717	2.942
SauMu50ChORFSAV0832_s_at			2.333	1.798
SauMu50ChORFSAV0840_x_at			2.693	2.834
SauMu50ChORFSAV0842_s_at			2.541	2.494
SauMu50ChORFSAV0843_s_at			3.259	2.224
SauMu50ChORFSAV0845_s_at			4.337	3.26
SauMu50ChORFSAV0850_s_at			3.159	1.665
SauMu50ChORFSAV0851_s_at			3.785	2.768
SauMu50ChORFSAV0855_at			3.375	3.093
SauMu50ChORFSAV0857_s_at			2.111	2.152
SauMu50ChORFSAV0859_s_at			4.272	2.801
SauMu50ChORFSAV0860_s_at			4.447	2.803
SauMu50ChORFSAV0862_s_at			2.596	1.875
SauMu50ChORFSAV0869_at			2.546	1.716
SauMu50ChORFSAV0874_x_at			2.278	2
SauMu50ChORFSAV0875_x_at			2.215	2.367
SauMu50ChORFSAV0877_x_at			2.237	2.271
SauMu50ChORFSAV0878_s_at			3.346	2.088
SauMu50ChORFSAV0879_s_at			2.87	2.111
SauMu50ChORFSAV0881_at			2.42	2.263
SauMu50ChORFSAV0884_s_at			2.868	2.542
SauMu50ChORFSAV0885_s_at			2.449	2.297
SauMu50ChORFSAV0886_s_at			3.278	2.179
SauMu50ChORFSAV0888_s_at			3.181	2.425
SauMu50ChORFSAV0892_s_at			3.445	2.721
SauMu50ChORFSAV0894_s_at			4.62	3.064
SauMu50ChORFSAV0896_x_at			2.402	1.934
SauMu50ChORFSAV0898_s_at			2.359	2.573
SauMu50ChORFSAV0905_at			2.138	1.789
SauMu50ChORFSAV0907_at			3.458	2.472
SauMu50ChORFSAV0911_s_at			4.293	2.499
SauMu50ChORFSAV0913_at			2.035	1.88
SauMu50ChORFSAV0916_at			3.578	1.855
SauMu50ChORFSAV0917_at			5.063	4.207
SauMu50ChORFSAV0921_s_at			5.057	4.831
SauMu50ChORFSAV0924_s_at			3.645	2.664
SauMu50ChORFSAV0925_s_at			2.962	1.646
SauMu50ChORFSAV0927_s_at			2.875	2.074
SauMu50ChORFSAV0929_s_at			1.896	1.795
SauMu50ChORFSAV0930_s_at			2.838	3.018
SauMu50ChORFSAV0932_s_at			3.716	1.65
SauMu50ChORFSAV0936_s_at			3.484	2.685
SauMu50ChORFSAV0937_s_at			4.703	4.058
SauMu50ChORFSAV0938_s_at			2.528	2.515
SauMu50ChORFSAV0939_s_at			3.431	3.254
SauMu50ChORFSAV0940_s_at			2.873	2.82
SauMu50ChORFSAV0942_s_at			3.47	1.865
SauMu50ChORFSAV0944_s_at			2.389	2.138
SauMu50ChORFSAV0953_s_at			3.157	1.853
SauMu50ChORFSAV0958_s_at			3.636	2.016
SauMu50ChORFSAV0959_s_at			1.999	1.633
SauMu50ChORFSAV0960_s_at			2.987	2.492
SauMu50ChORFSAV0961_s_at			2.655	1.936
SauMu50ChORFSAV0968_s_at			3.421	2.432
SauMu50ChORFSAV0970_s_at			3.356	2.168
SauMu50ChORFSAV0972_s_at			3.217	2.64
SauMu50ChORFSAV0974_s_at			2.978	2.401
SauMu50ChORFSAV0975_s_at			2.581	2.093
SauMu50ChORFSAV0979_s_at			3.202	2.691
SauMu50ChORFSAV0986_s_at			2.733	2.051
SauMu50ChORFSAV0992_s_at			2.312	1.817
SauMu50ChORFSAV0997_s_at			2.334	1.966
SauMu50ChORFSAV1006_s_at			3.629	2.462
SauMu50ChORFSAV1007_s_at			2.419	2.489
SauMu50ChORFSAV1008_s_at			2.894	3.155
SauMu50ChORFSAV1011_s_at			2.453	2.471
SauMu50ChORFSAV1012_s_at			2.42	2.049
SauMu50ChORFSAV1013_s_at			2.778	1.707
SauMu50ChORFSAV1016_s_at			3.663	3.362
SauMu50ChORFSAV1018_s_at			2.548	2.2
SauMu50ChORFSAV1019_s_at			3.004	2.144
SauMu50ChORFSAV1020_x_at			2.278	2.574
SauMu50ChORFSAV1022_s_at			3.471	2.489
SauMu50ChORFSAV1023_s_at			3.674	2.905
SauMu50ChORFSAV1025_s_at			2.546	2.159
SauMu50ChORFSAV1027_s_at			2.072	2.084
SauMu50ChORFSAV1028_s_at			2.349	2.333
SauMu50ChORFSAV1032_s_at			2.646	1.752
SauMu50ChORFSAV1036_s_at			4.297	2.658
SauMu50ChORFSAV1037_s_at			3.569	2.417
SauMu50ChORFSAV1046_s_at			2.216	1.984
SauMu50ChORFSAV1049_s_at			2.469	2.459
SauMu50ChORFSAV1051_s_at			3.15	2.318
SauMu50ChORFSAV1056_s_at			2.32	2.145
SauMu50ChORFSAV1060_s_at			3.4	1.923
SauMu50ChORFSAV1061_s_at			3.1	1.704
SauMu50ChORFSAV1063_s_at			2.89	1.73
SauMu50ChORFSAV1064_s_at			2.342	1.704
SauMu50ChORFSAV1065_s_at			2.85	1.77
SauMu50ChORFSAV1070_s_at			2.869	2.212
SauMu50ChORFSAV1073_s_at			2.557	1.74
SauMu50ChORFSAV1075_s_at			3.509	2.048
SauMu50ChORFSAV1076_s_at			4.663	4.513
SauMu50ChORFSAV1081_s_at			2.737	1.745
SauMu50ChORFSAV1084_s_at			2.842	2.903
SauMu50ChORFSAV1088_s_at			2.38	1.943
SauMu50ChORFSAV1091_s_at			3.05	2.598
SauMu50ChORFSAV1094_s_at			4.138	2.564
SauMu50ChORFSAV1096_s_at			2.153	1.884
SauMu50ChORFSAV1097_s_at			4.411	2.417
SauMu50ChORFSAV1098_s_at			2.995	2.628
SauMu50ChORFSAV1100_s_at			1.821	1.854
SauMu50ChORFSAV1102_s_at			3.819	2.119
SauMu50ChORFSAV1104_s_at			2.901	1.768
SauMu50ChORFSAV1106_s_at			2.412	1.911
SauMu50ChORFSAV1108_s_at			2.794	1.716
SauMu50ChORFSAV1113_s_at			2.259	1.925
SauMu50ChORFSAV1119_s_at			3.118	1.962
SauMu50ChORFSAV1120_s_at			2.306	1.743
SauMu50ChORFSAV1125_s_at			3.846	2.879
SauMu50ChORFSAV1126_s_at			2.988	2.481
SauMu50ChORFSAV1127_s_at			2.332	1.683
SauMu50ChORFSAV1132_s_at			3.485	2.513
SauMu50ChORFSAV1137_s_at			1.956	1.894
SauMu50ChORFSAV1139_s_at			2.595	2.479
SauMu50ChORFSAV1144_s_at			2.647	2.243
SauMu50ChORFSAV1147_s_at			2.765	1.705
SauMu50ChORFSAV1152_s_at			2.661	2.464
SauMu50ChORFSAV1157_s_at			1.959	1.647
SauMu50ChORFSAV1161_s_at			2.866	1.858
SauMu50ChORFSAV1164_s_at			2.748	2.993
SauMu50ChORFSAV1171_s_at			3.362	2.638
SauMu50ChORFSAV1172_s_at			1.902	2.126
SauMu50ChORFSAV1177_s_at			1.775	1.654
SauMu50ChORFSAV1180_s_at			2.204	2.154
SauMu50ChORFSAV1181_s_at			2.451	2.249
SauMu50ChORFSAV1183_s_at			2.441	2.684
SauMu50ChORFSAV1184_s_at			3.13	2.841
SauMu50ChORFSAV1186_s_at			2.334	2.141
SauMu50ChORFSAV1188_s_at			2.613	2.009
SauMu50ChORFSAV1192_s_at			2.849	1.672
SauMu50ChORFSAV1197_s_at			2.259	1.942
SauMu50ChORFSAV1202_s_at			2.123	1.926
SauMu50ChORFSAV1207_s_at			4.078	2.134
SauMu50ChORFSAV1209_s_at			1.676	1.65
SauMu50ChORFSAV1210_s_at			2.161	2.108
SauMu50ChORFSAV1211_s_at			2.951	3.042
SauMu50ChORFSAV1212_s_at			2.127	2.098
SauMu50ChORFSAV1219_s_at			3.626	3.169
SauMu50ChORFSAV1220_s_at			4.243	2.307
SauMu50ChORFSAV1226_s_at			2.106	1.984
SauMu50ChORFSAV1231_s_at			3.033	2.821
SauMu50ChORFSAV1232_s_at			3.826	2.335
SauMu50ChORFSAV1240_s_at			2.152	2.357
SauMu50ChORFSAV1247_s_at			3.089	2.154
SauMu50ChORFSAV1249_s_at			3.654	2.501
SauMu50ChORFSAV1250_s_at			2.13	2.268
SauMu50ChORFSAV1251_s_at			2.628	1.849
SauMu50ChORFSAV1254_s_at			3.114	2.681
SauMu50ChORFSAV1255_s_at			2.891	3.065
SauMu50ChORFSAV1261_s_at			2.736	2.079
SauMu50ChORFSAV1263_s_at			2.089	2.2
SauMu50ChORFSAV1264_s_at			3.038	3.147
SauMu50ChORFSAV1265_s_at			3.691	3.095
SauMu50ChORFSAV1266_s_at			3.008	1.903
SauMu50ChORFSAV1270_s_at			2.573	2.367
SauMu50ChORFSAV1271_s_at			2.411	1.927
SauMu50ChORFSAV1272_s_at			3.739	3.004
SauMu50ChORFSAV1277_s_at			3.084	2.141
SauMu50ChORFSAV1278_s_at			2.239	2.472
SauMu50ChORFSAV1280_s_at			2.955	2.331
SauMu50ChORFSAV1282_s_at			2.766	2.69
SauMu50ChORFSAV1283_s_at			3.623	3.314
SauMu50ChORFSAV1284_s_at			2.963	2.716
SauMu50ChORFSAV1285_s_at			3.001	2.55
SauMu50ChORFSAV1286_s_at			2.889	1.881
SauMu50ChORFSAV1287_s_at			2.015	1.868
SauMu50ChORFSAV1288_s_at			2.568	2.639
SauMu50ChORFSAV1291_s_at			1.988	2.005
SauMu50ChORFSAV1292_s_at			2.286	2.339
SauMu50ChORFSAV1296_s_at			2.774	1.76
SauMu50ChORFSAV1297_s_at			2.897	2.109
SauMu50ChORFSAV1302_s_at			2.906	2.099
SauMu50ChORFSAV1303_s_at			2.722	1.837
SauMu50ChORFSAV1308_s_at			2.28	2.079
SauMu50ChORFSAV1310_s_at			2.252	2.343
SauMu50ChORFSAV1313_s_at			4.392	2.643
SauMu50ChORFSAV1314_s_at			2.644	1.834
SauMu50ChORFSAV1318_s_at			3.997	2.952
SauMu50ChORFSAV1322_s_at			2.359	2.189
SauMu50ChORFSAV1324_s_at			2.824	2.011
SauMu50ChORFSAV1326_s_at			2.81	1.771
SauMu50ChORFSAV1327_s_at			3.402	2.511
SauMu50ChORFSAV1328_s_at			2.231	2.051
SauMu50ChORFSAV1330_s_at			3.576	1.679
SauMu50ChORFSAV1332_s_at			2.679	2.71
SauMu50ChORFSAV1333_s_at			2.676	2.878
SauMu50ChORFSAV1336_s_at			2.579	1.808
SauMu50ChORFSAV1338_s_at			2.608	2.571
SauMu50ChORFSAV1340_s_at			1.974	1.809
SauMu50ChORFSAV1342_s_at			2.057	1.647
SauMu50ChORFSAV1343_s_at			2.244	1.789
SauMu50ChORFSAV1347_s_at			3.228	2.299
SauMu50ChORFSAV1349_s_at			3.06	1.912
SauMu50ChORFSAV1350_s_at			2.966	1.753
SauMu50ChORFSAV1351_s_at			4.896	4.497
SauMu50ChORFSAV1354_s_at			2.656	2.904
SauMu50ChORFSAV1356_s_at			2.321	2.241
SauMu50ChORFSAV1359_s_at			3.136	2.757
SauMu50ChORFSAV1360_s_at			2.449	2.418
SauMu50ChORFSAV1363_s_at			2.164	2.179
SauMu50ChORFSAV1366_s_at			2.466	2.223
SauMu50ChORFSAV1371_s_at			2.88	1.952
SauMu50ChORFSAV1372_s_at			3.213	2.904
SauMu50ChORFSAV1375_s_at			1.91	1.889
SauMu50ChORFSAV1379_s_at			2.582	2.059
SauMu50ChORFSAV1382_s_at			2.328	1.74
SauMu50ChORFSAV1384_s_at			3.371	2.576
SauMu50ChORFSAV1385_s_at			2.57	1.635
SauMu50ChORFSAV1387_s_at			3.395	2.345
SauMu50ChORFSAV1392_s_at			2.806	2.003
SauMu50ChORFSAV1394_s_at			3.091	2.285
SauMu50ChORFSAV1396_s_at			2.715	2.504
SauMu50ChORFSAV1400_s_at			1.986	2.004
SauMu50ChORFSAV1402_s_at			2.754	2.228
SauMu50ChORFSAV1406_s_at			3.492	2.371
SauMu50ChORFSAV1411_s_at			3.768	2.458
SauMu50ChORFSAV1413_s_at			3.689	3.346
SauMu50ChORFSAV1416_s_at			3.247	1.73
SauMu50ChORFSAV1420_s_at			2.964	3.031
SauMu50ChORFSAV1421_s_at			2.067	1.89
SauMu50ChORFSAV1422_s_at			3.918	2.229
SauMu50ChORFSAV1424_s_at			1.933	1.67
SauMu50ChORFSAV1425_s_at			2.946	2.702
SauMu50ChORFSAV1426_s_at			2.466	2.051
SauMu50ChORFSAV1427_s_at			3.38	3.446
SauMu50ChORFSAV1429_s_at			3.73	2.048
SauMu50ChORFSAV1432_s_at			2.471	2.03
SauMu50ChORFSAV1433_s_at			3.639	1.852
SauMu50ChORFSAV1438_s_at			2.657	1.853
SauMu50ChORFSAV1445_s_at			2.831	1.989
SauMu50ChORFSAV1450_s_at			2.281	2.264
SauMu50ChORFSAV1451_s_at			2.617	2.307
SauMu50ChORFSAV1452_s_at			3.303	3.145
SauMu50ChORFSAV1453_s_at			2.629	2.508
SauMu50ChORFSAV1454_s_at			3.93	2.897
SauMu50ChORFSAV1455_s_at			1.979	1.795
SauMu50ChORFSAV1457_s_at			2.249	2.138
SauMu50ChORFSAV1458_s_at			3.087	2.095
SauMu50ChORFSAV1462_s_at			3.176	1.946
SauMu50ChORFSAV1465_s_at			2.724	1.666
SauMu50ChORFSAV1470_s_at			2.244	2.034
SauMu50ChORFSAV1471_s_at			3.477	2.704
SauMu50ChORFSAV1473_s_at			4.023	2.204
SauMu50ChORFSAV1474_s_at			3.047	1.672
SauMu50ChORFSAV1475_s_at			3.096	2.221
SauMu50ChORFSAV1476_s_at			2.869	2.078
SauMu50ChORFSAV1478_s_at			3.767	2.717
SauMu50ChORFSAV1479_s_at			3.212	2.32
SauMu50ChORFSAV1480_s_at			3.385	2.368
SauMu50ChORFSAV1482_s_at			3.017	2.19
SauMu50ChORFSAV1486_s_at			2.491	1.859
SauMu50ChORFSAV1488_s_at			2.118	2.381
SauMu50ChORFSAV1491_s_at			2.402	1.761
SauMu50ChORFSAV1493_s_at			3.88	3.618
SauMu50ChORFSAV1495_s_at			3.83	2.165
SauMu50ChORFSAV1496_s_at			4.763	2.927
SauMu50ChORFSAV1498_s_at			3.667	2.649
SauMu50ChORFSAV1500_s_at			3.797	3.51
SauMu50ChORFSAV1501_s_at			3.996	2.525
SauMu50ChORFSAV1503_s_at			2.563	1.934
SauMu50ChORFSAV1505_s_at			2.516	2.25
SauMu50ChORFSAV1508_s_at			3.5	2.068
SauMu50ChORFSAV1510_s_at			3.738	3.604
SauMu50ChORFSAV1511_s_at			2.959	3.019
SauMu50ChORFSAV1514_s_at			2.81	2.883
SauMu50ChORFSAV1515_s_at			3.933	2.64
SauMu50ChORFSAV1517_s_at			2.073	2.194
SauMu50ChORFSAV1518_s_at			2.802	2.011
SauMu50ChORFSAV1521_s_at			3.242	2.324
SauMu50ChORFSAV1523_s_at			2.88	1.991
SauMu50ChORFSAV1524_s_at			2.571	1.809
SauMu50ChORFSAV1529_s_at			3.742	3.359
SauMu50ChORFSAV1530_s_at			3.061	1.783
SauMu50ChORFSAV1536_s_at			2.117	1.913
SauMu50ChORFSAV1537_s_at			2.451	2.654
SauMu50ChORFSAV1543_s_at			2.836	1.679
SauMu50ChORFSAV1547_s_at			3.666	2.754
SauMu50ChORFSAV1549_s_at			2.955	2.362
SauMu50ChORFSAV1552_s_at			2.375	1.745
SauMu50ChORFSAV1558_s_at			3.62	3.224
SauMu50ChORFSAV1559_s_at			2.721	1.687
SauMu50ChORFSAV1561_s_at			3.679	2.937
SauMu50ChORFSAV1563_s_at			3.643	2.461
SauMu50ChORFSAV1567_s_at			2.561	2.092
SauMu50ChORFSAV1568_s_at			3.006	1.795
SauMu50ChORFSAV1569_s_at			2.276	2.316
SauMu50ChORFSAV1570_s_at			3.313	1.847
SauMu50ChORFSAV1571_s_at			3.708	2.858
SauMu50ChORFSAV1573_s_at			2.331	2.438
SauMu50ChORFSAV1574_s_at			5.433	3.119
SauMu50ChORFSAV1575_s_at			3.28	2.704
SauMu50ChORFSAV1576_s_at			2.702	1.958
SauMu50ChORFSAV1579_s_at			3.504	2.657
SauMu50ChORFSAV1580_s_at			3.025	2.327
SauMu50ChORFSAV1583_s_at			3.449	2.338
SauMu50ChORFSAV1591_s_at			3.166	1.704
SauMu50ChORFSAV1592_s_at			3.486	2.16
SauMu50ChORFSAV1598_s_at			1.985	1.795
SauMu50ChORFSAV1599_s_at			3.034	3.204
SauMu50ChORFSAV1601_s_at			2.075	2.065
SauMu50ChORFSAV1608_s_at			2.727	2.355
SauMu50ChORFSAV1609_s_at			2.728	1.775
SauMu50ChORFSAV1610_s_at			2.81	1.932
SauMu50ChORFSAV1611_s_at			2.375	2.582
SauMu50ChORFSAV1612_s_at			2.687	2.887
SauMu50ChORFSAV1613_s_at			2.532	2.152
SauMu50ChORFSAV1617_s_at			2.171	1.794
SauMu50ChORFSAV1619_s_at			2.939	1.81
SauMu50ChORFSAV1624_s_at			3.688	2.866
SauMu50ChORFSAV1626_s_at			2.848	2.997
SauMu50ChORFSAV1627_s_at			3.752	3.494
SauMu50ChORFSAV1628_s_at			1.756	1.64
SauMu50ChORFSAV1635_s_at			3.543	2.419
SauMu50ChORFSAV1642_s_at			3.296	2.65
SauMu50ChORFSAV1644_s_at			1.939	2.061
SauMu50ChORFSAV1645_s_at			2.691	2.142
SauMu50ChORFSAV1646_s_at			2.679	1.971
SauMu50ChORFSAV1651_s_at			4.17	2.51
SauMu50ChORFSAV1660_s_at			3.999	2.196
SauMu50ChORFSAV1661_s_at			2.862	2.084
SauMu50ChORFSAV1664_s_at			3.086	2.765
SauMu50ChORFSAV1667_s_at			2.222	2.269
SauMu50ChORFSAV1673_s_at			3.026	2.154
SauMu50ChORFSAV1676_s_at			3.548	1.686
SauMu50ChORFSAV1677_s_at			2.2	1.761
SauMu50ChORFSAV1679_s_at			2.844	2.432
SauMu50ChORFSAV1680_s_at			3.145	2.24
SauMu50ChORFSAV1682_s_at			2.594	2.518
SauMu50ChORFSAV1683_s_at			2.319	1.797
SauMu50ChORFSAV1687_s_at			2.448	1.82
SauMu50ChORFSAV1690_s_at			2.18	1.794
SauMu50ChORFSAV1691_s_at			3.308	2.18
SauMu50ChORFSAV1692_s_at			2.201	2.263
SauMu50ChORFSAV1693_s_at			2.487	1.764
SauMu50ChORFSAV1694_s_at			2.893	2.415
SauMu50ChORFSAV1696_s_at			3.775	2.525
SauMu50ChORFSAV1697_s_at			2.354	1.867
SauMu50ChORFSAV1698_s_at			2.606	2.716
SauMu50ChORFSAV1702_s_at			2.961	1.753
SauMu50ChORFSAV1705_s_at			3.042	2.993
SauMu50ChORFSAV1710_s_at			2.806	1.777
SauMu50ChORFSAV1716_s_at			2.761	2.671
SauMu50ChORFSAV1718_s_at			4.845	2.807
SauMu50ChORFSAV1724_s_at			3.018	1.888
SauMu50ChORFSAV1726_s_at			2.193	2.253
SauMu50ChORFSAV1727_s_at			3.473	2.281
SauMu50ChORFSAV1728_s_at			1.956	1.706
SauMu50ChORFSAV1729_s_at			2.807	2.711
SauMu50ChORFSAV1732_s_at			1.884	1.791
SauMu50ChORFSAV1734_s_at			2.963	2.22
SauMu50ChORFSAV1736_s_at			2.901	2.343
SauMu50ChORFSAV1737_s_at			3.426	3.36
SauMu50ChORFSAV1742_s_at			2.126	2.125
SauMu50ChORFSAV1743_s_at			2.928	2.276
SauMu50ChORFSAV1745_s_at			2.915	1.648
SauMu50ChORFSAV1746_s_at			5.432	3.737
SauMu50ChORFSAV1747_s_at			3.25	2.379
SauMu50ChORFSAV1749_s_at			4.212	2.37
SauMu50ChORFSAV1750_s_at			2.947	2.319
SauMu50ChORFSAV1752_s_at			2.869	2.54
SauMu50ChORFSAV1753_s_at			2.762	1.665
SauMu50ChORFSAV1754_s_at			3.304	1.897
SauMu50ChORFSAV1756_s_at			2.436	2.399
SauMu50ChORFSAV1758_s_at			3.412	2.226
SauMu50ChORFSAV1764_s_at			3.424	2.858
SauMu50ChORFSAV1767_s_at			2.854	1.855
SauMu50ChORFSAV1768_s_at			2.554	1.788
SauMu50ChORFSAV1770_s_at			3.37	2.188
SauMu50ChORFSAV1771_s_at			2.995	2.049
SauMu50ChORFSAV1775_s_at			2.128	1.859
SauMu50ChORFSAV1777_s_at			3.323	2.732
SauMu50ChORFSAV1782_s_at			3.301	2.074
SauMu50ChORFSAV1784_s_at			5.361	3.258
SauMu50ChORFSAV1792_s_at			2.987	2.209
SauMu50ChORFSAV1796_s_at			3.026	2.195
SauMu50ChORFSAV1797_s_at			4.203	3.019
SauMu50ChORFSAV1803_s_at			4.546	3.315
SauMu50ChORFSAV1804_at			4.647	2.762
SauMu50ChORFSAV1805_s_at			1.984	1.872
SauMu50ChORFSAV1809_s_at			3.129	1.853
SauMu50ChORFSAV1810_s_at			2.253	1.967
SauMu50ChORFSAV1811_s_at			2.966	2.122
SauMu50ChORFSAV1822_s_at			2.45	1.845
SauMu50ChORFSAV1823_s_at			1.842	1.953
SauMu50ChORFSAV1827_s_at			3.285	2.96
SauMu50ChORFSAV1829_s_at			3.858	2.434
SauMu50ChORFSAV1834_s_at			2.496	2.109
SauMu50ChORFSAV1836_s_at			2.767	1.78
SauMu50ChORFSAV1837_s_at			2.199	1.674
SauMu50ChORFSAV1841_s_at			3.131	1.952
SauMu50ChORFSAV1844_s_at			3.224	2.279
SauMu50ChORFSAV1847_s_at			4.87	3.095
SauMu50ChORFSAV1848_s_at			4.384	2.429
SauMu50ChORFSAV1850_s_at			4.589	3.479
SauMu50ChORFSAV1855_s_at			2.74	2.228
SauMu50ChORFSAV1856_s_at			3.621	2.625
SauMu50ChORFSAV1859_s_at			3.319	2.797
SauMu50ChORFSAV1862_s_at			2.233	2.374
SauMu50ChORFSAV1865_s_at			3.38	2.519
SauMu50ChORFSAV1868_s_at			3.462	1.963
SauMu50ChORFSAV1869_s_at			4.032	3.187
SauMu50ChORFSAV1872_s_at			3.31	2.402
SauMu50ChORFSAV1877_s_at			3.548	2.853
SauMu50ChORFSAV1884_s_at			2.667	2.468
SauMu50ChORFSAV1886_s_at			2.779	2.3
SauMu50ChORFSAV1888_s_at			4.306	3.37
SauMu50ChORFSAV1889_s_at			4.878	3.421
SauMu50ChORFSAV1891_s_at			2.985	2.285
SauMu50ChORFSAV1892_s_at			2.834	1.935
SauMu50ChORFSAV1893_s_at			2.835	1.928
SauMu50ChORFSAV1895_s_at			3.771	1.797
SauMu50ChORFSAV1899_s_at			2.928	3.184
SauMu50ChORFSAV1900_s_at			4.027	3.014
SauMu50ChORFSAV1901_s_at			3.714	1.931
SauMu50ChORFSAV1905_s_at			3.912	2.723
SauMu50ChORFSAV1909_s_at			3.146	2.506
SauMu50ChORFSAV1915_s_at			2.311	1.694
SauMu50ChORFSAV1917_s_at			2.935	2.296
SauMu50ChORFSAV1921_s_at			3.808	3.189
SauMu50ChORFSAV1928_s_at			2.919	1.792
SauMu50ChORFSAV1931_s_at			2.313	2.005
SauMu50ChORFSAV1933_s_at			3.358	1.81
SauMu50ChORFSAV1936_s_at			2.764	1.637
SauMu50ChORFSAV1938_s_at			3.623	2.82
SauMu50ChORFSAV1943_s_at			2.516	2.457
SauMu50ChORFSAV1944_s_at			3.546	2.022
SauMu50ChORFSAV1951_s_at			1.986	1.967
SauMu50ChORFSAV1952_s_at			4.384	3.265
SauMu50ChORFSAV1954_s_at			3.977	2.816
SauMu50ChORFSAV1955_at			2.8	2.085
SauMu50ChORFSAV1962_s_at			3.324	2.133
SauMu50ChORFSAV1967_s_at			2.547	2.483
SauMu50ChORFSAV1974_at			1.967	1.802
SauMu50ChORFSAV1975_at			3.252	2.645
SauMu50ChORFSAV1976_at			2.676	2.238
SauMu50ChORFSAV1977_at			1.752	1.887
SauMu50ChORFSAV1977_s_at			4.048	3.784
SauMu50ChORFSAV1978_x_at			3.204	1.769
SauMu50ChORFSAV1981_x_at			2.385	1.912
SauMu50ChORFSAV1986_s_at			2.032	2.102
SauMu50ChORFSAV1987_s_at			3.784	2.048
SauMu50ChORFSAV1990_x_at			2.347	2.399
SauMu50ChORFSAV1992_s_at			2.581	2.009
SauMu50ChORFSAV1999_at			2.8	2.85
SauMu50ChORFSAV2001_s_at			1.747	1.772
SauMu50ChORFSAV2002_s_at			2.624	1.795
SauMu50ChORFSAV2006_s_at			2.896	2.968
SauMu50ChORFSAV2008_s_at			2.026	2.19
SauMu50ChORFSAV2009_s_at			2.285	1.654
SauMu50ChORFSAV2013_x_at			3.951	1.752
SauMu50ChORFSAV2016_s_at			2.534	1.769
SauMu50ChORFSAV2023_s_at			2.393	2.272
SauMu50ChORFSAV2024_s_at			3.298	2.174
SauMu50ChORFSAV2026_s_at			3.837	2.597
SauMu50ChORFSAV2030_s_at			1.911	1.647
SauMu50ChORFSAV2038_s_at			3.651	2.57
SauMu50ChORFSAV2040_s_at			2.436	1.742
SauMu50ChORFSAV2042_s_at			3.032	1.962
SauMu50ChORFSAV2047_s_at			3.563	2.223
SauMu50ChORFSAV2049_s_at			2.713	2.279
SauMu50ChORFSAV2050_s_at			3.371	1.786
SauMu50ChORFSAV2051_s_at			3.405	1.737
SauMu50ChORFSAV2052_s_at			3.069	1.723
SauMu50ChORFSAV2063_s_at			3.669	2.659
SauMu50ChORFSAV2064_s_at			2.522	2.711
SauMu50ChORFSAV2065_s_at			2.419	2.557
SauMu50ChORFSAV2066_s_at			3.248	1.75
SauMu50ChORFSAV2070_s_at			3.232	3.132
SauMu50ChORFSAV2077_s_at			2.595	1.947
SauMu50ChORFSAV2083_s_at			4.001	3.729
SauMu50ChORFSAV2085_s_at			3.728	2.476
SauMu50ChORFSAV2088_s_at			2.579	2.306
SauMu50ChORFSAV2089_s_at			2.828	2.468
SauMu50ChORFSAV2092_s_at			2.963	2.093
SauMu50ChORFSAV2095_s_at			2.792	1.872
SauMu50ChORFSAV2101_s_at			2.293	1.958
SauMu50ChORFSAV2104_s_at			2.69	2.698
SauMu50ChORFSAV2106_s_at			3.159	2.212
SauMu50ChORFSAV2109_s_at			2.636	1.934
SauMu50ChORFSAV2110_s_at			2.968	2.059
SauMu50ChORFSAV2111_s_at			3.178	3.063
SauMu50ChORFSAV2112_s_at			4.465	2.262
SauMu50ChORFSAV2115_s_at			1.858	1.708
SauMu50ChORFSAV2116_s_at			2.88	1.764
SauMu50ChORFSAV2118_s_at			2.339	1.732
SauMu50ChORFSAV2119_s_at			2.34	2.302
SauMu50ChORFSAV2120_s_at			3.126	2.163
SauMu50ChORFSAV2121_s_at			2.424	2.016
SauMu50ChORFSAV2124_s_at			2.37	2.561
SauMu50ChORFSAV2130_s_at			1.692	1.714
SauMu50ChORFSAV2132_s_at			2.475	2.524
SauMu50ChORFSAV2133_s_at			2.398	1.711
SauMu50ChORFSAV2136_s_at			3.019	2.675
SauMu50ChORFSAV2139_s_at			3.071	2.732
SauMu50ChORFSAV2141_s_at			3.125	1.781
SauMu50ChORFSAV2142_s_at			2.56	2.188
SauMu50ChORFSAV2144_s_at			2.097	1.891
SauMu50ChORFSAV2154_s_at			2.528	2.389
SauMu50ChORFSAV2156_s_at			2.782	1.708
SauMu50ChORFSAV2157_s_at			2.871	1.907
SauMu50ChORFSAV2161_s_at			2.461	1.651
SauMu50ChORFSAV2163_s_at			3.257	2.285
SauMu50ChORFSAV2164_s_at			4.102	3.101
SauMu50ChORFSAV2166_s_at			4.037	2.27
SauMu50ChORFSAV2173_s_at			2.206	1.977
SauMu50ChORFSAV2176_s_at			3.491	1.707
SauMu50ChORFSAV2179_s_at			3.538	3.226
SauMu50ChORFSAV2183_s_at			4.262	2.987
SauMu50ChORFSAV2187_s_at			2.884	2.294
SauMu50ChORFSAV2189_s_at			3.222	2.682
SauMu50ChORFSAV2191_s_at			3.32	2.751
SauMu50ChORFSAV2198_s_at			2.468	1.996
SauMu50ChORFSAV2201_s_at			2.002	1.979
SauMu50ChORFSAV2204_s_at			3.047	1.998
SauMu50ChORFSAV2205_s_at			2.063	2.153
SauMu50ChORFSAV2208_s_at			2.742	1.798
SauMu50ChORFSAV2210_s_at			4.432	2.558
SauMu50ChORFSAV2211_s_at			3.346	1.898
SauMu50ChORFSAV2212_s_at			2.668	1.825
SauMu50ChORFSAV2215_s_at			4.433	3.209
SauMu50ChORFSAV2217_s_at			2.413	1.722
SauMu50ChORFSAV2220_s_at			2.109	1.659
SauMu50ChORFSAV2222_s_at			1.596	1.714
SauMu50ChORFSAV2223_s_at			3.587	2.765
SauMu50ChORFSAV2228_s_at			3.408	2.529
SauMu50ChORFSAV2229_s_at			2.58	2.275
SauMu50ChORFSAV2231_s_at			2.808	2.842
SauMu50ChORFSAV2235_s_at			3.39	1.828
SauMu50ChORFSAV2236_s_at			2.157	1.907
SauMu50ChORFSAV2239_s_at			3.521	1.655
SauMu50ChORFSAV2240_s_at			3.343	2.599
SauMu50ChORFSAV2244_s_at			4.499	2.585
SauMu50ChORFSAV2246_s_at			2.619	2.538
SauMu50ChORFSAV2247_s_at			3.666	2.366
SauMu50ChORFSAV2250_s_at			3.132	3.144
SauMu50ChORFSAV2251_s_at			2.41	1.79
SauMu50ChORFSAV2256_s_at			2.359	2.194
SauMu50ChORFSAV2257_x_at			4.097	1.965
SauMu50ChORFSAV2258_s_at			3.105	2.612
SauMu50ChORFSAV2261_s_at			1.837	1.996
SauMu50ChORFSAV2262_s_at			4.446	4.049
SauMu50ChORFSAV2268_s_at			3.844	1.924
SauMu50ChORFSAV2269_s_at			2.981	2.313
SauMu50ChORFSAV2277_s_at			2.455	2.31
SauMu50ChORFSAV2280_s_at			3.442	2.43
SauMu50ChORFSAV2283_s_at			1.96	1.709
SauMu50ChORFSAV2284_s_at			2.291	1.924
SauMu50ChORFSAV2285_s_at			2.404	1.631
SauMu50ChORFSAV2290_s_at			1.728	1.802
SauMu50ChORFSAV2293_s_at			3.579	2.708
SauMu50ChORFSAV2302_s_at			1.608	1.714
SauMu50ChORFSAV2303_s_at			3.219	2.313
SauMu50ChORFSAV2305_s_at			2.447	2.062
SauMu50ChORFSAV2306_s_at			2.762	2.215
SauMu50ChORFSAV2307_s_at			2.486	2.637
SauMu50ChORFSAV2309_s_at			2.514	1.759
SauMu50ChORFSAV2312_s_at			4.607	2.19
SauMu50ChORFSAV2319_s_at			3.999	2.347
SauMu50ChORFSAV2321_s_at			2.507	1.924
SauMu50ChORFSAV2325_s_at			4.052	3.5
SauMu50ChORFSAV2326_s_at			1.936	2.027
SauMu50ChORFSAV2327_s_at			4.401	2.56
SauMu50ChORFSAV2328_s_at			3.132	2.328
SauMu50ChORFSAV2329_s_at			2.744	1.744
SauMu50ChORFSAV2330_s_at			3.234	2.134
SauMu50ChORFSAV2331_s_at			2.996	1.886
SauMu50ChORFSAV2334_s_at			2.227	1.95
SauMu50ChORFSAV2335_s_at			3.547	2.118
SauMu50ChORFSAV2338_s_at			3.308	2.158
SauMu50ChORFSAV2341_s_at			2.605	2.004
SauMu50ChORFSAV2342_s_at			2.491	2.166
SauMu50ChORFSAV2343_s_at			4.579	3.134
SauMu50ChORFSAV2346_s_at			3.584	2.222
SauMu50ChORFSAV2350_s_at			3.82	2.055
SauMu50ChORFSAV2354_s_at			3.452	1.694
SauMu50ChORFSAV2356_s_at			1.652	1.721
SauMu50ChORFSAV2357_s_at			3.217	1.809
SauMu50ChORFSAV2358_s_at			4.305	3.688
SauMu50ChORFSAV2360_s_at			2.926	1.659
SauMu50ChORFSAV2362_s_at			2.586	2.394
SauMu50ChORFSAV2365_s_at			2.789	2.91
SauMu50ChORFSAV2369_s_at			2.446	2.386
SauMu50ChORFSAV2372_s_at			1.983	1.718
SauMu50ChORFSAV2377_s_at			3.045	1.754
SauMu50ChORFSAV2381_s_at			2.701	2.171
SauMu50ChORFSAV2385_s_at			3.689	2.685
SauMu50ChORFSAV2392_s_at			1.719	1.857
SauMu50ChORFSAV2393_s_at			4.024	2.752
SauMu50ChORFSAV2394_s_at			2.764	2.63
SauMu50ChORFSAV2395_s_at			2.439	1.77
SauMu50ChORFSAV2396_s_at			2.181	2.275
SauMu50ChORFSAV2397_s_at			2.557	1.717
SauMu50ChORFSAV2402_s_at			2.745	2.057
SauMu50ChORFSAV2403_s_at			3.006	2.366
SauMu50ChORFSAV2405_s_at			2.124	1.71
SauMu50ChORFSAV2406_s_at			2.187	2.185
SauMu50ChORFSAV2408_s_at			3.362	1.845
SauMu50ChORFSAV2409_s_at			2.473	2.394
SauMu50ChORFSAV2412_s_at			2.704	1.98
SauMu50ChORFSAV2413_s_at			2.958	2.365
SauMu50ChORFSAV2416_s_at			2.372	2.185
SauMu50ChORFSAV2417_s_at			3.973	2.333
SauMu50ChORFSAV2418_s_at			3.191	3.23
SauMu50ChORFSAV2424_s_at			2.835	2.23
SauMu50ChORFSAV2425_s_at			3.725	3.128
SauMu50ChORFSAV2427_s_at			3.755	1.934
SauMu50ChORFSAV2428_s_at			3.317	3.512
SauMu50ChORFSAV2432_s_at			3.416	2.169
SauMu50ChORFSAV2433_s_at			3.516	1.913
SauMu50ChORFSAV2434_s_at			4.344	2.88
SauMu50ChORFSAV2436_s_at			3.324	1.95
SauMu50ChORFSAV2438_s_at			1.599	1.769
SauMu50ChORFSAV2439_s_at			2.038	1.794
SauMu50ChORFSAV2444_s_at			2.405	1.804
SauMu50ChORFSAV2446_s_at			3.946	2.523
SauMu50ChORFSAV2447_s_at			3.671	2.261
SauMu50ChORFSAV2453_s_at			2.942	2.636
SauMu50ChORFSAV2456_s_at			3.265	2.996
SauMu50ChORFSAV2457_s_at			3.631	2.399
SauMu50ChORFSAV2459_s_at			2.227	2.225
SauMu50ChORFSAV2463_s_at			4.532	3.291
SauMu50ChORFSAV2469_s_at			3.497	3.096
SauMu50ChORFSAV2470_s_at			2.66	1.646
SauMu50ChORFSAV2474_s_at			2.778	2.355
SauMu50ChORFSAV2475_x_at			3.607	2.29
SauMu50ChORFSAV2476_x_at			3.425	2.092
SauMu50ChORFSAV2487_s_at			2.161	2.398
SauMu50ChORFSAV2489_s_at			2.374	1.965
SauMu50ChORFSAV2492_s_at			2.849	2.913
SauMu50ChORFSAV2496_s_at			2.514	2.677
SauMu50ChORFSAV2497_s_at			2.518	1.717
SauMu50ChORFSAV2501_s_at			3.107	1.839
SauMu50ChORFSAV2503_s_at			1.825	1.714
SauMu50ChORFSAV2504_s_at			2.742	2.462
SauMu50ChORFSAV2505_s_at			3.481	3.146
SauMu50ChORFSAV2507_s_at			3.901	3.191
SauMu50ChORFSAV2510_s_at			2.543	2.393
SauMu50ChORFSAV2511_s_at			2.513	2.438
SauMu50ChORFSAV2515_s_at			3.412	2.71
SauMu50ChORFSAV2516_s_at			2.931	1.687
SauMu50ChORFSAV2517_s_at			3.482	1.841
SauMu50ChORFSAV2523_s_at			3.058	1.802
SauMu50ChORFSAV2524_s_at			4.642	3.096
SauMu50ChORFSAV2528_s_at			3.053	2.143
SauMu50ChORFSAV2529_s_at			3.362	2.01
SauMu50ChORFSAV2530_s_at			2.68	2.789
SauMu50ChORFSAV2532_s_at			1.992	1.645
SauMu50ChORFSAV2541_s_at			2.963	2.61
SauMu50ChORFSAV2542_s_at			3.508	2.722
SauMu50ChORFSAV2543_s_at			1.959	1.82
SauMu50ChORFSAV2544_s_at			3.552	1.712
SauMu50ChORFSAV2546_s_at			2.794	2.086
SauMu50ChORFSAV2548_s_at			2.276	2.343
SauMu50ChORFSAV2551_s_at			3.974	3.724
SauMu50ChORFSAV2554_s_at			3.033	2.084
SauMu50ChORFSAV2559_s_at			2.66	1.934
SauMu50ChORFSAV2560_s_at			3.588	2.255
SauMu50ChORFSAV2562_s_at			2.132	2.033
SauMu50ChORFSAV2563_s_at			2.468	2.542
SauMu50ChORFSAV2564_s_at			2.303	2.521
SauMu50ChORFSAV2571_s_at			2.876	1.64
SauMu50ChORFSAV2575_s_at			1.789	1.643
SauMu50ChORFSAV2578_s_at			3.871	3.663
SauMu50ChORFSAV2584_s_at			2.444	2.672
SauMu50ChORFSAV2589_s_at			2.49	1.637
SauMu50ChORFSAV2591_s_at			2.862	1.809
SauMu50ChORFSAV2595_s_at			4.499	3.643
SauMu50ChORFSAV2597_s_at			2.375	2.544
SauMu50ChORFSAV2599_s_at			2.346	2.138
SauMu50ChORFSAV2600_s_at			2.801	1.64
SauMu50ChORFSAV2609_s_at			3.146	2.414
SauMu50ChORFSAV2613_s_at			2.342	2.458
SauMu50ChORFSAV2615_s_at			4.555	2.755
SauMu50ChORFSAV2616_s_at			2.106	1.638
SauMu50ChORFSAV2617_s_at			2.741	1.816
SauMu50ChORFSAV2620_s_at			3.037	2.442
SauMu50ChORFSAV2623_s_at			3.013	1.649
SauMu50ChORFSAV2624_s_at			3.24	1.93
SauMu50ChORFSAV2626_s_at			2.467	1.642
SauMu50ChORFSAV2627_s_at			2.204	2.099
SauMu50ChORFSAV2628_s_at			2.591	2.084
SauMu50ChORFSAV2630_s_at			3.558	2.208
SauMu50ChORFSAV2631_s_at			4.657	3.717
SauMu50ChORFSAV2632_s_at			2.095	1.945
SauMu50ChORFSAV2633_s_at			3.511	2.844
SauMu50ChORFSAV2634_s_at			3.57	1.932
SauMu50ChORFSAV2636_s_at			3.65	2.766
SauMu50ChORFSAV2638_s_at			1.901	1.971
SauMu50ChORFSAV2641_s_at			2.643	2.818
SauMu50ChORFSAV2643_s_at			2.29	2.38
SauMu50ChORFSAV2648_s_at			3.121	2.418
SauMu50ChORFSAV2649_s_at			2.25	1.888
SauMu50ChORFSAV2650_s_at			3.516	1.851
SauMu50ChORFSAV2651_s_at			1.818	1.758
SauMu50ChORFSAV2653_s_at			3.656	2.615
SauMu50ChORFSAV2660_s_at			3.276	3.121
SauMu50ChORFSAV2666_s_at			2.729	2.422
SauMu50ChORFSAV2674_s_at			3.045	2.14
SauMu50ChORFSAV2680_s_at			3.162	2.724
SauMu50ChORFSAV2681_s_at			3.208	2.753
SauMu50ChORFSAV2683_s_at			3.604	2.689
SauMu50ChORFSAV2684_s_at			1.6	1.669
SauMu50ChORFSAV2686_s_at			2.294	2.369
SauMu50ChORFSAV2693_s_at			2.751	2.755
SauMu50ChORFSAV2699_s_at			3.602	2.096
SauMu50ChORFSAV2706_s_at			1.736	1.683
SauMu50ChORFSAV2707_s_at			2.733	2.925
SauMu50ChORFSAV2708_x_at			1.944	1.865
SauMu50ChORFSAV2709_s_at			3.055	2.694
SauMu50ChORFSAV2711_s_at			2.152	2.352
SauMu50ChORFSAV2712_s_at			3.731	2.974
SauN315_pN315ORF005_s_at			2.74	2.072
SauN315_pN315ORF006_s_at			4.724	3.401
SauN315_pN315ORF012_s_at			3.623	3.356
SauN315_pN315ORF018_at			2.806	2.182
SauN315_pN315ORF020_s_at	SAP020	bacteriocin immunity protein	4.312	2.079
SauN315_pN315ORF029_x_at	SAP029	hypothetical protein	3.503	2.156
SauN315_pN315ORF030_at	SAP030	hypothetical protein	2.731	1.692
SauN315ChORF1764_at			4.631	2.957
SauN315ChORF1782_x_at			1.672	1.729
SauN315ChORF1785_x_at			2.316	2.597
SauN315ChORF1795_at			2.913	2.026
SauN315ChORF1800_at			3.008	2.005
SauN315ChORF1802_s_at			2.82	2.546
SauN315ChORF1804_s_at			2.926	1.857
SauN315ChORF1806_s_at			3.725	2.769
SauN315ChORF1808_at			3.554	1.635
SauN315ChORF1809_at			2.045	1.678
SauN315ChORF2470_s_at			2.838	2.525
SauN315ChORFS060_at			2.828	1.823
SauRF122_1014-36_at			2.945	1.824
SauRF122_1022-18_at			2.035	2.229
SauRF122_1028-44_at			3.09	2.044
SauRF122_1028-51_at			2.568	1.786
SauRF122_1028-53_at			2.231	2.078
SauRF122_1028-64_at			3.236	2.341
SauRF122_1030-10b_at			2.714	2.283
SauRF122_1030-12_at			2.963	2.108
SauRF122_1030-16b_at			2.704	2.374
SauRF122_1030-26b_at			4.6	3.038
SauRF122_1030-28b_x_at			2.873	2.24
SauRF122_1030-28c_at			4.142	3.195
SauRF122_1030-29b_x_at			3.312	1.816
SauRF122_1030-7b_at			3.896	2.014
SauRF122_931-3_at			4.431	2.776
SauRF122_989-2b_at			3.326	2.623
SauRF122_989-3a_s_at			4.431	2.429
SauRF122_989-4_at			2.77	2.316
SauTSS331-8B_s_at			2.891	1.725
SauTSS336-11_at			2.402	1.941
SauTSS336-4_at			2.046	1.776
SauTSS336-5_at			2.9	2.279
SauTSS336-6_at			3.029	2.096
SauTSS336-8_at			2.781	1.964
SauTSS336-9A_at			3.718	2.466
SauTSS336-9B_at			3.275	2.731
SauTSS339-60_at			3.616	2.265
SpM12_ChORF205-1_at			2.675	2.136
SpM12_ChORF205-1_s_at			4.636	3.474
SpM12_ChORF205-3_s_at			2.67	2.486
SpM12_ChORF210-4_at			2.51	2.06
SpM12_ChORF212-2_s_at			3.286	1.843
SpM12_ChORF212-3_at			2.907	1.808
SpM12_ChORF217-1_at			2.687	2.654
SpM12_ChORF221-2_s_at			2.023	2.237
SpM12_ChORF221-3_s_at			3.937	2.263
SpM12_ChORF224-2_at			3.256	2.744
SpM12_ChORF227-1_at			3.37	2.967
SpM12_ChORF228-9_at			3.364	2.238
SpM12_ChORF229-11_at			2.946	3.205
SpM12_ChORF236-4_s_at			2.872	1.993
SpM12_ChORF240-7_at			2.417	2.195
SpM12_ChORF244-2_s_at			-1.689	1.65
SpM12_ChORF244-4_s_at			1.96	2.18
SpM12_ChORF247-14_s_at			2.491	1.696
SpM12_ChORF248-5_at			3.835	1.838
SpM12_ChORF248-6_s_at			2.583	2.138
SpM12_ChORF248-9_s_at			2.65	2.507
SpM12_ChORF249-1_at			3.562	2.009
SpM12_ChORF249-5_s_at			4.09	2.222
SpM12_ChORF249-8_at			3.084	1.797
SpM12_ChORF251-1_at			4.687	3.532
SpM12_ChORF251-8_at			3.338	2.028
SpM12_ChORF256-17_at			2.322	2.05
SpM12_ChORF262-3_s_at			3.128	3.415
SpM12_ChORF262-5_s_at			3.799	2.411
SpM12_ChORF262-9_s_at			3.844	2.794
SpM12_ChORF265-3_at			4.835	4.065
SpM12_ChORF265-6_s_at			2.61	2.223
SpM12_ChORF265-9_at			3.641	1.966
SpM12_ChORF267-18_at			2.718	2.587
SpM12_ChORF273-5_at			1.981	1.726
SpM12_ChORF274-19_s_at			2.494	2.52
SpM12_ChORF275-17_at			2.068	2.041
SpM12_ChORF275-18_at			1.721	1.847
SpM12_ChORF276-12_at			3.74	1.943
SpM12_ChORF277-20_s_at			2.497	2.194
SpM12_ChORF278-21_at			2.834	2.562
SpM12_ChORF280-25_s_at			4.221	2.522
SpM12_ChORF281-7_s_at			2.885	2.034
SpM12_ChORF284-43_s_at			3.127	2.726
SpM12_ChORF284-6_s_at			5.154	3.641
SpM12_ChORF284-7_s_at			3.923	2.042
SpM12_ChORF285-3_s_at			2.723	2.245
SpM12_ChORF287-10_at			2.609	1.91
SpM12_ChORF287-15_s_at			2.616	2.248
SpM12_ChORF287-17_at			3.287	2.625
SpM12_ChORF287-29_s_at			2.836	2.618
SpM12_ChORF287-40_at			2.193	2.256
SpM12_ChORF287-7_at			2.963	2.57
SpM12_ChORF287-8_at			2.949	2.059
SpM12_ChORF287-9_x_at			2.334	1.655
SpM12_ChORF288-15_at			3.979	2.618
SpM12_ChORF288-43_s_at			2.923	1.794
SpM12_ChORF289-26_at			2.452	2.016
SpM12_ChORF289-43_s_at			4.671	3.31
SpM12_ChORF291-52_s_at			2.567	2.855
SpM12_ChORF291-7_s_at			2.569	1.667
SpM12_ChORF292-25_s_at			4.27	2.482
SpM12_ChORF292-49_at			4.106	2.951
SpM12_ChORF294-3_x_at			2.351	2.251
SpM12_ChORF295-17_s_at			2.861	1.999
SpM12_ChORF295-23_s_at			3.394	2.91
SpM12_ChORF295-24_s_at			4.063	2.913
SpM12_ChORF297-38_at			4.084	3.656
SpM12_ChORF298-11_at			2.376	2.474
SpM12_ChORF298-25_s_at			2.86	2.26
SpM12_ChORF298-41_at			2.655	1.811
SpM12_ChORF299-10_at			3.472	2.272
SpM12_ChORF299-12_at			2.393	2.323
SpM12_ChORF299-1_at			3.385	2.265
SpM12_ChORF299-2_x_at			3.416	2.617
SpM12_ChORF299-38_at			2.041	2.08
SpM12_ChORF299-3_s_at			3.968	3.505
SpM12_ChORF299-42_at			2.465	2.177
SpM12_ChORF299-43_at			2.781	2.878
SpM12_ChORF299-47_s_at			3.323	2.544
SpM12_ChORF299-48_at			2.593	2.553
SpM12_ChORF299-49_at			3.574	2.637
SpM12_ChORF299-4_at			2.863	2.578
SpM12_ChORF299-51_s_at			3.373	3.331
SpM12_ChORF299-52_s_at			3.171	2.287
SpM12_ChORF299-53_s_at			1.857	1.761
SpM12_ChORF299-54_s_at			4.043	2.226
SpM12_ChORF299-55_s_at			3.282	3.304
SpM12_ChORF299-58_s_at			2.275	2.047
SpM12_ChORF299-59_s_at			2.102	2.331
SpM12_ChORF299-60_at			2.966	2.659
SpM12_ChORF299-61_s_at			2.149	1.664
SpM12_ChORF299-62_at			2.799	2.431
SpM12_ChORF299-63_at			3.618	2.285
SpM12_ChORF299-64_at			4.106	1.986
SpM12_ChORF299-66_at			1.931	1.763
SpM12_ChORF300-12_at			2.935	1.754
SpM12_ChORF300-49_at			2.971	1.732
SpM12_ChORF300-54_at			2.919	2.058
SpM12_ChORF300-9_at			3.805	3.249
SpM12_ChORF301-33_at			3.646	2.492
SpM12_ChORF301-71_s_at			2.935	2.626
SpM18_ChORF0030_s_at			2.821	1.896
SpM18_ChORF0035_s_at			1.954	2.191
SpM18_ChORF0036_s_at			2.558	2.206
SpM18_ChORF0118_s_at			5.721	4.918
SpM18_ChORF0125_s_at			2.257	1.977
SpM18_ChORF0129_s_at			4.343	3.076
SpM18_ChORF0130_s_at			2.898	2.924
SpM18_ChORF0166_s_at			2.046	2.035
SpM18_ChORF0168_at			2.146	1.661
SpM18_ChORF0171_at			1.859	2.019
SpM18_ChORF0253_s_at			2.934	1.877
SpM18_ChORF0262_at			3.239	2.379
SpM18_ChORF0279_s_at			2.541	2.551
SpM18_ChORF0281_s_at			1.803	1.644
SpM18_ChORF0302_s_at			2.078	2.013
SpM18_ChORF0336_s_at			2.054	1.643
SpM18_ChORF0339_s_at			3.15	1.886
SpM18_ChORF0342_s_at			2.181	2.249
SpM18_ChORF0343_s_at			3.483	2.073
SpM18_ChORF0348_s_at			2.895	3.103
SpM18_ChORF0351_s_at			2.149	2.228
SpM18_ChORF0353_at			2.699	2.803
SpM18_ChORF0355_at			3.415	2.818
SpM18_ChORF0356_s_at			2.586	2.326
SpM18_ChORF0357_s_at			2.444	2.259
SpM18_ChORF0358_at			4.94	3.11
SpM18_ChORF0361_s_at			3.98	2.85
SpM18_ChORF0365_s_at			1.698	1.679
SpM18_ChORF0367_s_at			3.485	2.718
SpM18_ChORF0368_s_at			2.478	2.1
SpM18_ChORF0376_s_at			2.471	2.523
SpM18_ChORF0380_s_at			2.612	1.97
SpM18_ChORF0384_s_at			3.333	2.055
SpM18_ChORF0385_x_at			2.972	2.093
SpM18_ChORF0389_x_at			3.583	2.893
SpM18_ChORF0394_x_at			2.027	1.85
SpM18_ChORF0450_at			2.792	2.84
SpM18_ChORF0479_x_at			2.107	2.315
SpM18_ChORF0540_at			2.525	1.875
SpM18_ChORF0542_at			3.19	1.635
SpM18_ChORF0543_at			3.534	2.925
SpM18_ChORF0544_s_at			3.189	3.103
SpM18_ChORF0547_s_at			2.162	1.881
SpM18_ChORF0584_s_at			4.075	2.913
SpM18_ChORF0586_s_at			2.076	1.772
SpM18_ChORF0589_s_at			4.451	3.183
SpM18_ChORF0626_s_at			3.908	2.928
SpM18_ChORF0631_s_at			2.222	2.325
SpM18_ChORF0633_s_at			3.922	3.238
SpM18_ChORF0677_x_at			3.348	1.837
SpM18_ChORF0678_at			2.2	1.672
SpM18_ChORF0717_s_at			1.852	1.788
SpM18_ChORF0719_at			1.699	1.647
SpM18_ChORF0739_s_at			2.157	2.404
SpM18_ChORF0742_at			3.633	3.062
SpM18_ChORF0748_s_at			3.88	3.583
SpM18_ChORF0750_at			3.241	3.358
SpM18_ChORF0755_s_at			3.202	2.891
SpM18_ChORF0757_x_at			2.97	2.718
SpM18_ChORF0758_s_at			2.665	1.748
SpM18_ChORF0760_s_at			2.346	2.179
SpM18_ChORF0761_s_at			6.142	5.034
SpM18_ChORF0765_s_at			3.443	1.935
SpM18_ChORF0766_s_at			1.843	1.835
SpM18_ChORF0770_s_at			2.051	2.181
SpM18_ChORF0784_s_at			2.328	2.253
SpM18_ChORF0831_x_at			2.728	1.962
SpM18_ChORF0867_s_at			2.871	2.627
SpM18_ChORF0907_s_at			3.306	2.823
SpM18_ChORF0930_s_at			4.734	3.592
SpM18_ChORF1077_s_at			4.964	3.369
SpM18_ChORF1136_s_at			3.333	2.098
SpM18_ChORF1162_s_at			2.268	1.637
SpM18_ChORF1197_s_at			2.71	1.668
SpM18_ChORF1226_s_at			2.41	1.874
SpM18_ChORF1237_x_at			2.724	1.92
SpM18_ChORF1238_at			3.9	3.4
SpM18_ChORF1239_at			3.096	2.217
SpM18_ChORF1240_s_at			3.532	2.774
SpM18_ChORF1241_s_at			2.074	1.724
SpM18_ChORF1244_at			2.374	2.52
SpM18_ChORF1247_at			2.602	1.676
SpM18_ChORF1249_x_at			1.929	1.937
SpM18_ChORF1254_x_at			2.339	1.96
SpM18_ChORF1256_at			3.091	2.817
SpM18_ChORF1257_at			3.064	2.15
SpM18_ChORF1261_at			2.713	1.765
SpM18_ChORF1262_at			3.595	3.292
SpM18_ChORF1266_at			2.433	2.695
SpM18_ChORF1272_at			2.216	2.205
SpM18_ChORF1275_at			3.253	1.804
SpM18_ChORF1277_s_at			3.049	3.048
SpM18_ChORF1283_x_at			2.976	3.274
SpM18_ChORF1284_at			3.273	2.817
SpM18_ChORF1287_x_at			2.33	2.432
SpM18_ChORF1289_at			4.532	3.046
SpM18_ChORF1291_at			4.495	3.874
SpM18_ChORF1292_at			3.07	2.387
SpM18_ChORF1294_at			2.301	2.508
SpM18_ChORF1295_at			2.582	1.741
SpM18_ChORF1297_at			2.694	1.766
SpM18_ChORF1298_s_at			3.419	2.817
SpM18_ChORF1300_s_at			2.419	1.899
SpM18_ChORF1319_s_at			2.409	2.212
SpM18_ChORF1329_s_at			1.757	1.638
SpM18_ChORF1340_at			2.223	1.866
SpM18_ChORF1343_at			3.308	2.348
SpM18_ChORF1397_at			3.562	1.644
SpM18_ChORF1413_x_at			2.455	2.537
SpM18_ChORF1423_s_at			2.501	2.113
SpM18_ChORF1442_s_at			2.57	1.854
SpM18_ChORF1444_x_at			2.005	2.248
SpM18_ChORF1455_s_at			2.081	2.179
SpM18_ChORF1460_s_at			3.089	2.805
SpM18_ChORF1493_at			2.861	2.158
SpM18_ChORF1496_s_at			2.697	2.679
SpM18_ChORF1569_at			2.818	2.208
SpM18_ChORF1575_s_at			2.327	2.175
SpM18_ChORF1577_s_at			2.474	2.18
SpM18_ChORF1578_s_at			2.608	1.727
SpM18_ChORF1591_s_at			3.269	2.936
SpM18_ChORF1621_s_at			2.412	2.575
SpM18_ChORF1629_s_at			2.354	1.871
SpM18_ChORF1666_s_at			2.473	2.626
SpM18_ChORF1673_s_at			2.534	2.188
SpM18_ChORF1719_s_at			2.47	2.197
SpM18_ChORF1745_at			2.181	2.231
SpM18_ChORF1746_at			3.06	2.274
SpM18_ChORF1750_at			2.119	2.14
SpM18_ChORF1752_at			2.05	2.137
SpM18_ChORF1753_at			2.286	2.445
SpM18_ChORF1755_at			4.181	2.406
SpM18_ChORF1756_at			2.351	2.322
SpM18_ChORF1778_at			2.203	1.867
SpM18_ChORF1780_at			2.315	2.497
SpM18_ChORF1781_at			1.767	1.75
SpM18_ChORF1783_at			2.569	2.593
SpM18_ChORF1786_at			3.017	2.326
SpM18_ChORF1787_at			2.139	2.198
SpM18_ChORF1789_s_at			3.304	2.31
SpM18_ChORF1792_s_at			2.096	2.231
SpM18_ChORF1796_s_at			3.186	2.699
SpM18_ChORF1797_s_at			2.365	2.116
SpM18_ChORF1798_at			2.618	1.977
SpM18_ChORF1799_at			2.094	1.922
SpM18_ChORF1800_at			2.441	2.142
SpM18_ChORF1803_at			3.268	2.178
SpM18_ChORF1805_s_at			3.639	2.169
SpM18_ChORF1806_s_at			4.439	2.557
SpM18_ChORF1808_s_at			3.262	3.097
SpM18_ChORF1923_at			4.092	2.317
SpM18_ChORF1977_at			2.156	2.127
SpM18_ChORF2002_at			2.714	2.083
SpM18_ChORF2042_at			3.953	3.528
SpM18_ChORF2047_at			3.585	2.186
SpM18_ChORF2048_at			3.414	2.719
SpM18_ChORF2055_s_at			2.738	2.71
SpM18_ChORF2076_at			3.128	1.996
SpM18_ChORF2095_s_at			2.784	1.801
SpM18_ChORF2122_s_at			3.242	2.326
SpM18_ChORF2160_s_at			3.651	2.842
SpM18_ChORF2161_s_at			2.931	1.894
SpM18_ChORF2196_x_at			3.1	2.093
SpM18_ChORF2202_s_at			3.277	2.393
SpM18_ChORF2209_at			3.189	2.48
SpM1_ChORF0004_s_at			2.12	1.83
SpM1_ChORF0007_s_at	pth	putative peptidyl-tRNA hydrolase	3.088	1.711
SpM1_ChORF0008_s_at	trcF	putative transcription-repair coupling factor	3.298	2.318
SpM1_ChORF0009_s_at			2.854	2.18
SpM1_ChORF0015_s_at	ftsH	putative cell division protein	3.137	2.677
SpM1_ChORF0019_s_at			2.938	2.714
SpM1_ChORF0022_s_at	plsX	putative fatty acid/phospholipid synthesis protein	2.53	2.632
SpM1_ChORF0023_s_at			3.306	1.852
SpM1_ChORF0026_s_at	purF	putative phosphoribosylpyrophosphate amidotransferase	3.022	2.415
SpM1_ChORF0027_s_at	purM	putative phosphoribosylformylglycinamide cyclo-ligase	2.646	1.948
SpM1_ChORF0028_s_at	purN	Phosphoribosylglycinamide formyltransferase	2.654	1.984
SpM1_ChORF0031_s_at			4.072	2.604
SpM1_ChORF0032_s_at	purD	phosphoribosylamine-glycine ligase	1.965	1.933
SpM1_ChORF0035_at			2.051	1.758
SpM1_ChORF0036_s_at	purB	adenylosuccinate lyase	2.686	2.734
SpM1_ChORF0038_s_at	ruvB	putative Holliday junction DNA helicase, subunit B	1.871	1.689
SpM1_ChORF0047_s_at	rpsJ	30S ribosomal protein S10	2.747	1.87
SpM1_ChORF0057_s_at	rplP	50S ribosomal protein L16	2.604	1.807
SpM1_ChORF0061_s_at			2.633	1.699
SpM1_ChORF0062_s_at	rplX	50S ribosomal protein L24	2.562	2.545
SpM1_ChORF0063_s_at	rplE	50S ribosomal protein L5	4.909	3.14
SpM1_ChORF0064_s_at	rpsN	30S ribosomal protein S14	2.35	2.297
SpM1_ChORF0067_s_at	rplR	50S ribosomal protein L18	2.095	2.173
SpM1_ChORF0069_s_at	rpsE	30S ribosomal protein S5	3.662	2.661
SpM1_ChORF0072_s_at	rplO	50S ribosomal protein L15	2.813	2.88
SpM1_ChORF0073_s_at	secY	putative preprotein translocase	3.244	1.753
SpM1_ChORF0074_s_at			2.826	1.813
SpM1_ChORF0075_s_at	infA	putative translation initiation factor IF-1	2.587	2.258
SpM1_ChORF0078_s_at	rpsK	30S ribosomal protein S11	2.266	2.165
SpM1_ChORF0092_s_at			3.628	3.394
SpM1_ChORF0093_s_at			3.351	2.497
SpM1_ChORF0098_s_at	rpoB	putative DNA-dependent RNA polymerase subunit beta	2.684	2.064
SpM1_ChORF0101_s_at			1.976	1.94
SpM1_ChORF0103_s_at			2.177	1.715
SpM1_ChORF0104_s_at			3.097	1.671
SpM1_ChORF0108_s_at			4.955	3.583
SpM1_ChORF0112_s_at	proC	putative pyrroline carboxylate reductase	2.873	2.889
SpM1_ChORF0117_s_at			2.635	1.822
SpM1_ChORF0122_s_at			4.098	2.416
SpM1_ChORF0123_s_at			2.233	1.668
SpM1_ChORF0124_s_at	rofA	regulatory protein	3.129	2.263
SpM1_ChORF0131_at			1.944	1.887
SpM1_ChORF0133_at			2.422	2.505
SpM1_ChORF0135_s_at			2.674	2.28
SpM1_ChORF0136_s_at			2.785	2.775
SpM1_ChORF0137_s_at			3.905	3.241
SpM1_ChORF0141_s_at			3.491	2.311
SpM1_ChORF0142_s_at			3.238	3.018
SpM1_ChORF0144_s_at			4.67	3.302
SpM1_ChORF0148_s_at	ntpI	V-type Na+ -ATPase subunit I	2.485	2.111
SpM1_ChORF0155_s_at	ntpB	putative V-type Na+ -ATPase subunit B	4.203	3.669
SpM1_ChORF0157_s_at	ntpD	putative V-type Na+ -ATPase subunit D	3.365	1.764
SpM1_ChORF0158_s_at			2.763	2.899
SpM1_ChORF0159_s_at			3.28	2.327
SpM1_ChORF0160_s_at	purA	putative adenylosuccinate synthetase	2.448	1.962
SpM1_ChORF0164_s_at	nusG	putative transcription antitermination factor	3.228	2.046
SpM1_ChORF0165_s_at	nga	nicotine adenine dinucleotide glycohydrolase precursor	3.32	2.924
SpM1_ChORF0166_s_at			2.356	1.758
SpM1_ChORF0171_at			2.876	2.169
SpM1_ChORF0172_s_at	metB	putative cystathionine beta-lyase	2.406	1.676
SpM1_ChORF0174_s_at			2.29	1.772
SpM1_ChORF0177_s_at			3.521	2.317
SpM1_ChORF0178_s_at			2.698	2.594
SpM1_ChORF0181_s_at			3.15	2.224
SpM1_ChORF0182_s_at			3.028	2.606
SpM1_ChORF0185_at	polA	DNA-directed DNA polymerase I	2.625	1.94
SpM1_ChORF0190_s_at			2.569	2.016
SpM1_ChORF0191_at			2.965	2.479
SpM1_ChORF0195_x_at			3.025	2.838
SpM1_ChORF0205_s_at			3.895	2.934
SpM1_ChORF0207_s_at			2.853	1.857
SpM1_ChORF0208_s_at			2.547	2.129
SpM1_ChORF0212_s_at	speG	exotoxin G precursor	3.73	2.094
SpM1_ChORF0215_s_at	pgi	glucose-6-phosphate isomerase	1.952	1.991
SpM1_ChORF0216_s_at			2.903	1.654
SpM1_ChORF0219_x_at			2.125	1.743
SpM1_ChORF0224_s_at	hasC.2	putative UDP-glucose pyrophosphorylase	2.836	2.154
SpM1_ChORF0226_s_at	gpsA	putative NAD(P)H-dependent glycerol-3-phosphate dehydrogenase	3.255	2.02
SpM1_ChORF0227_s_at			2.395	2.507
SpM1_ChORF0229_s_at			2.681	2.612
SpM1_ChORF0233_s_at			2.747	1.752
SpM1_ChORF0235_s_at			2.641	2.16
SpM1_ChORF0236_s_at	sms	putative DNA repair protein	2.211	1.722
SpM1_ChORF0237_s_at			3.279	2.362
SpM1_ChORF0245_s_at			2.681	2.63
SpM1_ChORF0250_x_at	rpmH	50S ribosomal protein L34	2.349	1.67
SpM1_ChORF0251_s_at			2.354	2.017
SpM1_ChORF0256_s_at			2.543	2.601
SpM1_ChORF0257_s_at	nanH	putative acylneuraminate lyase	2.168	2.004
SpM1_ChORF0258_s_at			2.671	1.727
SpM1_ChORF0259_s_at			2.433	1.814
SpM1_ChORF0261_s_at			4.058	3.053
SpM1_ChORF0262_s_at	ksgA	putative dimethyladenosine transferase	3.084	1.909
SpM1_ChORF0263_s_at			2.217	2.04
SpM1_ChORF0266_s_at			2.726	1.838
SpM1_ChORF0268_s_at	purR	putative purine operon repressor	4.075	2.512
SpM1_ChORF0273_s_at	fus	translation elongation factor G, EF-G	3.162	1.83
SpM1_ChORF0276_s_at			1.746	1.713
SpM1_ChORF0277_s_at			2.071	1.883
SpM1_ChORF0278_s_at			2.955	2.671
SpM1_ChORF0282_s_at	rgpG	possibly involved in regulation of genetic competence	3.057	2.925
SpM1_ChORF0285_s_at			2.466	2.361
SpM1_ChORF0290_s_at			2.886	1.896
SpM1_ChORF0292_s_at	dacA	penicillin-binding protein (D-alanyl-D-alanine carboxypeptidase)	4.101	2.604
SpM1_ChORF0295_s_at	oppC	oligopeptidepermease	3.619	2.589
SpM1_ChORF0296_s_at	oppD	oligopeptidepermease (ATP-binding protein)	3.02	3.313
SpM1_ChORF0300_s_at			4.224	2.134
SpM1_ChORF0303_s_at			2.445	1.737
SpM1_ChORF0305_s_at			3.74	2.068
SpM1_ChORF0306_s_at			2.67	2.201
SpM1_ChORF0307_s_at			2.618	2.81
SpM1_ChORF0308_s_at			3.904	3.198
SpM1_ChORF0310_s_at			2.784	1.673
SpM1_ChORF0312_s_at			3.915	2.342
SpM1_ChORF0314_s_at			3.311	2.26
SpM1_ChORF0320_s_at			2.464	2.661
SpM1_ChORF0324_s_at			3.657	2.756
SpM1_ChORF0326_s_at			2.788	2.617
SpM1_ChORF0330_s_at	lemA	putative cytoplasmic membrane protein	2.293	1.658
SpM1_ChORF0339_s_at			4.528	4.061
SpM1_ChORF0340_s_at	dnaI	putative primosome component (helicase loader)	2.754	2.351
SpM1_ChORF0341_s_at	pgdA	putative phosphoglycerate dehydrogenase	3.728	2.391
SpM1_ChORF0342_s_at	snf	putative SNF helicase	3.738	2.968
SpM1_ChORF0343_s_at			2.581	1.699
SpM1_ChORF0346_s_at			4.342	2.646
SpM1_ChORF0349_s_at	greA	putative transcription elongation factor	4.074	2.367
SpM1_ChORF0351_s_at			2.917	2.922
SpM1_ChORF0352_s_at			1.842	1.879
SpM1_ChORF0356_s_at			2.745	2.76
SpM1_ChORF0361_s_at	glr	putative glutamate racemase	4.209	3.15
SpM1_ChORF0362_s_at			3.426	2.154
SpM1_ChORF0363_s_at			2.285	1.841
SpM1_ChORF0364_s_at			3.306	1.979
SpM1_ChORF0369_s_at			2.429	1.92
SpM1_ChORF0371_s_at			1.768	1.853
SpM1_ChORF0374_s_at			4.137	2.074
SpM1_ChORF0376_s_at			2.044	2.253
SpM1_ChORF0378_s_at	hlyX	putative hemolysin	2.904	1.988
SpM1_ChORF0379_s_at	pflC	putative pyruvate-formate lyase activating enzyme	2.681	2.615
SpM1_ChORF0380_s_at			2.683	1.838
SpM1_ChORF0382_s_at			3.811	1.958
SpM1_ChORF0388_s_at	murE	putative UDP-N-acetylmuramoylalanyl-D-glutamyl-2,6-diaminopimelate ligase	5.8	5.039
SpM1_ChORF0395_s_at			2.392	2.474
SpM1_ChORF0397_s_at			2.855	2.805
SpM1_ChORF0399_s_at	tmk	putative thymidylate kinase	2.616	2.591
SpM1_ChORF0400_s_at			3.233	2.646
SpM1_ChORF0406_s_at			3.044	1.712
SpM1_ChORF0407_s_at			2.416	2.317
SpM1_ChORF0425_s_at	nrdF.1	putative ribonucleotide reductase 2	2.473	2.241
SpM1_ChORF0427_s_at	nrdE.1	ribonucleoside-diphosphate reductase, large chain	2.975	1.98
SpM1_ChORF0428_s_at			2.998	1.643
SpM1_ChORF0430_at			2.824	2.397
SpM1_ChORF0431_at			3.766	2.417
SpM1_ChORF0432_x_at			2.125	1.965
SpM1_ChORF0435_at			3.697	2.728
SpM1_ChORF0436_at	speJ	putative exotoxin (superantigen)	3.87	2.906
SpM1_ChORF0441_s_at			3.263	2.114
SpM1_ChORF0450_s_at			3.542	2.81
SpM1_ChORF0454_s_at	mtsB	ABC transporter ATP-binding protein	3.586	1.794
SpM1_ChORF0462_s_at	pyrH	putative uridylate kinase (UMP-kinase)	1.977	1.927
SpM1_ChORF0463_s_at	rrf	putative ribosome recycling factor	2.511	2.5
SpM1_ChORF0464_s_at			1.957	1.76
SpM1_ChORF0471_s_at	phoH	phosphate starvation-induced protein	2.396	2.232
SpM1_ChORF0473_s_at			4.088	2.07
SpM1_ChORF0476_s_at	era	GTP-binding protein (GTPase)	2.543	2.68
SpM1_ChORF0478_s_at			2.89	2.404
SpM1_ChORF0479_at			1.983	1.966
SpM1_ChORF0480_at			2.924	2.55
SpM1_ChORF0484_s_at			3.525	2.157
SpM1_ChORF0488_s_at			3.096	1.919
SpM1_ChORF0489_s_at			2.57	2.505
SpM1_ChORF0492_s_at			3.666	2.598
SpM1_ChORF0496_s_at	mutR	putative positive transcriptional regulator	2.455	2.3
SpM1_ChORF0497_s_at	fpg	putative formamidopyrimidine-DNA glycosylase	2.839	2.469
SpM1_ChORF0503_s_at			2.148	2.289
SpM1_ChORF0504_s_at			2.222	2.187
SpM1_ChORF0505_s_at			3.934	2.344
SpM1_ChORF0506_s_at	pcp	putative pyrrolidone carboxyl peptidase	2.943	1.922
SpM1_ChORF0508_s_at			3.086	3.005
SpM1_ChORF0510_s_at			3.512	2.348
SpM1_ChORF0517_s_at	thrS	putative threonyl-tRNA synthetase 1	3.365	2.641
SpM1_ChORF0521_s_at			3.405	1.974
SpM1_ChORF0526_s_at			1.901	1.752
SpM1_ChORF0527_s_at			4.195	3.078
SpM1_ChORF0528_s_at	vicR	two-component response regulator	3.269	3.203
SpM1_ChORF0531_s_at			2.767	1.865
SpM1_ChORF0532_s_at	smc	putative chromosome segregation SMC protein	2.593	1.741
SpM1_ChORF0533_s_at			2.895	2.689
SpM1_ChORF0534_s_at			2.807	1.8
SpM1_ChORF0536_s_at			2.353	2.112
SpM1_ChORF0556_s_at			3.179	1.993
SpM1_ChORF0558_s_at			2.529	1.869
SpM1_ChORF0565_s_at	tnpA		3.599	2.312
SpM1_ChORF0567_s_at			1.993	1.648
SpM1_ChORF0568_s_at			2.581	1.951
SpM1_ChORF0569_s_at	ftsY	putative signal recognition particle (docking protein)	2.839	2.97
SpM1_ChORF0570_s_at			1.816	1.743
SpM1_ChORF0571_s_at	licT	putative transcription antiterminator	3.17	2.988
SpM1_ChORF0572_s_at			2.843	1.933
SpM1_ChORF0585_s_at	lgt	putative prolipoprotein diacylglycerol transferase	3.123	2.863
SpM1_ChORF0587_s_at			3.27	2.107
SpM1_ChORF0591_s_at			2.142	2.374
SpM1_ChORF0595_s_at	lysS	putative lysyl-tRNA synthetase	2.127	1.679
SpM1_ChORF0603_s_at			4.237	2.287
SpM1_ChORF0606_s_at	pepF	putative oligopeptidase	4.169	2.363
SpM1_ChORF0608_s_at	ppc	putative phosphoenolpyruvate carboxylase	2.751	1.855
SpM1_ChORF0609_s_at	ftsW	putative cell division protein	2.113	2.222
SpM1_ChORF0611_s_at	tufA	putative translation elongation factor EF-Tu	5.008	4.094
SpM1_ChORF0615_s_at	murN	putative peptidoglycan branched peptide synthesis protein, alanine adding enzyme	3.848	2.48
SpM1_ChORF0616_s_at	murM	putative peptidoglycan branched peptide synthesis protein, serine/alanine adding enzyme	3.49	2.796
SpM1_ChORF0619_s_at			2.793	2.172
SpM1_ChORF0621_s_at			3.909	2.901
SpM1_ChORF0623_s_at	pacL	putative calcium-transporting ATPase	1.598	1.688
SpM1_ChORF0627_s_at	regR	putative transcriptional regulator (LacI family)	4.416	2.778
SpM1_ChORF0628_at			3.26	1.899
SpM1_ChORF0629_s_at			2.941	2.045
SpM1_ChORF0631_s_at			3.163	1.687
SpM1_ChORF0634_s_at			2.546	2.312
SpM1_ChORF0637_s_at			5.681	4.008
SpM1_ChORF0642_s_at			3.195	3.254
SpM1_ChORF0645_s_at	ftsX	putative cell-division protein	3.207	1.637
SpM1_ChORF0646_s_at			3.822	2.098
SpM1_ChORF0650_s_at			2.345	2.163
SpM1_ChORF0654_s_at			1.823	1.743
SpM1_ChORF0656_at			2.358	1.667
SpM1_ChORF0657_at			2.261	1.942
SpM1_ChORF0669_at			2.283	2.493
SpM1_ChORF0671_at			2.728	2.062
SpM1_ChORF0674_at			2.466	2.585
SpM1_ChORF0676_s_at			1.981	2.098
SpM1_ChORF0677_s_at			4.183	3.344
SpM1_ChORF0679_at			2.678	2.406
SpM1_ChORF0680_s_at			2.701	1.835
SpM1_ChORF0682_s_at			4.518	4.031
SpM1_ChORF0683_s_at			2.698	2.882
SpM1_ChORF0686_s_at			3.864	2.814
SpM1_ChORF0688_s_at			2.886	1.942
SpM1_ChORF0690_s_at			4.104	3.567
SpM1_ChORF0696_at			1.939	1.961
SpM1_ChORF0696_s_at			3.779	2.345
SpM1_ChORF0697_at			2.134	2.031
SpM1_ChORF0700_at			2.637	1.804
SpM1_ChORF0703_s_at			1.683	1.734
SpM1_ChORF0705_s_at			1.951	2.13
SpM1_ChORF0706_s_at			3.111	2.328
SpM1_ChORF0707_x_at			2.639	2.198
SpM1_ChORF0715_at			2.569	2.572
SpM1_ChORF0716_s_at			2.388	2.554
SpM1_ChORF0721_s_at			3.365	2.991
SpM1_ChORF0723_at			5.484	4.672
SpM1_ChORF0726_s_at			2.981	2.922
SpM1_ChORF0728_s_at			3.092	2.029
SpM1_ChORF0729_s_at			2.515	2.071
SpM1_ChORF0731_s_at	eno	putative enolase	3.517	3.662
SpM1_ChORF0732_at			2.666	1.721
SpM1_ChORF0733_at			1.662	1.799
SpM1_ChORF0739_s_at	sagB	streptolysin S associated ORF	3.554	2.919
SpM1_ChORF0740_s_at	sagC	streptolysin S associated ORF	3.688	3.395
SpM1_ChORF0741_s_at			2.926	2.629
SpM1_ChORF0742_s_at			4.486	3.263
SpM1_ChORF0743_s_at			2.179	2.166
SpM1_ChORF0745_s_at	sagH	ABC transporter (ATP-binding protein) - streptolysin S associated ORF	1.913	2
SpM1_ChORF0749_s_at			1.843	1.914
SpM1_ChORF0751_s_at	lig	putative DNA ligase	3.535	2.648
SpM1_ChORF0752_s_at			2.685	1.665
SpM1_ChORF0755_s_at			2.266	2.482
SpM1_ChORF0758_s_at			2.537	2.626
SpM1_ChORF0763_s_at			3.315	2.774
SpM1_ChORF0764_s_at	epuA	conserved competence associated hypothetical protein	2.816	1.709
SpM1_ChORF0766_s_at	endA	putative competence associated membrane nuclease	2.318	1.922
SpM1_ChORF0768_s_at	pheS	putative phenylalanyl-tRNA synthetase (alpha subunit)	2.539	2.564
SpM1_ChORF0770_s_at			2.115	2.099
SpM1_ChORF0771_s_at			2.336	1.973
SpM1_ChORF0773_s_at			3.184	3.025
SpM1_ChORF0775_s_at			3.277	2.735
SpM1_ChORF0776_s_at	rexB	putative ATP-dependent exonuclease, subunit B	3.468	1.897
SpM1_ChORF0777_s_at	rexA	putative ATP-dependent exonuclease, subunit A	3.86	2.569
SpM1_ChORF0789_s_at	rgpCc	ABC transporter permease	2.815	1.789
SpM1_ChORF0797_s_at			3.649	2.217
SpM1_ChORF0800_s_at			3.471	2.695
SpM1_ChORF0803_s_at			2.51	1.934
SpM1_ChORF0804_s_at	infC	putative translation initiation factor 3 (IF3)	3.791	2.873
SpM1_ChORF0806_s_at	rplT	50S ribosomal protein L20	3.415	3.144
SpM1_ChORF0809_s_at			2.664	2.312
SpM1_ChORF0810_s_at			2.864	1.939
SpM1_ChORF0814_s_at	folC.2	putative folyl-polyglutamate synthetase	2.674	2.66
SpM1_ChORF0815_s_at			3.306	2.498
SpM1_ChORF0817_s_at	thiI	putative thiamine biosynthesis protein	2.768	1.776
SpM1_ChORF0819_s_at	rplU	50S ribosomal protein L21	3.339	2.216
SpM1_ChORF0821_s_at			5.201	2.923
SpM1_ChORF0826_s_at	lsp	putative prolipoprotein signal peptidase	1.877	1.833
SpM1_ChORF0827_s_at			2.346	1.67
SpM1_ChORF0832_s_at	pyrB	putative aspartate transcarbamoylase	2.692	2.46
SpM1_ChORF0837_s_at			2.389	2.007
SpM1_ChORF0839_s_at			2.957	2.986
SpM1_ChORF0840_s_at	rpsP	30S ribosomal protein S16	2.221	2.434
SpM1_ChORF0843_s_at			3.774	2.602
SpM1_ChORF0844_s_at			2.304	2.033
SpM1_ChORF0845_s_at	czcD	putative cation-efflux system membrane protein	3.436	1.711
SpM1_ChORF0847_s_at			2.253	2.308
SpM1_ChORF0851_s_at			1.829	1.686
SpM1_ChORF0853_s_at			2.502	2.187
SpM1_ChORF0854_s_at	fruB	1-phosphofructokinase	2.733	1.958
SpM1_ChORF0855_s_at			2.33	1.746
SpM1_ChORF0857_s_at	mur1.2	putative peptidoglycan hydrolase	3.727	3.858
SpM1_ChORF0865_s_at			3.951	3.352
SpM1_ChORF0867_s_at			2.668	2.534
SpM1_ChORF0870_s_at	fms	putative polypeptide deformylase	3.941	2.206
SpM1_ChORF0872_s_at			2.859	1.816
SpM1_ChORF0874_s_at			2.292	2.409
SpM1_ChORF0877_s_at	mvaD	mevalonate pyrophosphate decarboxylase	2.103	1.747
SpM1_ChORF0880_s_at	mvaS.1	putative 3-hydroxy-3-methylglutaryl-coenzyme A	3.505	2.386
SpM1_ChORF0881_s_at	mvaS.2	putative 3-hydroxy-3-methylglutaryl-coenzyme A synthase (HMG-CoA synthase)	1.912	1.868
SpM1_ChORF0882_s_at	thyA	putative thymidylate synthase	1.924	2.082
SpM1_ChORF0887_s_at			2.77	2.389
SpM1_ChORF0888_s_at			2.361	1.712
SpM1_ChORF0892_s_at	punA	putative purine nucleoside phosphorylase	2.901	2.523
SpM1_ChORF0894_s_at	deoD2	putative purine nucleoside phosphorylase	3.961	2.927
SpM1_ChORF0899_s_at			1.904	1.671
SpM1_ChORF0900_s_at	pyrF	putative orotidine-5'-decarboxylase PyrF	2.504	2.265
SpM1_ChORF0903_s_at			2.111	1.806
SpM1_ChORF0905_s_at	ung	putative uracil DNA glycosylase	3.657	2.974
SpM1_ChORF0907_s_at	pyrC	putative dihydroorotase	2.383	1.789
SpM1_ChORF0916_s_at			3.436	2.4
SpM1_ChORF0917_s_at			2.032	1.915
SpM1_ChORF0919_at			2.36	2.28
SpM1_ChORF0922_s_at			3.86	3.002
SpM1_ChORF0923_s_at			3.687	2.248
SpM1_ChORF0924_s_at			2.136	1.946
SpM1_ChORF0927_s_at			2.592	2.339
SpM1_ChORF0928_s_at			1.847	1.984
SpM1_ChORF0929_s_at	nth	putative endonuclease III (DNA repair)	2.038	2.022
SpM1_ChORF0930_s_at			3.725	3.599
SpM1_ChORF0931_s_at			3.69	2.351
SpM1_ChORF0932_s_at			2.824	1.659
SpM1_ChORF0937_s_at	int3	putative integrase - phage associated	2.603	2.498
SpM1_ChORF0938_s_at			3.689	2.949
SpM1_ChORF0940_x_at			2.574	2.847
SpM1_ChORF0946_at			3.021	2.431
SpM1_ChORF0948_s_at			2.99	2.305
SpM1_ChORF0949_s_at			3.095	2.303
SpM1_ChORF0952_at			3.038	2.043
SpM1_ChORF0961_s_at			3.926	2.882
SpM1_ChORF0962_s_at			2.958	2.08
SpM1_ChORF0963_x_at			2.851	2.661
SpM1_ChORF0967_s_at			2.603	2.023
SpM1_ChORF0975_s_at			2.617	2.278
SpM1_ChORF0976_at			2.81	1.888
SpM1_ChORF0978_at			3.618	2.524
SpM1_ChORF0981_s_at			5.093	3.416
SpM1_ChORF0982_s_at			2.209	2.057
SpM1_ChORF0984_at			2.801	1.743
SpM1_ChORF0985_at			2.16	1.94
SpM1_ChORF0986_s_at			3.137	2.778
SpM1_ChORF0988_s_at			2.071	2.005
SpM1_ChORF0991_s_at			3.211	2.382
SpM1_ChORF0995_s_at			3.589	2.469
SpM1_ChORF1002_at			2.512	2.785
SpM1_ChORF1006_s_at	lys	putative lysin - phage associated	3.349	2.086
SpM1_ChORF1008_s_at	speH	streptococcal exotoxin H precursor	2.5	2.662
SpM1_ChORF1011_s_at			2.866	1.954
SpM1_ChORF1012_s_at			4.377	4.353
SpM1_ChORF1013_s_at	fbp	putative fibronectin-binding protein-like protein A	3.901	3.276
SpM1_ChORF1017_x_at			2.863	2.027
SpM1_ChORF1018_s_at			3.633	2.191
SpM1_ChORF1020_s_at			3.291	2.422
SpM1_ChORF1025_at			2.248	1.893
SpM1_ChORF1028_s_at			2.011	2.116
SpM1_ChORF1031_s_at			3.011	1.968
SpM1_ChORF1032_s_at	hylA	extracellular hyaluronate lyase	2.014	2.067
SpM1_ChORF1037_s_at			2.578	2.027
SpM1_ChORF1038_s_at			1.862	1.946
SpM1_ChORF1039_s_at			2.779	2.253
SpM1_ChORF1040_s_at	hemN	putative coproporphyrinogen III oxidase	2.295	2.494
SpM1_ChORF1042_s_at			3.79	2.597
SpM1_ChORF1047_s_at			2.512	2.449
SpM1_ChORF1049_s_at			5.341	3.117
SpM1_ChORF1055_s_at	csrA	putative heavy metal stress response protein	2.157	2.398
SpM1_ChORF1056_s_at			3.671	2.361
SpM1_ChORF1057_s_at			2.748	2.659
SpM1_ChORF1058_s_at			2.468	2.093
SpM1_ChORF1059_s_at			3.911	2.286
SpM1_ChORF1062_s_at			2.326	1.785
SpM1_ChORF1063_at			4.336	3.642
SpM1_ChORF1065_at			4.021	3.286
SpM1_ChORF1069_s_at			5.426	3.596
SpM1_ChORF1073_s_at	rplL	50S ribosomal protein L7/L12	2.59	1.762
SpM1_ChORF1075_at			2.006	1.656
SpM1_ChORF1077_s_at			2.457	1.811
SpM1_ChORF1081_at	srtR	putative DNA binding regulatory protein - lantibiotic associated	3.021	1.722
SpM1_ChORF1086_s_at	srtE	conserved hypothetical protein - lantibiotic associated	2.474	1.787
SpM1_ChORF1093_s_at			3.757	2.096
SpM1_ChORF1096_s_at	folC.1	putative folyl-polyglutamate synthetase	2.874	2.473
SpM1_ChORF1097_s_at	folE	GTP cyclohydrolase	3.219	1.975
SpM1_ChORF1098_s_at	folP	dihydropteroate synthase	2.727	2.781
SpM1_ChORF1100_s_at	folK	hydroxymethylpterin pyrophosphokinase	3.053	1.745
SpM1_ChORF1101_s_at	murB	putative UDP-N-acetylenolpyruvoylglucosamine reductase	4.101	3.742
SpM1_ChORF1102_s_at	potA	putative spermidine / putrescine ABC transporter (ATP-binding protein)	3.383	3.154
SpM1_ChORF1104_s_at	potC	putative spermidine/putrescine ABC transporter (permease protein)	3.246	2.229
SpM1_ChORF1107_s_at			1.983	1.813
SpM1_ChORF1110_s_at			2.875	2.015
SpM1_ChORF1114_s_at			2.894	2.162
SpM1_ChORF1117_s_at			3.687	2.673
SpM1_ChORF1118_s_at	radC	putative DNA repair protein	3.267	1.753
SpM1_ChORF1122_s_at			2.745	1.876
SpM1_ChORF1123_s_at	prs	putative phosphoribosyl pyrophosphate synthetase	2.799	1.874
SpM1_ChORF1127_s_at			2.821	2.039
SpM1_ChORF1138_s_at			4.143	4.214
SpM1_ChORF1141_s_at	prfA	putative peptide chain release factor 1	2.767	2.802
SpM1_ChORF1143_s_at			2.281	2.27
SpM1_ChORF1146_s_at			2.22	1.782
SpM1_ChORF1147_s_at			2.583	2.543
SpM1_ChORF1149_s_at			1.814	1.681
SpM1_ChORF1150_s_at	nox	NADH Oxidase	3.47	1.994
SpM1_ChORF1151_s_at	ldh	putative L-lactate dehydrogenase	4.876	2.7
SpM1_ChORF1154_s_at			3.211	2.429
SpM1_ChORF1158_s_at			3.737	2.839
SpM1_ChORF1159_s_at	hlyIII	putative hemolysin III	3.178	2.204
SpM1_ChORF1161_s_at			3.387	2.656
SpM1_ChORF1163_s_at	smf	putative DNA processing protein (Smf family)	3.369	3.136
SpM1_ChORF1175_s_at			1.874	1.938
SpM1_ChORF1177_s_at			3.72	2.686
SpM1_ChORF1178_s_at			2.497	2.664
SpM1_ChORF1180_s_at			2.624	1.956
SpM1_ChORF1181_s_at			4.075	2.341
SpM1_ChORF1184_s_at			3.139	3.318
SpM1_ChORF1189_s_at			2.553	1.744
SpM1_ChORF1190_s_at			3.694	2.269
SpM1_ChORF1193_s_at			2.619	1.952
SpM1_ChORF1202_s_at			1.755	1.835
SpM1_ChORF1203_s_at			2.777	2.35
SpM1_ChORF1204_s_at	guaA	putative GMP synthase	2.492	1.907
SpM1_ChORF1206_s_at			4.263	3.254
SpM1_ChORF1209_s_at	pdxK	putative pyridoxal kinase	2.443	1.778
SpM1_ChORF1212_s_at			2.105	2.282
SpM1_ChORF1213_s_at	fhs.1	putative formate-tetrahydrofolate ligase	2.386	1.998
SpM1_ChORF1214_s_at	lplA	putative lipoate-protein ligase	3.084	3.024
SpM1_ChORF1217_s_at			3.665	2.893
SpM1_ChORF1218_s_at			4.123	2.759
SpM1_ChORF1219_s_at			2.78	1.915
SpM1_ChORF1220_s_at			4.012	3.215
SpM1_ChORF1223_s_at			3.774	1.657
SpM1_ChORF1228_s_at			2.268	2.185
SpM1_ChORF1230_s_at			3.294	1.791
SpM1_ChORF1234_s_at	rpsT	30S ribosomal protein S20	2.646	1.682
SpM1_ChORF1237_s_at			2.109	1.884
SpM1_ChORF1240_s_at	phoU	putative phosphate uptake regulatory protein	3.793	2.524
SpM1_ChORF1245_s_at	pstS	putative phosphate ABC transporter, periplasmic phosphate-binding protein	3.035	1.769
SpM1_ChORF1248_s_at			2.137	1.774
SpM1_ChORF1251_s_at	truB	putative tRNA pseudouridine 55 synthase	2.48	1.662
SpM1_ChORF1260_s_at			3.557	2.581
SpM1_ChORF1265_s_at			1.992	1.75
SpM1_ChORF1273_s_at			5.536	2.809
SpM1_ChORF1274_s_at			3.601	2.463
SpM1_ChORF1275_s_at			2.959	2.638
SpM1_ChORF1276_s_at			3.453	2.039
SpM1_ChORF1280_s_at	glmS	putative L-glutamine-D-fructose-6-phosphate amidotransferase	2.907	1.683
SpM1_ChORF1281_s_at	sipC	putative signal peptidase I	2.481	1.874
SpM1_ChORF1289_s_at			2.928	1.976
SpM1_ChORF1290_s_at			5.339	4.584
SpM1_ChORF1292_s_at	malM	4-alpha-glucanotransferase	1.901	1.709
SpM1_ChORF1295_s_at	malF	putative maltose/maltodextrin ABC transport system (permease)	3.628	2.85
SpM1_ChORF1296_s_at	malG	putative maltose/maltodextrin ABC transport system (permease)	3.708	3.221
SpM1_ChORF1297_at			1.919	1.783
SpM1_ChORF1298_at	malA	putative maltodextrose utilization protein	4.644	3.161
SpM1_ChORF1299_at	malD	putative maltodextrin transport system permease	2.294	1.931
SpM1_ChORF1302_at			3.276	2.205
SpM1_ChORF1312_s_at	dltA	putative D-alanine-D-alanyl carrier protein ligase	2.982	2.356
SpM1_ChORF1316_s_at			2.787	2.094
SpM1_ChORF1322_s_at			2.892	2.037
SpM1_ChORF1326_s_at			2.561	2.207
SpM1_ChORF1329_s_at			3.441	2.345
SpM1_ChORF1337_s_at	rsuA	16S rRNA pseudouridine(516) synthase	2.485	2.526
SpM1_ChORF1339_s_at			2.506	2.547
SpM1_ChORF1340_s_at			1.741	1.861
SpM1_ChORF1344_s_at			2.881	2.595
SpM1_ChORF1346_s_at			3.735	2.366
SpM1_ChORF1354_s_at	map	putative methionine aminopeptidase	2.163	2.034
SpM1_ChORF1355_s_at			2.787	2.054
SpM1_ChORF1357_s_at	grab	protein GRAB (protein G-related alpha 2M-binding protein)	3.101	2.011
SpM1_ChORF1359_s_at	metK	S-adenosylmethionine synthetase	2.986	2.285
SpM1_ChORF1361_s_at	inlA	putative internalin A precursor	4.04	3.735
SpM1_ChORF1364_s_at	dnaX	DNA polymerase III subunits gamma / tau	2.761	1.93
SpM1_ChORF1366_s_at			2.776	2.028
SpM1_ChORF1373_s_at	ptsH	putative phosphotransferase system phosphohistidine-containing protein	2.063	1.945
SpM1_ChORF1374_s_at	nrdH	putative glutaredoxin	3.24	1.882
SpM1_ChORF1378_s_at	nrdF.2	ribonucleotide diphosphate reductase small subunit	4.257	2.892
SpM1_ChORF1392_s_at			3.497	2.037
SpM1_ChORF1393_s_at	pepB	putative oligopeptidase	5.543	5.091
SpM1_ChORF1395_s_at			4.4	3.601
SpM1_ChORF1398_s_at			2.448	2.526
SpM1_ChORF1399_s_at	nagB	putative N-acetylglucosamine-6-phosphate isomerase	2.577	2.528
SpM1_ChORF1400_s_at	queA	putative S-adenosylmethionine-tRNA ribosyltransferase-isomerase	2.423	2.304
SpM1_ChORF1405_s_at			2.667	2.563
SpM1_ChORF1406_s_at	sodA	superoxide dismutase (Fe/Mn)	3.328	2.095
SpM1_ChORF1409_s_at			2.935	2.878
SpM1_ChORF1410_s_at			2.625	2.241
SpM1_ChORF1415_s_at	deaD	putative ATP-dependent RNA helicase	2.443	2.358
SpM1_ChORF1416_s_at	prfC	putative peptide-chain-release factor 3	3.404	1.981
SpM1_ChORF1420_s_at	murF	putative D-Ala-D-Ala adding enzyme	2.726	1.961
SpM1_ChORF1422_s_at	recR	putative recombination protein	4.463	4.264
SpM1_ChORF1437_s_at			2.36	1.659
SpM1_ChORF1438_s_at			2.331	2.332
SpM1_ChORF1440_x_at			2.936	2.995
SpM1_ChORF1441_s_at			4.203	4.101
SpM1_ChORF1448_s_at			3.307	2.72
SpM1_ChORF1450_s_at			2.717	2.672
SpM1_ChORF1451_s_at			2.292	2.079
SpM1_ChORF1452_s_at			2.316	1.855
SpM1_ChORF1453_s_at			3.474	2.527
SpM1_ChORF1454_s_at			3.841	2.316
SpM1_ChORF1457_s_at			2.661	1.978
SpM1_ChORF1460_s_at			1.726	1.812
SpM1_ChORF1464_s_at			3.239	2.845
SpM1_ChORF1465_s_at			2.058	1.713
SpM1_ChORF1468_s_at			3.129	2.189
SpM1_ChORF1473_s_at			2.571	2.723
SpM1_ChORF1474_s_at			2.236	1.964
SpM1_ChORF1476_s_at			2.023	2.112
SpM1_ChORF1477_s_at			2.453	1.903
SpM1_ChORF1479_s_at			3.381	2.886
SpM1_ChORF1483_s_at			2.583	2.788
SpM1_ChORF1485_s_at			2.228	2.417
SpM1_ChORF1486_s_at			3.599	2.513
SpM1_ChORF1492_s_at			2.714	2.438
SpM1_ChORF1493_s_at			2.332	1.897
SpM1_ChORF1494_s_at			3.72	2.769
SpM1_ChORF1497_s_at	hlyA1	putative hemolysin	2.585	1.955
SpM1_ChORF1498_s_at	fps	putative geranyltranstransferase (farnesyl diphosphate synthase)	2.662	1.839
SpM1_ChORF1499_s_at	xseB	exodeoxyribonuclease VII (small subunit)	2.719	2.43
SpM1_ChORF1500_s_at	xseA	putative exodeoxyribonuclease VII (large subunit)	3.015	2.144
SpM1_ChORF1503_s_at			1.918	1.868
SpM1_ChORF1506_s_at			1.794	1.7
SpM1_ChORF1507_s_at			2.755	2.772
SpM1_ChORF1515_s_at			2.234	1.655
SpM1_ChORF1518_s_at			3.503	2.019
SpM1_ChORF1519_s_at			2.77	1.992
SpM1_ChORF1523_s_at	divIB	cell division protein	2.181	1.919
SpM1_ChORF1524_s_at	murG	putative undecaprenyl-PP-MurNAc-pentapeptide-UDPGlcNAc GlcNAc transferase	2.798	1.634
SpM1_ChORF1527_s_at			3.08	2.135
SpM1_ChORF1528_s_at			2.611	2.575
SpM1_ChORF1530_s_at			1.636	1.727
SpM1_ChORF1531_s_at	dpr	putative peroxide resistance protein	3.349	1.771
SpM1_ChORF1532_s_at			3.612	1.9
SpM1_ChORF1534_s_at			2.934	1.72
SpM1_ChORF1538_s_at			2.811	2.69
SpM1_ChORF1541_s_at			4.043	2.771
SpM1_ChORF1542_s_at			2.994	3.225
SpM1_ChORF1544_s_at			2.623	2.764
SpM1_ChORF1546_s_at			1.91	1.88
SpM1_ChORF1547_s_at			2.536	1.842
SpM1_ChORF1552_s_at			3.022	2.586
SpM1_ChORF1556_s_at			2.706	2.725
SpM1_ChORF1557_s_at	msrA	putative peptide methionine sulfoxide reductase	2.268	2.383
SpM1_ChORF1558_s_at			3.365	2.359
SpM1_ChORF1561_s_at			2.354	2.265
SpM1_ChORF1563_s_at			2.366	2.426
SpM1_ChORF1565_s_at			3.353	2.409
SpM1_ChORF1566_s_at			3.293	2.625
SpM1_ChORF1567_s_at			2.692	2.455
SpM1_ChORF1575_s_at			2.415	2.033
SpM1_ChORF1576_s_at			3.264	2.311
SpM1_ChORF1577_s_at			3.678	1.909
SpM1_ChORF1580_s_at			3.525	2.27
SpM1_ChORF1582_s_at			3.71	2.823
SpM1_ChORF1586_s_at			2.903	2.146
SpM1_ChORF1587_s_at			3.91	2.603
SpM1_ChORF1588_s_at			2.794	2.596
SpM1_ChORF1591_s_at			3.597	2.43
SpM1_ChORF1595_s_at			2.379	1.867
SpM1_ChORF1600_s_at			2.857	1.815
SpM1_ChORF1605_s_at			3.921	2.324
SpM1_ChORF1613_s_at			3.02	2.851
SpM1_ChORF1615_s_at			3.598	2.348
SpM1_ChORF1616_s_at			3.139	2.41
SpM1_ChORF1621_s_at			2.708	2.179
SpM1_ChORF1629_s_at	priA	putative primosomal replication factor Y	2.238	2.298
SpM1_ChORF1633_s_at			3.094	2.677
SpM1_ChORF1634_s_at			3.81	3.108
SpM1_ChORF1638_s_at			3.139	3.177
SpM1_ChORF1640_s_at			2.976	2.039
SpM1_ChORF1643_s_at			3.757	3.162
SpM1_ChORF1649_s_at	pbp1A	putative penicillin-binding protein 1a	2.444	2.089
SpM1_ChORF1651_s_at	pepC	putative cysteine aminopeptidase C	3.689	2.662
SpM1_ChORF1654_s_at			3.368	2.727
SpM1_ChORF1659_s_at			4.149	2.858
SpM1_ChORF1664_s_at	pbpX	putative penicillin binding protein 2X	3.262	2.406
SpM1_ChORF1666_s_at			3.789	2.283
SpM1_ChORF1670_s_at	proA	putative gamma-glutamyl phosphate reductase	3.304	2.12
SpM1_ChORF1673_at			1.965	1.833
SpM1_ChORF1673_s_at			3.69	2.977
SpM1_ChORF1675_s_at			4.071	2.72
SpM1_ChORF1678_s_at			2.912	1.746
SpM1_ChORF1681_s_at			2.267	2.152
SpM1_ChORF1682_s_at	glpF	putative glycerol uptake facilitator	2.983	1.974
SpM1_ChORF1684_s_at	glpK	putative glycerol kinase	3.372	2.794
SpM1_ChORF1686_s_at			4.085	2.04
SpM1_ChORF1687_s_at			2.377	2.348
SpM1_ChORF1688_at	glyS	putative glycyl-tRNA synthetase (beta subunit)	3.043	3.184
SpM1_ChORF1689_s_at	glyQ	putative glycyl-tRNA synthetase (alpha subunit)	3.158	3.08
SpM1_ChORF1691_s_at			2.219	1.822
SpM1_ChORF1693_s_at			2.248	1.859
SpM1_ChORF1694_s_at	nagA	putative N-acetylglucosamine-6-phosphate deacetylase	2.44	1.706
SpM1_ChORF1698_s_at			2.622	2.559
SpM1_ChORF1701_s_at			2.773	1.782
SpM1_ChORF1704_s_at	lacD.1	putative tagatose 1,6-diphosphate aldolase	3.858	2.392
SpM1_ChORF1707_at	lacB.1	putative galactose-6-phosphate isomerase	2.535	2.392
SpM1_ChORF1708_s_at	lacA.1	putative galactose-6-phosphate isomerase	3.436	2.646
SpM1_ChORF1710_s_at			3.039	1.698
SpM1_ChORF1711_s_at			2.117	2.281
SpM1_ChORF1715_s_at	copA	putative cation-transporting ATP-ase - copper transport operon	2.349	2.361
SpM1_ChORF1717_at	copY	putative negative transcriptional regulator - cpooer transport operon	3.157	2.481
SpM1_ChORF1727_s_at			2.714	2.607
SpM1_ChORF1728_s_at			3.385	1.83
SpM1_ChORF1729_s_at			2.981	2.094
SpM1_ChORF1730_s_at	hit	putative cell-cycle regulation histidine triad (HIT) protein	3.551	2.68
SpM1_ChORF1735_s_at			3.589	1.982
SpM1_ChORF1736_s_at			3.325	3.131
SpM1_ChORF1740_s_at	manN	putative mannose-specific phosphotransferase system component IID	3.21	1.765
SpM1_ChORF1741_s_at			4.17	2.922
SpM1_ChORF1742_s_at	serS	putative seryl-tRNA synthetase	3.307	2.973
SpM1_ChORF1743_s_at			3.094	2.644
SpM1_ChORF1745_s_at			3.934	2.488
SpM1_ChORF1747_s_at			3.102	2.897
SpM1_ChORF1748_s_at	fabF	putative beta-ketoacyl-ACP synthase II	2.591	1.666
SpM1_ChORF1749_s_at	fabG	putative beta-ketoacyl-ACP reductase	2.177	1.798
SpM1_ChORF1751_s_at	fabK	putative trans-2-enoyl-ACP reductase II	2.634	2.158
SpM1_ChORF1758_s_at	phaB	putative enoyl CoA hydratase	2.907	1.666
SpM1_ChORF1761_s_at	grpE	putative Hsp-70 cofactor	3.153	2.309
SpM1_ChORF1764_s_at			2.506	2.705
SpM1_ChORF1765_s_at			3.049	2.174
SpM1_ChORF1766_s_at			3.557	2.98
SpM1_ChORF1768_s_at			2.931	2.934
SpM1_ChORF1769_s_at			2.112	1.929
SpM1_ChORF1779_s_at			3.16	2.101
SpM1_ChORF1780_s_at			3.129	2.617
SpM1_ChORF1782_s_at			3.504	2.112
SpM1_ChORF1787_s_at			5.159	3.6
SpM1_ChORF1788_s_at			3.165	2.177
SpM1_ChORF1789_s_at			2.979	2.048
SpM1_ChORF1791_s_at			3.505	2.226
SpM1_ChORF1794_s_at			2.532	2.406
SpM1_ChORF1795_s_at			2.392	1.704
SpM1_ChORF1802_s_at			3.474	2.36
SpM1_ChORF1804_s_at			3.775	2.348
SpM1_ChORF1805_s_at	secA	putative preprotein translocase binding subunit (ATPase)	1.686	1.752
SpM1_ChORF1810_s_at	pmi	putative mannose-6-phosphate isomerase	1.932	1.763
SpM1_ChORF1816_s_at	scrB	putative sucrose-6-phosphate hydrolase	4.057	3.501
SpM1_ChORF1817_s_at	scrR	putative sucrose operon repressor	3.373	1.753
SpM1_ChORF1820_s_at			3.817	2.761
SpM1_ChORF1821_s_at	efp	putative translation elongation factor EF-P	3.147	1.736
SpM1_ChORF1823_s_at			3.057	1.854
SpM1_ChORF1825_at	uvrA	putative excinuclease ABC (subunit A)	3.089	2.433
SpM1_ChORF1829_s_at	rpsR	30S ribosomal protein S18	4.559	2.902
SpM1_ChORF1844_s_at			2.672	2.462
SpM1_ChORF1850_s_at			2.653	2.601
SpM1_ChORF1857_s_at			2.649	2.173
SpM1_ChORF1858_s_at	pepXP	putative X-Pro dipeptidyl-peptidase IV	2.622	2.303
SpM1_ChORF1862_s_at			2.813	1.914
SpM1_ChORF1863_s_at			2.937	1.858
SpM1_ChORF1866_s_at			2.027	1.881
SpM1_ChORF1868_s_at	nupC	putative nucleoside transporter	3.796	2.131
SpM1_ChORF1869_s_at	udp	putative uridine phosphorylase	2.432	2.147
SpM1_ChORF1871_s_at	rpsN2	30S ribosomal protein S14	4.132	2.491
SpM1_ChORF1873_s_at			4.067	3.524
SpM1_ChORF1874_s_at			4.179	2.89
SpM1_ChORF1876_s_at			2.251	2.218
SpM1_ChORF1878_s_at			3.794	2.691
SpM1_ChORF1879_s_at			2.499	2.31
SpM1_ChORF1886_s_at			1.968	1.933
SpM1_ChORF1888_s_at	rpmB	50S ribosomal protein L28	2.942	2.838
SpM1_ChORF1894_s_at	pyrG	putative CTP synthetase	2.26	2.21
SpM1_ChORF1895_s_at	rpoE	putative DNA-directed RNA polymerase (delta subunit)	2.889	1.683
SpM1_ChORF1899_s_at			4.906	4.065
SpM1_ChORF1900_s_at	thiD	putative phosphomethylpyrimidine kinase	2.817	2.464
SpM1_ChORF1904_s_at	hsdR	putative type I site-specific deoxyribonuclease	2.702	2.122
SpM1_ChORF1905_s_at	hsdS	putative type I site-specific deoxyribonuclease	2.991	1.902
SpM1_ChORF1916_s_at	lacG	putative phospho-beta-D-galactosidase	4.233	3.643
SpM1_ChORF1919_s_at	lacD.2	putative tagatose 1,6-diphosphate aldolase	2.031	2.016
SpM1_ChORF1924_s_at	lacR.2	putative lactose phosphotransferase system repressor protein	5.371	3.774
SpM1_ChORF1932_s_at	rplM	50S ribosomal protein L13	1.972	1.761
SpM1_ChORF1942_s_at			2.418	2.05
SpM1_ChORF1945_s_at			2.521	2.326
SpM1_ChORF1946_s_at	pnpA	putative polynucleotide phosphorylase, alpha chain	2.003	2.129
SpM1_ChORF1949_s_at			4.027	3.403
SpM1_ChORF1950_s_at			3.005	1.691
SpM1_ChORF1955_s_at	rpsO	30S ribosomal protein S15	2.172	2.269
SpM1_ChORF1958_s_at	def	putative polypeptide deformylase	2.911	1.713
SpM1_ChORF1965_s_at	uppS	putative undecaprenyl pyrophosphate synthetase	3.606	2.83
SpM1_ChORF1968_s_at			1.973	1.756
SpM1_ChORF1973_at	dexB	dextran glucosidase	3.278	2.4
SpM1_ChORF1981_s_at	relA	(p)ppGpp synthetase	3.447	2.386
SpM1_ChORF1983_at	scl	collagen-like surface protei	2.395	2.59
SpM1_ChORF1984_s_at			2.746	2.02
SpM1_ChORF1992_s_at			2.713	2.118
SpM1_ChORF1999_at			4.369	3.052
SpM1_ChORF2000_s_at	dppA	surface lipoprotein	2.639	2.059
SpM1_ChORF2001_s_at	dppB	transmembrane transport protein	3.142	2.262
SpM1_ChORF2005_s_at			2.067	2.212
SpM1_ChORF2006_s_at			4.243	3.54
SpM1_ChORF2009_at			3.092	2.521
SpM1_ChORF2010_s_at	scpA	C5A peptidase precursor	2.193	1.635
SpM1_ChORF2018_at	emm1	M protein type 1	3.635	2.771
SpM1_ChORF2019_s_at	mga	M protein trans-acting positive regulator	2.794	1.814
SpM1_ChORF2023_s_at			2.558	2.644
SpM1_ChORF2031_s_at			2.147	1.71
SpM1_ChORF2033_s_at			2.219	2.113
SpM1_ChORF2039_s_at	speB	pyrogenic exotoxin B	2.524	2.322
SpM1_ChORF2040_at			2.91	2.154
SpM1_ChORF2041_s_at			2.412	1.764
SpM1_ChORF2043_s_at	mf	mitogenic factor	3.008	2.691
SpM1_ChORF2048_s_at	mipB	putative transaldolase-like protein	2.006	2.258
SpM1_ChORF2049_s_at	pflD	putative pyruvate formate-lyase 2	2.959	1.855
SpM1_ChORF2059_s_at	pbp2A	penicillin-binding protein 2a	3.031	2.688
SpM1_ChORF2063_s_at			3.377	3.08
SpM1_ChORF2066_s_at			3.091	3.109
SpM1_ChORF2073_s_at			2.88	2.804
SpM1_ChORF2080_s_at	nox1	putative NADH oxidase/alkyl hydroperoxidase reductase	1.847	1.645
SpM1_ChORF2081_s_at	hutI	putative imidazolonepropionase (imidazolone-5-propionate hydrolase)	2.665	2.074
SpM1_ChORF2083_s_at			2.681	1.647
SpM1_ChORF2087_s_at			4.224	2.897
SpM1_ChORF2088_s_at			2.128	2.099
SpM1_ChORF2090_s_at	hutG	putative formiminoglutamate hydrolase	2.083	1.79
SpM1_ChORF2092_s_at	rpsB	30S ribosomal protein S2	2.961	2.207
SpM1_ChORF2106_s_at			2.719	1.978
SpM1_ChORF2107_s_at			2.257	1.672
SpM1_ChORF2113_s_at			3.617	3.447
SpM1_ChORF2118_s_at	tag	putative 3-methyl-adenine DNA glycosylase I, constitutive	3.776	2.134
SpM1_ChORF2120_s_at	lmrP	putative integral membrane protein	3.834	2.573
SpM1_ChORF2122_at	int4	putative integrase - phage associated	2.628	1.73
SpM1_ChORF2126_at			3.14	2.186
SpM1_ChORF2127_at			2.588	1.738
SpM1_ChORF2129_at			2.75	1.716
SpM1_ChORF2130_s_at			2.568	1.808
SpM1_ChORF2132_at			2.672	1.92
SpM1_ChORF2136_at			2.197	2.021
SpM1_ChORF2147_at			2.528	1.985
SpM1_ChORF2148_s_at	mutS	putative DNA mismatch repair protein	2.056	1.795
SpM1_ChORF2149_s_at			3.267	2.323
SpM1_ChORF2151_s_at			2.16	1.93
SpM1_ChORF2153_s_at			2.739	1.833
SpM1_ChORF2156_s_at			2.278	2.147
SpM1_ChORF2157_s_at	hisS	putative histidine-tRNA ligase	2.282	2.437
SpM1_ChORF2159_s_at	rpmF	50S ribosomal protein L32	2.738	2.685
SpM1_ChORF2163_s_at			4.938	4.061
SpM1_ChORF2164_s_at			3.435	2.433
SpM1_ChORF2165_s_at			3.142	2.487
SpM1_ChORF2169_s_at			2.495	1.98
SpM1_ChORF2170_at			2.428	2.519
SpM1_ChORF2172_s_at			3.648	1.697
SpM1_ChORF2173_s_at			3.429	2.511
SpM1_ChORF2181_s_at			3.741	2.738
SpM1_ChORF2182_s_at	holB	DNA polymerase III delta prime subunit	3.596	1.851
SpM1_ChORF2184_s_at			2.608	2.725
SpM1_ChORF2185_at	gidA	glucose inhibited division protein	2.311	1.768
SpM1_ChORF2186_s_at			1.992	2.211
SpM1_ChORF2188_s_at			2.011	2.179
SpM1_ChORF2189_s_at	sdhB	putative L-serine dehydratase beta subunit	3.278	2.822
SpM1_ChORF2190_s_at	sdhA	putative L-serine dehydratase alpha subunit	3.083	2.691
SpM1_ChORF2191_s_at			4.536	2.935
SpM1_ChORF2193_s_at			3.306	2.583
SpM1_ChORF2196_s_at	pgsA	phosphatidylglycerophosphate synthase	2.538	2.354
SpM1_ChORF2200_s_at	hasA	hyaluronate synthase	3.067	1.938
SpM1_ChORF2207_s_at	trsA	putative tryptophanyl-tRNA synthetase	3.1	2.145
SpM1_ChORF2209_s_at			4.623	4.206
SpM1_ChORF2215_s_at			4.43	2.642
SpM1_ChORF2217_s_at	spoJ	putative chromosome segregation protein	2.727	2.587
SpM3_ChORF0098_at			3.289	1.999
SpM3_ChORF0100_at			3.22	2.517
SpM3_ChORF0341_s_at			2.768	1.946
SpM3_ChORF0388_s_at			3.646	2.246
SpM3_ChORF0391_at			1.832	1.653
SpM3_ChORF0493_s_at			3.065	3.196
SpM3_ChORF0503_s_at			2.635	2.319
SpM3_ChORF0584_s_at			2.136	1.847
SpM3_ChORF0589_s_at			2.581	2.468
SpM3_ChORF0693_x_at			2.556	2.461
SpM3_ChORF0694_x_at			3.549	2.65
SpM3_ChORF0695_at			1.985	2.134
SpM3_ChORF0696_at			3.521	3.699
SpM3_ChORF0700_s_at			2.155	1.722
SpM3_ChORF0721_at			2.869	1.69
SpM3_ChORF0729_s_at			2.068	1.634
SpM3_ChORF0732_at			2.639	1.832
SpM3_ChORF0735_at			2.964	1.749
SpM3_ChORF0757_s_at			2.113	1.919
SpM3_ChORF0788_s_at			3.416	3.669
SpM3_ChORF0820_at			3.497	2.524
SpM3_ChORF0884_s_at			3.507	2.342
SpM3_ChORF0902_at			4.404	3.624
SpM3_ChORF0920_at			4.355	1.695
SpM3_ChORF0928_x_at			3.363	2.323
SpM3_ChORF0930_at			3.653	3.392
SpM3_ChORF0931_at			3.385	1.691
SpM3_ChORF0938_at			2.394	1.676
SpM3_ChORF0939_at			2.142	2.142
SpM3_ChORF0940_x_at			2.916	2.041
SpM3_ChORF0942_at			3.174	2.147
SpM3_ChORF0944_x_at			1.976	1.867
SpM3_ChORF0945_s_at			2.271	2.017
SpM3_ChORF0947_s_at			2.284	2.126
SpM3_ChORF0959_at			2.154	2.319
SpM3_ChORF0961_at			3.647	3.326
SpM3_ChORF0962_at			3.988	2.956
SpM3_ChORF0963_at			3.585	2.85
SpM3_ChORF0964_at			2.919	2.027
SpM3_ChORF0967_at			2.025	2.199
SpM3_ChORF0973_at			4.096	2.639
SpM3_ChORF0977_at			2.979	2.126
SpM3_ChORF0986_x_at			2.928	1.692
SpM3_ChORF0989_s_at			2.643	1.713
SpM3_ChORF1070_s_at			1.955	1.988
SpM3_ChORF1072_s_at			2.982	2.067
SpM3_ChORF1094_at			1.908	1.693
SpM3_ChORF1097_at			3.813	2.019
SpM3_ChORF1099_at			2.91	2.216
SpM3_ChORF1101_at			3.731	2.987
SpM3_ChORF1107_at			2.368	2.318
SpM3_ChORF1118_s_at			3.577	1.827
SpM3_ChORF1124_s_at			3.028	1.724
SpM3_ChORF1125_s_at			2.335	1.987
SpM3_ChORF1126_at			2.219	1.926
SpM3_ChORF1127_at			1.934	1.913
SpM3_ChORF1128_at			3.759	2.826
SpM3_ChORF1130_at			3.625	2.164
SpM49_ChORF1119-2_at			2.317	2.459
SpM49_ChORF1257-5_at			1.653	1.717
SpM49_ChORF1330-2_at			4.095	3.148
SpM49_ChORF26-1_at			2.74	1.708
SpM49_ChORF3750-5_at			3.151	2.68
SpM49_ChORF391-2_at			1.763	1.796
SpM49_ChORF4467-7_at			3.78	3.079
SpM49_ChORF6-1_at			2.395	2.233
SpM49_ChORF6658-6_s_at			2.062	2.138
SpM49_ChORF7585-10_s_at			3.951	2.16
SpM49_ChORF7585-11_s_at			2.453	1.713
SpM49_ChORF7585-13_at			4.064	3.26
SpM49_ChORF7585-17_at			3.568	1.989
SpM49_ChORF7585-21_at			3.385	2.494
SpM49_ChORF7585-22_at			2.659	2.04
SpM49_ChORF7585-23_at			2.223	1.697
SpM49_ChORF7585-24_at			3.436	2.619
SpM49_ChORF7585-26_at			3.975	2.543
SpM49_ChORF7585-29_at			2.562	1.888
SpM49_ChORF7585-30_at			2.416	2.405
SpM49_ChORF7585-32_at			2.638	1.71
SpM49_ChORF7585-33_at			2.236	2.27
SpM49_ChORF7585-34_s_at			2.404	2.458
SpM49_ChORF7585-35_at			2.156	1.842
SpM49_ChORF7585-38_at			3.266	1.69
SpM49_ChORF7585-40_at			1.762	1.666
SpM49_ChORF7585-45_s_at			2.995	2.883
SpM49_ChORF7585-4_at			3.341	3.293
SpM49_ChORF7585-7_at			3.022	2.297
SpM49_ChORF8094-13_s_at			3.636	2.818
SpM49_ChORF8094-22_at			1.967	2.015
SpM49_ChORF8094-5_at			2.928	2.114
SpM49_ChORF88-1_at			2.185	1.819
SpM49_ChORF903-2_s_at			1.671	1.658
SpM49_ChORF903-3_s_at			2.009	1.82
SpM5_ChORF-b16C31-7_s_at			3.131	2.042
SpM5_ChORF125g-172_at			1.884	1.892
SpM5_ChORF125g-178_at			2.451	2.273
SpM5_ChORF125g-189_s_at			2.626	2.226
SpM5_ChORF125g-235_at			3.174	2.281
SpM5_ChORF125g-236_at			3.49	3.006
SpM5_ChORF125g-237_at			4.231	4.103
SpM5_ChORF125g-238_at			3.693	2.136
SpM5_ChORF125g-241_at			2.221	1.705
SpM5_ChORF125g-40_at			3.456	1.911
SpM5_ChORF125g-41_at			3.087	2.821
SpM5_ChORF125g-65_x_at			2.824	2.443
SpM5_ChORF125g-6_x_at			3.163	3.188
SpM5_ChORF125g-81_at			2.186	2.128
SpM5_ChORF169a-131_at			3.522	3.185
SpM5_ChORF169a-48_at			2.799	2.331
SpM5_ChORF270b-124_at			2.149	1.975
SpM5_ChORF270b-132_at			2.48	2.571
SpM5_ChORF270b-135_s_at			2.847	1.703
SpM5_ChORF270b-141_at			2.271	1.795
SpM5_ChORF270b-143_s_at			2.458	2.157
SpM5_ChORF270b-144_s_at			2.099	1.959
SpM5_ChORF270b-146_at			2.469	1.983
SpM5_ChORF270b-149_at			2.068	2.08
SpM5_ChORF270b-152_s_at			2.721	2.257
SpM5_ChORF270b-210_s_at			2.565	1.741
SpM5_ChORF270b-31_at			2.919	2.379
SpM5_ChORF270b-337_x_at			2.56	1.689
SpM5_ChORF270b-343_at			2.769	2.173
SpM5_ChORF270b-369_at			2.427	2.043
SpM5_ChORF270b-404_s_at			2.521	1.905
SpM5_ChORF270b-419_at			2.961	2.908
SpM5_ChORF270b-528_at			2.558	2.327
SpM5_ChORF270b-538_s_at			2.239	1.979
SpM5_ChORF270b-541_x_at			1.99	2.092
SpM5_ChORF270b-554_at			2.171	1.887
SpM5_ChORF270b-557_at			2.974	2.114
SpM5_ChORF270b-5_at			3.188	1.875
SpM5_ChORF270b-69_at			2.8	2.022
SpM5_ChORF270b-6_at			1.755	1.724
SpM5_ChORF275f-139_s_at			3.093	1.709
SpM5_ChORF275f-16_x_at			3.428	2.684
SpM5_ChORF275f-245_at			2.276	2.207
SpM5_ChORF275f-5_s_at			2.709	1.874
SpM5_ChORF275f-74_at			2.044	1.687
SpM5_ChORF289e-1_at			3.893	2.056
SpM5_ChORF289e-2_s_at			2.391	1.663
SpM5_ChORF466b-1_s_at			1.963	2.028
SpM5_ChORF4P31a-181_x_at			2.466	2.088
SpM5_ChORF4P31a-199_at			1.951	1.911
SpM5_ChORF4P31a-19_s_at			3.364	2.158
SpM5_ChORF4P31a-200_at			2.299	2.093
SpM5_ChORF4P31a-205_at			3.359	1.969
SpM5_ChORF4P31a-2_at			4.873	3.418
SpM5_ChORF4P31a-86_s_at			4.473	3.033
SpM5_ChORFJ7578C-152_s_at			3.004	2.909
SpM5_ChORFJ7578C-298_at			2.976	1.636
SpM5_ChORFJ7578C-72_at			2.713	2.824
SpM5_ChORFJ7578C-81_s_at			2.431	2.52
SpyM3_1203_x_at			2.095	2.127
SpyM3_1204_at			2.626	2.348
SpyM3_1238_at			2.59	2.113
SpyM3_1239_at			3.765	2.843
SpyM3_1246_at			2.945	2.17
SpyM3_1260_at			2.606	2.055
SpyM3_1262_at			1.956	1.913
SpyM3_1266_at			2.374	2.184
SpyM3_1308_x_at			3.386	1.768
SpyM3_1353_at			3.097	2.159
SpyM3_1409_at			2.168	2.379
SpyM3_1410_at			3.904	2.148
SpyM3_1439_at			2.502	2.317
SpyM3_1441_at			3.253	2.973
SpyM3_1448_x_at			3.132	2.523
SpyM3_1458_at			2.328	1.82
SpyM3_1650_at			3.113	2.794
SpyM3_1764_at			2.112	2.116
YpeKIM_pCD1_Y0002_at	nuc	endonuclease	3.448	1.986
YpeKIM_pCD1_Y0030_at	yscB	hypothetical protein	3.686	2.01
YpeKIM_pCD1_Y0031_s_at	yscA	hypothetical protein	2.175	2.139
YpeKIM_pCD1_Y0055_at	Y0055	putative transposase	2.425	1.704
YpeKIM_pCD1_Y0061_at	D744_p5055	hypothetical protein	3.466	2.284
YpeKIM_pCD1_Y0067_at	ylpA	pseudo	3.254	2.486
YpeKIM_pCD1_Y0090_at	yadA'	pseudo	4.745	4.143
YpeKIM_pMT-1_ORF112_at			3.639	2.062
YpeKIM_pMT-1_ORF16_at			3.89	2.787
YpeKIM_pMT-1_ORF2_at			1.948	1.716
YpeKIM_pMT-1_ORF33A_s_at			2.339	2.389
YpeKIM_pMT-1_ORF4_at			2.004	1.986
YpeKIM_pMT-1_ORF53_at			2.593	1.756
YpeKIM_pMT-1_ORF95_at			2.066	1.846
YpeKIM_pMT-1_ORF96_s_at			2.377	2.244
YpeKIM_pMT-1_ORF97_s_at			2.32	1.957
YpesChrORF_YPO0001_s_at	YPO0001	flavodoxin	2.205	1.779
YpesChrORF_YPO0006_s_at	trkD	potassium transport protein Kup	3.061	1.69
YpesChrORF_YPO0007_s_at	YPO0007	D-ribose pyranase	2.986	2.988
YpesChrORF_YPO0008_s_at	rbsK	ribokinase	3.385	1.692
YpesChrORF_YPO0009_s_at	YPO0009	membrane transport protein	4.088	2.075
YpesChrORF_YPO0010_s_at	YPO0010	GntR family transcriptional regulator	2.83	2.928
YpesChrORF_YPO0012_s_at	mobB	molybdopterin-guanine dinucleotide biosynthesis protein B	2.721	2.089
YpesChrORF_YPO0013_s_at	mobA	molybdopterin-guanine dinucleotide biosynthesis protein MobA	2.105	2.305
YpesChrORF_YPO0014_s_at	YPO0014	serine/threonine protein kinase	2.94	2.633
YpesChrORF_YPO0015_s_at	dsbA	periplasmic protein disulfide isomerase I	1.874	1.871
YpesChrORF_YPO0018_s_at	tnp	transposase for the IS1541 insertion element	2.152	2.136
YpesChrORF_YPO0021_s_at	hemN	coproporphyrinogen III oxidase	3.011	2.014
YpesChrORF_YPO0024_s_at	glnA	glutamine synthetase	3.377	2.578
YpesChrORF_YPO0025_at			2.622	1.697
YpesChrORF_YPO0026_s_at	bipA	GTPase	2.929	2.443
YpesChrORF_YPO0029_s_at	YPO0029	D-tyrosyl-tRNA(Tyr) deacylase	2.368	2.481
YpesChrORF_YPO0033_s_at	YPO0033	hypothetical protein	3.239	1.819
YpesChrORF_YPO0035_s_at	gltC	sodium/glutamate symport carrier protein	2.41	2.503
YpesChrORF_YPO0036_s_at	recG	ATP-dependent DNA helicase RecG	2.482	2.456
YpesChrORF_YPO0038_s_at	spoT	bifunctional (p)ppGpp synthetase II/ guanosine-3',5'-bis pyrophosphate 3'-pyrophosphohydrolase	2.318	1.776
YpesChrORF_YPO0039_s_at	rpoZ	DNA-directed RNA polymerase subunit omega	1.977	2.124
YpesChrORF_YPO0040_s_at	gmk	guanylate kinase	2.661	1.669
YpesChrORF_YPO0041_s_at	ligB	NAD-dependent DNA ligase LigB	2.901	2.794
YpesChrORF_YPO0042_s_at	YPO0042	hypothetical protein	2.877	1.977
YpesChrORF_YPO0044_s_at	rph	ribonuclease PH	1.98	1.887
YpesChrORF_YPO0047_s_at	dut	deoxyuridine 5'-triphosphate nucleotidohydrolase	3.541	2.06
YpesChrORF_YPO0048_s_at	dfp	bifunctional phosphopantothenoylcysteine decarboxylase/phosphopantothenate synthase	2.068	1.915
YpesChrORF_YPO0049_s_at	radC	DNA repair protein RadC	2.982	2.829
YpesChrORF_YPO0051_s_at	rpmG	50S ribosomal protein L33	3.19	2.728
YpesChrORF_YPO0055_s_at	kdtA	3-deoxy-D-manno-octulosonic acid transferase	2.478	1.837
YpesChrORF_YPO0056_s_at	rfaC	ADP-heptose--LPS heptosyltransferase	4.493	3.062
YpesChrORF_YPO0058_s_at	rfaD	ADP-L-glycero-D-manno-heptose-6-epimerase	2.023	1.826
YpesChrORF_YPO0059_s_at	kbl	2-amino-3-ketobutyrate CoA ligase	4.474	3.514
YpesChrORF_YPO0063_s_at	YPO0063	hypothetical protein	2.142	2.299
YpesChrORF_YPO0064_s_at	YPO0064	2,3-bisphosphoglycerate-independent phosphoglycerate mutase	1.937	1.961
YpesChrORF_YPO0065_s_at	YPO0065	hypothetical protein	3.884	2.707
YpesChrORF_YPO0071_s_at	YPO0071	methyltransferase	4.914	4.588
YpesChrORF_YPO0075_s_at	cpxP	periplasmic stress adaptor protein CpxP	4.382	3.702
YpesChrORF_YPO0076_s_at	YPO0076	hypothetical protein	2.437	2.054
YpesChrORF_YPO0077_s_at	fieF	ferrous iron efflux protein F	2.41	1.928
YpesChrORF_YPO0078_s_at	pfkA	6-phosphofructokinase	2.726	1.726
YpesChrORF_YPO0079_s_at	sbp1	sulfate transporter subunit	2.505	2.526
YpesChrORF_YPO0085_s_at	tpiA	triosephosphate isomerase	1.957	2.19
YpesChrORF_YPO0091_s_at	glpF	glycerol uptake facilitator protein	2.646	1.784
YpesChrORF_YPO0092_at			3.746	2.385
YpesChrORF_YPO0100_s_at	YPO0100	hypothetical protein	3.231	2.439
YpesChrORF_YPO0101_s_at	YPO0101	hypothetical protein	3.451	2.196
YpesChrORF_YPO0102_at	YPO0102	hypothetical protein	2.53	2.324
YpesChrORF_YPO0103_s_at	menG	ribonuclease activity regulator protein RraA	3.76	2.312
YpesChrORF_YPO0105_s_at	hslU	ATP-dependent protease ATP-binding subunit HslU	3.313	2.227
YpesChrORF_YPO0106_s_at	hslV	ATP-dependent protease peptidase subunit	3.223	1.707
YpesChrORF_YPO0110_s_at	priA	primosome assembly protein PriA	2.333	2.117
YpesChrORF_YPO0114_s_at	metJ	transcriptional repressor protein MetJ	3.094	2.328
YpesChrORF_YPO0117_s_at	metF	5,10-methylenetetrahydrofolate reductase	2.325	1.865
YpesChrORF_YPO0119_s_at	YPO0119	insertion element DNA-binding protein	2.174	1.917
YpesChrORF_YPO0120_s_at	glpR	DNA-binding transcriptional repressor GlpR	2.324	1.671
YpesChrORF_YPO0121_s_at	glpG	intramembrane serine protease GlpG	3.095	2.981
YpesChrORF_YPO0123_s_at	malT	transcriptional regulator MalT	2.067	2.223
YpesChrORF_YPO0126_s_at	malQ	4-alpha-glucanotransferase	4.113	3.24
YpesChrORF_YPO0130_s_at	YPO0130	hypothetical protein	2.964	1.882
YpesChrORF_YPO0133_s_at	feoA	ferrous iron transport protein A	3.065	1.851
YpesChrORF_YPO0134_s_at	YPO0134	hypothetical protein	2.591	1.888
YpesChrORF_YPO0136_s_at	ompR	osmolarity response regulator	2.026	1.94
YpesChrORF_YPO0137_s_at	envZ	osmolarity sensor protein	3.631	2.757
YpesChrORF_YPO0138_s_at	pckA	phosphoenolpyruvate carboxykinase	3.026	2.02
YpesChrORF_YPO0140_s_at	hslR	heat shock protein 15	2.841	3.072
YpesChrORF_YPO0142_s_at	YPO0142	hypothetical protein	2.353	1.9
YpesChrORF_YPO0143_at			1.932	1.738
YpesChrORF_YPO0144_s_at	nudE	ADP compounds hydrolase NudE	2.65	2.189
YpesChrORF_YPO0145_s_at	mrcA	peptidoglycan synthetase	1.751	1.638
YpesChrORF_YPO0146_s_at	YPO0146	hypothetical protein	2.416	1.843
YpesChrORF_YPO0149_s_at	YPO0149	hypothetical protein	2.952	2.655
YpesChrORF_YPO0151_s_at	aroK	shikimate kinase I	3.451	3.1
YpesChrORF_YPO0152_s_at	aroB	3-dehydroquinate synthase	3.284	1.646
YpesChrORF_YPO0153_s_at	YPO0153	hypothetical protein	3.45	2.233
YpesChrORF_YPO0155_s_at	rpe	ribulose-phosphate 3-epimerase	3.245	2.34
YpesChrORF_YPO0156_s_at	gph	phosphoglycolate phosphatase	2.928	2.271
YpesChrORF_YPO0158_s_at	cysG	siroheme synthase	3.186	2.873
YpesChrORF_YPO0160_s_at	nirD	nitrite reductase small subunit	3.584	2.741
YpesChrORF_YPO0161_s_at	nirB	nitrite reductase	1.861	1.694
YpesChrORF_YPO0162_s_at	codA	cytosine deaminase	2.383	2.626
YpesChrORF_YPO0163_s_at	YPO0163	hypothetical protein	3.032	2.526
YpesChrORF_YPO0165_s_at	YPO0165	LacI family transcriptional regulator	2.436	2.489
YpesChrORF_YPO0168_s_at	YPO0168	hypothetical protein	2.562	1.687
YpesChrORF_YPO0169_s_at	pabA	para-aminobenzoate synthase component II	3.259	2.187
YpesChrORF_YPO0174_s_at	YPO0174	hypothetical protein	2.439	1.823
YpesChrORF_YPO0175_s_at	crp	cAMP-regulatory protein	4.131	3.938
YpesChrORF_YPO0177_s_at	YPO0177	hypothetical protein	3.974	2.912
YpesChrORF_YPO0180_s_at	YPO0180	hydrolase	3.838	2.958
YpesChrORF_YPO0181_s_at	YPO0181	ABC transporter	3.3	2.286
YpesChrORF_YPO0183_s_at	tauB	taurine transporter ATP-binding protein	4.281	3.664
YpesChrORF_YPO0185_s_at	tauD	taurine dioxygenase	2.566	2.3
YpesChrORF_YPO0187_s_at	YPO0187	glycosyl transferase	2.853	2.625
YpesChrORF_YPO0193_s_at	slyD	FKBP-type peptidylprolyl isomerase	1.911	1.706
YpesChrORF_YPO0194_s_at	YPO0194	hypothetical protein	3.504	3.065
YpesChrORF_YPO0197_s_at	YPO0197	sulfur transfer complex subunit TusD	3.041	1.72
YpesChrORF_YPO0198_s_at	YPO0198	sulfur relay protein TusC	2.854	1.878
YpesChrORF_YPO0201_s_at	rpsG	30S ribosomal protein S7	2.225	2.252
YpesChrORF_YPO0202_s_at	fusA	elongation factor G	2.058	1.825
YpesChrORF_YPO0205_at	bfd	bacterioferritin-associated ferredoxin	4.071	3.592
YpesChrORF_YPO0209_s_at	rpsJ	30S ribosomal protein S10	2.673	2.913
YpesChrORF_YPO0211_s_at	rplD	50S ribosomal protein L4	2.157	2.289
YpesChrORF_YPO0213_s_at	rplB	50S ribosomal protein L2	1.811	1.816
YpesChrORF_YPO0215_s_at	rplV	50S ribosomal protein L22	3.21	2.599
YpesChrORF_YPO0217_s_at	rplP	50S ribosomal protein L16	1.845	1.805
YpesChrORF_YPO0218_s_at	rpmC	50S ribosomal protein L29	2.879	2.61
YpesChrORF_YPO0219_at	rpsQ	30S ribosomal protein S17	2.484	1.883
YpesChrORF_YPO0221_s_at	rplX	50S ribosomal protein L24	2.768	2.287
YpesChrORF_YPO0222_s_at	rplE	50S ribosomal protein L5	1.94	1.872
YpesChrORF_YPO0222a_s_at	rpsN	30S ribosomal protein S14	2.393	1.758
YpesChrORF_YPO0223_s_at	rpsH	30S ribosomal protein S8	2.381	2.53
YpesChrORF_YPO0226_s_at	rpsE	30S ribosomal protein S5	2.774	2.106
YpesChrORF_YPO0228_s_at	rplO	50S ribosomal protein L15	2.741	2.823
YpesChrORF_YPO0230_at	rpmJ	50S ribosomal protein L36	3.083	2.627
YpesChrORF_YPO0232_s_at	rpsK	30S ribosomal protein S11	2.686	2.49
YpesChrORF_YPO0236_s_at	zntR	zinc-responsive transcriptional regulator	2.368	2.096
YpesChrORF_YPO0237_s_at	YPO0237	hypothetical protein	3.406	2.364
YpesChrORF_YPO0239_s_at	trkA	potassium transporter peripheral membrane component	2.102	1.886
YpesChrORF_YPO0241_s_at	fmt	methionyl-tRNA formyltransferase	3.156	2.773
YpesChrORF_YPO0242_s_at	def	peptide deformylase	2.571	2.169
YpesChrORF_YPO0243_s_at	YPO0243	DNA protecting protein DprA	2.235	2.339
YpesChrORF_YPO0244_s_at	YPO0244	hypothetical protein	3.705	2.723
YpesChrORF_YPO0245a_s_at	YPO0245a	ribosome maturation factor	1.771	1.913
YpesChrORF_YPO0251_s_at	actP	acetate permease	2.282	1.727
YpesChrORF_YPO0253_s_at	acs	acetyl-CoA synthetase	2.003	1.814
YpesChrORF_YPO0256_s_at	YPO0256	two-component sensor/regulator	2.402	2.183
YpesChrORF_YPO0257_s_at	YPO0257	type III secretion protein	2.049	2.032
YpesChrORF_YPO0258_s_at	YPO0258	type-III secretion protein	2.399	1.961
YpesChrORF_YPO0260_s_at			3.008	2.121
YpesChrORF_YPO0260a_s_at	YPO0260a	type III secretion apparatus	2.999	2.485
YpesChrORF_YPO0261_s_at	YPO0261	type III secretion apparatus	1.833	1.979
YpesChrORF_YPO0263_at	YPO0263	type III secretion system apparatus lipoprotein	3.846	2.883
YpesChrORF_YPO0265_at	YPO0265	type III secretion system apparatus protein	3.154	2.43
YpesChrORF_YPO0267_s_at	YPO0267	type III secretion system ATPase	2.816	2.434
YpesChrORF_YPO0269_s_at	YPO0269	type III secretion system protein	1.676	1.696
YpesChrORF_YPO0270_s_at	YPO0270	type III secretion system protein	2.006	1.686
YpesChrORF_YPO0271_s_at	YPO0271	type III secretion apparatus protein	4.099	2.717
YpesChrORF_YPO0272_s_at	YPO0272	type III secretion apparatus protein	1.894	1.945
YpesChrORF_YPO0275_s_at	YPO0275	hypothetical protein	2.136	1.918
YpesChrORF_YPO0280_s_at	hmuU	hemin transport system permease HmuU	2.409	2.051
YpesChrORF_YPO0283_s_at	hmuR	hemin receptor	2.815	2.673
YpesChrORF_YPO0284_s_at	YPO0284	hypothetical protein	2.038	1.671
YpesChrORF_YPO0287_s_at	YPO0287	5,10-methylenetetrahydrofolate reductase	2.08	2.179
YpesChrORF_YPO0291_s_at	YPO0291	hypothetical protein	2.97	2.817
YpesChrORF_YPO0299_s_at	terE	tellurium resistance protein	2.42	2.311
YpesChrORF_YPO0301_s_at	YPO0301	hypothetical protein	2.538	1.734
YpesChrORF_YPO0302_s_at	YPO0302	outer membrane fimbrial usher protein	2.954	2.139
YpesChrORF_YPO0303_s_at	YPO0303	periplasmic chaperone protein	2.433	1.822
YpesChrORF_YPO0304_s_at	YPO0304	hypothetical protein	2.428	2.605
YpesChrORF_YPO0306_s_at	YPO0306	hypothetical protein	2.096	1.729
YpesChrORF_YPO0308_s_at	YPO0308	oxidoreductase	2.832	1.859
YpesChrORF_YPO0310_s_at	ubiC	chorismate pyruvate lyase	2.817	2.187
YpesChrORF_YPO0311_s_at	ubiA	4-hydroxybenzoate octaprenyltransferase	2.117	1.64
YpesChrORF_YPO0313_s_at	YPO0313	diacylglycerol kinase	2.17	2.326
YpesChrORF_YPO0315_s_at	YPO0315	zinc uptake transcriptional repressor	2.6	1.665
YpesChrORF_YPO0318_s_at	pspG	phage shock protein G	1.736	1.795
YpesChrORF_YPO0319_s_at	qor	quinone oxidoreductase, NADPH-dependent	2.918	2.331
YpesChrORF_YPO0325_s_at	ssb	single-stranded DNA-binding protein	2.466	2.721
YpesChrORF_YPO0326_s_at	YPO0326	hypothetical protein	3.487	2.911
YpesChrORF_YPO0328_s_at	rhaD	rhamnulose-1-phosphate aldolase	2.733	1.824
YpesChrORF_YPO0329_s_at	rhaA	L-rhamnose isomerase	4.868	3.113
YpesChrORF_YPO0330_s_at	rhaB	rhamnulokinase	2.606	2.604
YpesChrORF_YPO0331_s_at	YPO0331	hypothetical protein	3.152	2.255
YpesChrORF_YPO0335_s_at			1.65	1.737
YpesChrORF_YPO0337_s_at	YPO0337	hypothetical protein	2.751	1.806
YpesChrORF_YPO0338_at	YPO0338	hypothetical protein	3.388	1.631
YpesChrORF_YPO0343_s_at	hydN	4Fe-4S ferredoxin	5.539	5.018
YpesChrORF_YPO0348_s_at	aspA	aspartate ammonia-lyase	2.951	3.121
YpesChrORF_YPO0349_s_at	fxsA	FxsA protein	3.183	2.228
YpesChrORF_YPO0351_s_at	groEL	molecular chaperone GroEL	2.654	1.82
YpesChrORF_YPO0352_s_at	YPO0352	lipoprotein	2.098	1.803
YpesChrORF_YPO0353_s_at	YPO0353	hypothetical protein	1.85	1.861
YpesChrORF_YPO0354_s_at	efp	elongation factor P	2.752	2.552
YpesChrORF_YPO0355_s_at	sugE	quaternary ammonium compound-resistance protein SugE	2.293	1.71
YpesChrORF_YPO0363_s_at	YPO0363	hypothetical protein	2.745	2.36
YpesChrORF_YPO0365_s_at	YPO0365	ribosome-associated GTPase	2.942	3.168
YpesChrORF_YPO0367_s_at	YPO0367	(Fe-S)-binding protein	2.976	1.698
YpesChrORF_YPO0368_s_at	YPO0368	hypothetical protein	2.509	2.458
YpesChrORF_YPO0369_s_at	YPO0369	ATPase	1.905	2.004
YpesChrORF_YPO0370_s_at	YPO0370	N-acetylmuramoyl-L-alanine amidase	2.909	2.622
YpesChrORF_YPO0371_s_at	mutL	DNA mismatch repair protein	2.937	2.625
YpesChrORF_YPO0372_s_at	miaA	tRNA delta(2)-isopentenylpyrophosphate transferase	2.336	1.994
YpesChrORF_YPO0378_s_at	purA	adenylosuccinate synthetase	2.356	2.09
YpesChrORF_YPO0381_s_at	YPO0381	23S rRNA (guanosine(2251)-2'-O)-methyltransferase RlmB	3.58	2.493
YpesChrORF_YPO0383_s_at	aidB	isovaleryl CoA dehydrogenase	2.863	2.789
YpesChrORF_YPO0384_s_at	YPO0384	biofilm stress and motility protein A	3.248	2.704
YpesChrORF_YPO0388_s_at	YPO0388	hypothetical protein	3.279	1.996
YpesChrORF_YPO0389_at			2.796	1.812
YpesChrORF_YPO0390_s_at			2.899	2.751
YpesChrORF_YPO0391_s_at	YPO0391	modification methylase	2.493	1.873
YpesChrORF_YPO0392_s_at	YPO0392	hypothetical protein	1.78	1.812
YpesChrORF_YPO0393_s_at	YPO0393	hypothetical protein	2.4	2.207
YpesChrORF_YPO0394_s_at	YPO0394	hypothetical protein	2.155	1.92
YpesChrORF_YPO0395_x_at			2.621	1.999
YpesChrORF_YPO0397_s_at	YPO0397	hypothetical protein	2.375	1.893
YpesChrORF_YPO0398_s_at	YPO0398	M48 peptidase family protein	2.567	1.637
YpesChrORF_YPO0399_s_at	YPO0399	hypothetical protein	3.529	2.995
YpesChrORF_YPO0400_s_at	YPO0400	hypothetical protein	2.111	1.634
YpesChrORF_YPO0402_s_at	YPO0402	PTS system fructose-family transporter subunit IIB	2.981	2.178
YpesChrORF_YPO0403_s_at	YPO0403	PTS system fructose family transporter subunit IIB	2.161	2.358
YpesChrORF_YPO0404_s_at	YPO0404	PTS system fructose-family transporter subunit IIC	2.317	2.425
YpesChrORF_YPO0406_s_at	YPO0406	hypothetical protein	2.173	2.074
YpesChrORF_YPO0409_s_at	YPO0409	substrate-binding protein	2.457	1.734
YpesChrORF_YPO0411_s_at	YPO0411	ABC transporter permease	2.185	2.243
YpesChrORF_YPO0412_s_at	YPO0412	ABC transporter ATP-binding protein	2.876	3.137
YpesChrORF_YPO0417_s_at	YPO0417	O-antigen biosynthesis protein	2.537	1.745
YpesChrORF_YPO0418_at			2.543	2.583
YpesChrORF_YPO0419_s_at	YPO0419	hypothetical protein	2.765	2.291
YpesChrORF_YPO0420_at	YPO0420	lipoprotein	2.042	1.823
YpesChrORF_YPO0424_s_at	YPO0424	pectinesterase	3.235	2.891
YpesChrORF_YPO0425_s_at	hmsT	HmsT protein	2.574	2.095
YpesChrORF_YPO0426_s_at	YPO0426	hypothetical protein	1.954	1.69
YpesChrORF_YPO0428_s_at	holD	DNA polymerase III subunit psi	2.644	2.562
YpesChrORF_YPO0429_s_at	rimI	ribosomal-protein-alanine N-acetyltransferase	3.375	2.81
YpesChrORF_YPO0430_s_at	prfC	peptide chain release factor 3	2.303	2.424
YpesChrORF_YPO0431_s_at	osmY	hypothetical protein	3.148	2.311
YpesChrORF_YPO0433_s_at	YPO0433	hypothetical protein	3.864	2.86
YpesChrORF_YPO0434_s_at	YPO0434	metalloenzyme	2.827	2.043
YpesChrORF_YPO0435_s_at	YPO0435	Na+ dependent nucleoside transporter family protein	2.169	1.896
YpesChrORF_YPO0439_s_at	deoB	phosphopentomutase	2.49	1.727
YpesChrORF_YPO0440_s_at	deoD	purine nucleoside phosphorylase	2.289	2.319
YpesChrORF_YPO0441_s_at	smp	hypothetical protein	2.584	2.667
YpesChrORF_YPO0442_s_at	serB	phosphoserine phosphatase	2.899	2.803
YpesChrORF_YPO0443_s_at	radA	DNA repair protein RadA	2.067	1.815
YpesChrORF_YPO0445_s_at	YPO0445	hypothetical protein	2.665	2.065
YpesChrORF_YPO0450_s_at	YPO0450	hypothetical protein	2.808	1.662
YpesChrORF_YPO0451_s_at	YPO0451	cation-transporting P-type ATPase	2.882	3.141
YpesChrORF_YPO0452_s_at	slt	lytic murein transglycosylase	2.457	2.464
YpesChrORF_YPO0453_s_at	trpR	Trp operon repressor	3.153	3.207
YpesChrORF_YPO0454_s_at	YPO0454	NTPase	2.956	3.035
YpesChrORF_YPO0456_s_at	rob	right origin-binding protein	3.853	2.833
YpesChrORF_YPO0457_s_at	creA	hypothetical protein	2.21	2.172
YpesChrORF_YPO0458_s_at	arcA	two-component response regulator	2.359	2.341
YpesChrORF_YPO0460_s_at	thrB	homoserine kinase	2.469	1.688
YpesChrORF_YPO0462_s_at	YPO0462	hypothetical protein	3.515	1.913
YpesChrORF_YPO0463_s_at	talB	transaldolase B	3.514	2.436
YpesChrORF_YPO0470_s_at	nhaA	pH-dependent sodium/proton antiporter	2.815	2.411
YpesChrORF_YPO0471_s_at	nhaR	transcriptional activator NhaR	3.193	2.035
YpesChrORF_YPO0473_at			2.35	1.965
YpesChrORF_YPO0474_s_at	ribF	bifunctional riboflavin kinase/FMN adenylyltransferase	3.302	2.366
YpesChrORF_YPO0475_s_at	ileS	isoleucyl-tRNA synthetase	2.179	2.36
YpesChrORF_YPO0476_s_at	lspA	lipoprotein signal peptidase	2.863	1.965
YpesChrORF_YPO0476a_s_at	YPO0476a	FKBP-type peptidylprolyl isomerase	3.835	3.86
YpesChrORF_YPO0481_s_at	carA	carbamoyl phosphate synthase small subunit	2.881	1.786
YpesChrORF_YPO0482_s_at	carB	carbamoyl phosphate synthase large subunit	2.722	2.602
YpesChrORF_YPO0485_s_at	YPO0485	hypothetical protein	3.77	2.003
YpesChrORF_YPO0491_s_at	apaG	ApaG protein	2.477	1.933
YpesChrORF_YPO0492_s_at	ksgA	dimethyladenosine transferase	2.865	2.647
YpesChrORF_YPO0494_s_at	surA	peptidyl-prolyl cis-trans isomerase SurA	2.555	2.774
YpesChrORF_YPO0496_s_at	djlA	Dna-J like membrane chaperone protein	2.37	2.075
YpesChrORF_YPO0498_s_at	YPO0498	hypothetical protein	2.561	2.486
YpesChrORF_YPO0500_s_at	YPO0500	hypothetical protein	2.721	1.69
YpesChrORF_YPO0501_s_at	YPO0501	hypothetical protein	2.662	2.023
YpesChrORF_YPO0502_s_at	YPO0502	hypothetical protein	2.625	2.648
YpesChrORF_YPO0504_s_at	YPO0504	hypothetical protein	2.253	2.319
YpesChrORF_YPO0505_s_at	YPO0505	hypothetical protein	4.221	2.891
YpesChrORF_YPO0507_s_at	YPO0507	hypothetical protein	3.186	2.789
YpesChrORF_YPO0508_s_at	YPO0508	pseudo	2.614	2.513
YpesChrORF_YPO0509_s_at			2.617	1.888
YpesChrORF_YPO0511a_s_at	YPO0511a	hypothetical protein	2.795	1.972
YpesChrORF_YPO0514_s_at	YPO0514	hypothetical protein	3.048	2.08
YpesChrORF_YPO0515_s_at	YPO0515	hypothetical protein	2.299	2.198
YpesChrORF_YPO0518_s_at	dinA	DNA polymerase II	3.897	2.484
YpesChrORF_YPO0519_s_at	YPO0519	DedA family membrane protein	2.105	1.648
YpesChrORF_YPO0521_s_at	thiP	thiamine transporter membrane protein	2.015	1.97
YpesChrORF_YPO0523_at	YPO0523	hypothetical protein	2.952	1.682
YpesChrORF_YPO0530_s_at	leuD	3-isopropylmalate dehydratase small subunit	2.232	1.748
YpesChrORF_YPO0531_s_at	leuC	isopropylmalate isomerase large subunit	1.973	1.989
YpesChrORF_YPO0532_s_at	leuB	3-isopropylmalate dehydrogenase	3.754	2.965
YpesChrORF_YPO0535_s_at	leuO	leucine transcriptional activator	2.775	1.881
YpesChrORF_YPO0536_at	YPO0536	hypothetical protein	2.5	2.325
YpesChrORF_YPO0537_s_at	YPO0537	AMP-binding protein	3.058	2.732
YpesChrORF_YPO0539_s_at	ilvI	acetolactate synthase 3 catalytic subunit	2.01	1.639
YpesChrORF_YPO0540_s_at	ilvH	acetolactate synthase small subunit	2.071	2.297
YpesChrORF_YPO0546_s_at	YPO0546	cell division protein MraZ	3.488	2.583
YpesChrORF_YPO0547_s_at	mraW	S-adenosyl-methyltransferase MraW	2.578	2.601
YpesChrORF_YPO0549_s_at	ftsI	penicillin-binding protein 3	3.451	3.206
YpesChrORF_YPO0553_s_at	murD	UDP-N-acetylmuramoyl-L-alanyl-D-glutamate synthetase	1.99	1.733
YpesChrORF_YPO0555_s_at	murG	undecaprenyldiphospho-muramoylpentapeptide beta-N- acetylglucosaminyltransferase	2.199	2.351
YpesChrORF_YPO0556_s_at	murC	UDP-N-acetylmuramate--L-alanine ligase	1.815	1.741
YpesChrORF_YPO0558_s_at	ftsQ	cell division protein FtsQ	2.318	2.344
YpesChrORF_YPO0560_s_at	ftsZ	cell division protein FtsZ	2.26	1.984
YpesChrORF_YPO0563_s_at	YPO0563	SecA regulator SecM	2.922	2.1
YpesChrORF_YPO0564_s_at	secA	preprotein translocase subunit SecA	3.49	2.775
YpesChrORF_YPO0569_s_at	YPO0569	hypothetical protein	2.598	1.974
YpesChrORF_YPO0569a_s_at	YPO0569a	hypothetical protein	2.867	2.842
YpesChrORF_YPO0570_s_at	yqjD	hypothetical protein	3.84	2.749
YpesChrORF_YPO0573_s_at	YPO0573	hypothetical protein	3.476	3.09
YpesChrORF_YPO0574_s_at	yqjA	DedA family membrane protein	3.327	1.862
YpesChrORF_YPO0577_s_at	exuT	ExuT transport protein	2.675	2.656
YpesChrORF_YPO0578_at			3.213	2.139
YpesChrORF_YPO0579_s_at	uxaC	glucuronate isomerase	2.704	1.793
YpesChrORF_YPO0581_s_at	uxaA	altronate hydrolase	3.652	1.666
YpesChrORF_YPO0582_s_at	YPO0582	hypothetical protein	3.118	3.081
YpesChrORF_YPO0584_s_at	YPO0584	serine/threonine transporter SstT	2.231	2.171
YpesChrORF_YPO0585_s_at	YPO0585	MocA family oxidoreductase	4.234	3.135
YpesChrORF_YPO0587_s_at	YPO0587	autotransporter protein	2.986	3.099
YpesChrORF_YPO0589_s_at	fadH	2,4-dienoyl-CoA reductase	2.435	2.534
YpesChrORF_YPO0592_s_at	YPO0592	kinase protein	2.194	2.401
YpesChrORF_YPO0593_s_at	YPO0593	hypothetical protein	3.14	2.855
YpesChrORF_YPO0594_s_at	YPO0594	hypothetical protein	2.383	1.949
YpesChrORF_YPO0595_s_at	YPO0595	hypothetical protein	2.264	2.249
YpesChrORF_YPO0596_s_at	terX	tellurium resistance protein	2.518	1.673
YpesChrORF_YPO0597_s_at	terY	tellurium resistance protein	3.296	2.602
YpesChrORF_YPO0598_s_at	YPO0598	hemolysin activator protein	2.178	1.906
YpesChrORF_YPO0601_s_at	YPO0601	hypothetical protein	3.509	2.305
YpesChrORF_YPO0602_s_at	YPO0602	hypothetical protein	4.421	2.68
YpesChrORF_YPO0606_s_at	yapF	autotransporter protein	3.148	2.373
YpesChrORF_YPO0607_s_at	YPO0607	hypothetical protein	2.623	2.018
YpesChrORF_YPO0608_s_at	YPO0608	hypothetical protein	3.28	2.578
YpesChrORF_YPO0609_s_at	YPO0609	transporter ATP-binding protein	3.945	3.05
YpesChrORF_YPO0610_s_at	YPO0610	hypothetical protein	2.221	2.298
YpesChrORF_YPO0611_s_at	YPO0611	LacI family regulatory protein	2.651	2.763
YpesChrORF_YPO0612_s_at	YPO0612	sugar binding protein	1.807	1.82
YpesChrORF_YPO0614_s_at	YPO0614	permease	2.527	1.677
YpesChrORF_YPO0616_s_at	YPO0616	glycosyl hydrolase	3.125	2.188
YpesChrORF_YPO0617_s_at	YPO0617	hypothetical protein	4.381	3.502
YpesChrORF_YPO0624_s_at	YPO0624	hypothetical protein	2.302	1.81
YpesChrORF_YPO0625_s_at	YPO0625	hypothetical protein	2.374	1.643
YpesChrORF_YPO0626_at	YPO0626	hypothetical protein	1.818	1.659
YpesChrORF_YPO0630_s_at	YPO0630	hypothetical protein	1.844	2.009
YpesChrORF_YPO0631_s_at	YPO0631	LysR family transcriptional regulator	2.781	2.29
YpesChrORF_YPO0634_s_at	YPO0634	hypothetical protein	2.594	2.535
YpesChrORF_YPO0636_at	YPO0636	hypothetical protein	2.87	2.651
YpesChrORF_YPO0641_s_at	YPO0641	hypothetical protein	2.954	2.731
YpesChrORF_YPO0641a_s_at	YPO0641a	pseudo	3.004	1.704
YpesChrORF_YPO0642_s_at	YPO0642	hypothetical protein	2.037	2.104
YpesChrORF_YPO0645_s_at	rpsU	30S ribosomal protein S21	2.747	1.944
YpesChrORF_YPO0646_s_at	gcp	DNA-binding/iron metalloprotein/AP endonuclease	2.546	1.994
YpesChrORF_YPO0648_s_at	folB	bifunctional dihydroneopterin aldolase/dihydroneopterin triphosphate 2'-epimerase	2.151	2.327
YpesChrORF_YPO0649_s_at	uppP	undecaprenyl pyrophosphate phosphatase	3.137	2.346
YpesChrORF_YPO0650_s_at	cca	multifunctional tRNA nucleotidyl transferase/2'3'-cyclic phosphodiesterase/2'nucleotidase/phosphatase	3.9	2.359
YpesChrORF_YPO0651_s_at	YPO0651	signal transduction protein	2.709	2.574
YpesChrORF_YPO0652_at	YPO0652	hypothetical protein	2.272	2.004
YpesChrORF_YPO0653_s_at	glnE	bifunctional glutamine-synthetase adenylyltransferase/deadenyltransferase	2.542	2.587
YpesChrORF_YPO0656_s_at	YPO0656	hypothetical protein	2.863	2.429
YpesChrORF_YPO0657_at			2.229	2.394
YpesChrORF_YPO0658_s_at	ribB	3,4-dihydroxy-2-butanone-4-phosphate synthase	3.211	2.268
YpesChrORF_YPO0659_s_at	YPO0659	hypothetical protein	2.291	2.004
YpesChrORF_YPO0660_s_at	YPO0660	hypothetical protein	2.399	1.817
YpesChrORF_YPO0661_s_at	YPO0661	hypothetical protein	3.173	2.751
YpesChrORF_YPO0662_at	YPO0662	hypothetical protein	3.035	2.326
YpesChrORF_YPO0663_s_at	tolC	outer membrane channel protein	3.516	2.274
YpesChrORF_YPO0664_s_at	nudF	ADP-ribose pyrophosphatase	3.207	3.45
YpesChrORF_YPO0665_s_at	YPO0665	hypothetical protein	2.874	2.35
YpesChrORF_YPO0666_s_at	icc	cyclic 3',5'-adenosine monophosphate phosphodiesterase	3.211	2.481
YpesChrORF_YPO0667_s_at	YPO0667	esterase	3.511	2.246
YpesChrORF_YPO0669_s_at	crgA	LysR family transcriptional regulator	2.363	2.541
YpesChrORF_YPO0671_s_at	parC	DNA topoisomerase IV subunit A	2.343	1.876
YpesChrORF_YPO0673_s_at	sufI	repressor protein for FtsI	2.337	2.465
YpesChrORF_YPO0676_s_at	dkgA	2,5-diketo-D-gluconic acid reductase A	2.553	2.748
YpesChrORF_YPO0677_s_at	YPO0677	hypothetical protein	2.479	2.004
YpesChrORF_YPO0678_s_at	YPO0678	iron-containing alcohol dehydrogenase	3.131	2.507
YpesChrORF_YPO0679_s_at	YPO0679	AraC family transcriptional regulator	2.714	1.871
YpesChrORF_YPO0680_s_at	YPO0680	DedA family membrane protein	2.831	2.615
YpesChrORF_YPO0683_s_at	YPO0683	biopolymer transport protein ExbD	3.393	1.967
YpesChrORF_YPO0687_s_at	YPO0687	hypothetical protein	3.955	2.567
YpesChrORF_YPO0688_s_at	YPO0688	hypothetical protein	2.479	2.701
YpesChrORF_YPO0695_s_at	YPO0695	hypothetical protein	2.943	2.303
YpesChrORF_YPO0699_s_at	YPO0699	fimbrial chaperone protein	2.928	2.631
YpesChrORF_YPO0700_s_at	YPO0700	fimbrial protein	3.507	2.848
YpesChrORF_YPO0701_s_at	YPO0701	iron-enterobactin transporter substrate-binding protein	1.913	1.639
YpesChrORF_YPO0703_s_at	YPO0703	lipoprotein	3.542	2.882
YpesChrORF_YPO0707_s_at	fliR	flagellar assembly protein	1.731	1.751
YpesChrORF_YPO0708_s_at	fliQ	flagellar assembly protein	2.136	2.191
YpesChrORF_YPO0709_s_at	fliP	flagellar biosynthesis protein FliP	2.767	2.762
YpesChrORF_YPO0710_s_at	fliN	flagellar switch protein	2.843	1.872
YpesChrORF_YPO0714_s_at	fliF	flagellar MS-ring protein	3.056	2.517
YpesChrORF_YPO0715_s_at	fliG	flagellar motor switch protein G	2.934	2.965
YpesChrORF_YPO0716_s_at	fliH	flagellar assembly protein H	1.636	1.672
YpesChrORF_YPO0717_s_at	fliI	flagellum-specific ATP synthase	2.463	1.994
YpesChrORF_YPO0718_s_at	YPO0718	hypothetical protein	2.415	2.486
YpesChrORF_YPO0720_s_at	YPO0720	flagellar regulatory protein	3.017	2.422
YpesChrORF_YPO0723_s_at	flgC	flagellar basal body rod protein FlgC	2.805	1.721
YpesChrORF_YPO0725_s_at	flgE	flagellar hook protein FlgE	2.605	2.718
YpesChrORF_YPO0728_s_at	flgG	flagellar basal body rod protein FlgG	2.84	2.231
YpesChrORF_YPO0730_s_at	flgI	flagellar basal body P-ring biosynthesis protein FlgA	2.594	2.423
YpesChrORF_YPO0731_s_at	flgJ	peptidoglycan hydrolase	3.658	2.99
YpesChrORF_YPO0732_s_at	flgK	flagellar hook-associated protein FlgK	3.376	1.879
YpesChrORF_YPO0733_s_at	flgL	flagellar hook-associated protein FlgL	3.304	2.981
YpesChrORF_YPO0734_s_at	YPO0734	hypothetical protein	2.468	2.498
YpesChrORF_YPO0735_s_at	YPO0735	hypothetical protein	1.832	1.963
YpesChrORF_YPO0737_s_at	flaA1	flagellin	2.313	2.22
YpesChrORF_YPO0738_at	flaA2	flagellin	2.162	2.436
YpesChrORF_YPO0739_at	flaA3	flagellin	2.226	2.063
YpesChrORF_YPO0740_at	fliD	flagellar hook-associated protein	2.167	1.883
YpesChrORF_YPO0741_at	fliS	flagellar protein	2.457	2.151
YpesChrORF_YPO0742_at	YPO0742	hypothetical protein	3.216	1.956
YpesChrORF_YPO0746_at	motA	flagellar motor protein MotA	2.289	2.011
YpesChrORF_YPO0747_at	motB	hypothetical protein	2.415	1.923
YpesChrORF_YPO0748_at			2.752	2.771
YpesChrORF_YPO0751_at	YPO0751	hypothetical protein	2.108	1.817
YpesChrORF_YPO0759_s_at	YPO0759	sodium:sulfate symporter family protein	1.868	1.652
YpesChrORF_YPO0760_s_at	YPO0760	hypothetical protein	2.693	1.725
YpesChrORF_YPO0762_s_at	YPO0762	hypothetical protein	2.274	2.484
YpesChrORF_YPO0763_s_at	YPO0763	hypothetical protein	2.347	2.368
YpesChrORF_YPO0764_s_at	YPO0764	hypothetical protein	2.63	1.953
YpesChrORF_YPO0767_s_at	gntP	fructuronate transporter	2.225	2.11
YpesChrORF_YPO0769_s_at	YPO0769	hypothetical protein	3.837	3.234
YpesChrORF_YPO0770_s_at	YPO0770	ABC transporter transmembrane protein	3.666	2.599
YpesChrORF_YPO0771_s_at	YPO0771	ABC transporter transmembrane protein	2.912	2.021
YpesChrORF_YPO0772_s_at	YPO0772	hypothetical protein	2.196	1.654
YpesChrORF_YPO0777_s_at	YPO0777	siderophore biosysnthesis protein	2.949	2.228
YpesChrORF_YPO0784_s_at	lgt	prolipoprotein diacylglyceryl transferase	1.988	2.078
YpesChrORF_YPO0786_s_at	YPO0786	dinucleoside polyphosphate hydrolase	2.906	2.076
YpesChrORF_YPO0787_at			2.123	1.631
YpesChrORF_YPO0789_s_at	mutH	DNA mismatch repair protein	2.629	2.679
YpesChrORF_YPO0790_s_at	tas	aldo/keto reductase	3.375	2.223
YpesChrORF_YPO0792_s_at	ygeD	lysophospholipid transporter LplT	3.234	3.168
YpesChrORF_YPO0794_at	bisC	biotin sulfoxide reductas2	3.17	2.213
YpesChrORF_YPO0796_s_at	lysA	diaminopimelate decarboxylase	2.804	2.523
YpesChrORF_YPO0797_s_at	lysR	LysR family transcriptional regulator	2.089	1.837
YpesChrORF_YPO0798_s_at	YPO0798	sugar transport protein	2.036	2.155
YpesChrORF_YPO0799_s_at	YPO0799	LysR family transcriptional regulator	2.524	2.541
YpesChrORF_YPO0800_s_at	YPO0800	hypothetical protein	3.062	1.671
YpesChrORF_YPO0803_s_at	YPO0803	hypothetical protein	2.489	1.798
YpesChrORF_YPO0808_s_at	YPO0808	general secretion pathway protein L	3.417	2.754
YpesChrORF_YPO0816_s_at	YPO0816	general secretion pathway protein D	2.614	2.044
YpesChrORF_YPO0818_s_at	YPO0818	hypothetical protein	2.007	2.188
YpesChrORF_YPO0820_s_at	YPO0820	hypothetical protein	2.314	2.049
YpesChrORF_YPO0821_at			1.738	1.635
YpesChrORF_YPO0823_s_at	YPO0823	hypothetical protein	2.873	1.82
YpesChrORF_YPO0824_s_at	YPO0824	hypothetical protein	2.299	2.015
YpesChrORF_YPO0831_s_at	YPO0831	DeoR family regulatory protein	3.164	2.424
YpesChrORF_YPO0832_s_at	agaZ	tagatose 6-phosphate kinase	2.104	1.728
YpesChrORF_YPO0833_s_at	YPO0833	phosphosugar isomerase	2.301	2.159
YpesChrORF_YPO0835_s_at	YPO0835	PTS permease	1.734	1.859
YpesChrORF_YPO0836_s_at	YPO0836	PTS permease	2.046	1.681
YpesChrORF_YPO0838_s_at	YPO0838	acetylglucosamine-6-phosphate deacetylase	1.604	1.66
YpesChrORF_YPO0841_s_at	YPO0841	regulatory protein	2.031	2.226
YpesChrORF_YPO0842_s_at	YPO0842	sulfatase	2.956	2.642
YpesChrORF_YPO0844_s_at	gatY	tagatose-bisphosphate aldolase	3.038	2.095
YpesChrORF_YPO0847_s_at	YPO0847	sugar transporter	3.144	2.674
YpesChrORF_YPO0848_s_at	YPO0848	glucosidase	2.77	2.074
YpesChrORF_YPO0849_s_at	lacI	lac repressor	2.511	2.279
YpesChrORF_YPO0851_s_at			2.892	2.004
YpesChrORF_YPO0852_s_at	bgaB	beta-galactosidase	2.452	2.187
YpesChrORF_YPO0855_s_at	YPO0855	maltodextrin ABC transporter permease	2.403	2.247
YpesChrORF_YPO0857_s_at	YPO0857	sugar transport ATP-binding protein	1.956	1.97
YpesChrORF_YPO0858_s_at	YPO0858	sugar transport ATP-binding protein	2.058	2.016
YpesChrORF_YPO0860_s_at	YPO0860	sugar-binding protein	3.074	1.993
YpesChrORF_YPO0864_s_at	YPO0864	hypothetical protein	2.334	1.967
YpesChrORF_YPO0865_s_at	YPO0865	hypothetical protein	2.304	2.408
YpesChrORF_YPO0866_s_at	YPO0866	hypothetical protein	2.411	2.161
YpesChrORF_YPO0867_s_at	YPO0867	hypothetical protein	3.752	1.855
YpesChrORF_YPO0868_at			2.824	2.764
YpesChrORF_YPO0869_s_at	YPO0869	hypothetical protein	2.819	2.421
YpesChrORF_YPO0870_s_at	YPO0870	hypothetical protein	2.409	2.447
YpesChrORF_YPO0873_s_at	YPO0873	hypothetical protein	2.678	2.681
YpesChrORF_YPO0875_s_at	YPO0875	hypothetical protein	3.182	2.391
YpesChrORF_YPO0877_s_at			1.633	1.672
YpesChrORF_YPO0880_at	YPO0880	primase	1.982	1.865
YpesChrORF_YPO0881_s_at	YPO0881	hypothetical protein	1.946	1.68
YpesChrORF_YPO0884_s_at	YPO0884	hypothetical protein	2.767	2.768
YpesChrORF_YPO0887_s_at	int	integrase	2.338	2.191
YpesChrORF_YPO0888_s_at	lysS	lysyl-tRNA synthetase	1.92	2.063
YpesChrORF_YPO0889_at	prfB	peptide chain release factor 2	3.087	2.481
YpesChrORF_YPO0893_s_at	fldB	flavodoxin FldB	2.266	2.29
YpesChrORF_YPO0895_s_at	creC	sensory histidine kinase CreC	2.711	2.571
YpesChrORF_YPO0896_s_at	creB	DNA-binding response regulator CreB	2.89	2.353
YpesChrORF_YPO0896a_s_at	YPO0896a	hypothetical protein	2.647	1.949
YpesChrORF_YPO0898_s_at	YPO0898	global regulator	2.4	2.056
YpesChrORF_YPO0899_s_at	YPO0899	hypothetical protein	2.604	2.617
YpesChrORF_YPO0900_s_at	YPO0900	hemolysin III	2.289	1.978
YpesChrORF_YPO0901_s_at	YPO0901	hypothetical protein	3.473	1.978
YpesChrORF_YPO0905_s_at	gcvP	glycine dehydrogenase	2.674	2.273
YpesChrORF_YPO0906_s_at	gcsH	glycine cleavage system protein H	2.386	2.688
YpesChrORF_YPO0908_s_at	visC	2-octaprenylphenol hydroxylase	3.304	2.164
YpesChrORF_YPO0909_s_at	ubiH	2-octaprenyl-6-methoxyphenyl hydroxylase	1.955	2.023
YpesChrORF_YPO0911_s_at	YPO0911	hypothetical protein	2.414	2.416
YpesChrORF_YPO0913_s_at	YPO0913	5-formyltetrahydrofolate cyclo-ligase	2.732	1.877
YpesChrORF_YPO0914_s_at	serA	D-3-phosphoglycerate dehydrogenase	1.974	1.961
YpesChrORF_YPO0918_s_at	yggA	arginine exporter protein	3.028	2.294
YpesChrORF_YPO0919_s_at	YPO0919	hypothetical protein	1.753	1.777
YpesChrORF_YPO0920_s_at	fbaA	fructose-bisphosphate aldolase	1.696	1.632
YpesChrORF_YPO0921_s_at	pgk	phosphoglycerate kinase	2.494	2.264
YpesChrORF_YPO0927_s_at	YPO0927	lipoprotein	2.636	2.786
YpesChrORF_YPO0932_s_at	YPO0932	hypothetical protein	2.727	2.271
YpesChrORF_YPO0933_s_at	endA	endonuclease I	2.266	2.359
YpesChrORF_YPO0938_s_at	YPO0938	carbon-nitrogen hydrolase	2.693	2.683
YpesChrORF_YPO0939_s_at	YPO0939	agmatine deiminase	2.686	2.089
YpesChrORF_YPO0942_s_at	proC	pyrroline-5-carboxylate reductase	2.482	2.486
YpesChrORF_YPO0944_s_at	YPO0944	hypothetical protein	3.288	3.006
YpesChrORF_YPO0945_s_at	YPO0945	deoxyribonucleotide triphosphate pyrophosphatase	3.928	3.276
YpesChrORF_YPO0946_s_at	YPO0946	coproporphyrinogen III oxidase	1.679	1.688
YpesChrORF_YPO0947_s_at	YPO0947	virulence determinant	2.936	3.015
YpesChrORF_YPO0949_s_at	YPO0949	glutaminase	2.711	1.777
YpesChrORF_YPO0950_s_at	YPO0950	hypothetical protein	2.393	1.965
YpesChrORF_YPO0951_s_at	trmB	tRNA (guanine-N(7)-)-methyltransferase	2.748	2.268
YpesChrORF_YPO0952_s_at	mutY	A/G-specific adenine glycosylase	2.358	1.988
YpesChrORF_YPO0953_s_at	YPO0953	hypothetical protein	2.558	2.678
YpesChrORF_YPO0954_s_at	mltC	murein transglycosylase C	3.611	1.653
YpesChrORF_YPO0955_s_at	YPO0955	hypothetical protein	2.852	2.518
YpesChrORF_YPO0956_s_at	YPO0956	hydroxamate-type ferrisiderophore receptor	2.913	2.148
YpesChrORF_YPO0957_s_at	YPO0957	sugar transport system permease	2.884	2.827
YpesChrORF_YPO0959_s_at	YPO0959	sugar ABC transporter substrate-binding protein	2.18	2.106
YpesChrORF_YPO0961_at			2.263	2.148
YpesChrORF_YPO0967_s_at			2.603	2.684
YpesChrORF_YPO0967a_s_at			2.38	2.13
YpesChrORF_YPO0969_s_at	YPO0969	hypothetical protein	2.79	2.497
YpesChrORF_YPO0970_s_at	YPO0970	hypothetical protein	2.123	2.282
YpesChrORF_YPO0973_s_at	YPO0973	hypothetical protein	2.736	2.41
YpesChrORF_YPO0975_s_at	YPO0975	hypothetical protein	3.768	2.726
YpesChrORF_YPO0978_s_at	YPO0978	hypothetical protein	2.56	2.743
YpesChrORF_YPO0981_at	insA	insertion element protein	2.374	1.733
YpesChrORF_YPO0985_s_at	yspR	quorum-sensing transcriptional regulator	3.239	2.413
YpesChrORF_YPO0987_s_at	YPO0987	hypothetical protein	3.292	2.852
YpesChrORF_YPO0988_at	YPO0988	hypothetical protein	2.387	2.47
YpesChrORF_YPO0991_s_at	iucB	siderophore biosynthesis protein IucB	3.66	2.947
YpesChrORF_YPO0992_s_at	iucC	siderophore biosynthesis protein IucC	2.879	1.839
YpesChrORF_YPO0994_s_at	iutA	ferric siderophore receptor	1.787	1.931
YpesChrORF_YPO0998_s_at	YPO0998	hypothetical protein	2.25	2.382
YpesChrORF_YPO1002_s_at	YPO1002	enterotoxin-like protein	2.202	2.313
YpesChrORF_YPO1003_s_at	YPO1003	hypothetical protein	2.727	1.702
YpesChrORF_YPO1005_s_at	YPO1005	hypothetical protein	1.855	1.821
YpesChrORF_YPO1007_s_at	YPO1007	hypothetical protein	4.93	4.095
YpesChrORF_YPO1008_s_at	YPO1008	integral membrane efflux protein	1.931	1.725
YpesChrORF_YPO1009_s_at	YPO1009	peptidase T	2.457	2.602
YpesChrORF_YPO1015_s_at	YPO1015	hypothetical protein	3.302	2.527
YpesChrORF_YPO1019_s_at	ptr	protease III	2.354	2.409
YpesChrORF_YPO1020_s_at	recB	exonuclease V subunit beta	3.943	2.91
YpesChrORF_YPO1021_s_at	recD	exonuclease V subunit alpha	2.557	1.957
YpesChrORF_YPO1023_s_at	YPO1023	N-acetylmuramoyl-L-alanine amidase	2.78	2.986
YpesChrORF_YPO1025_s_at	mltA	murein transglycosylase A	3.953	3.568
YpesChrORF_YPO1029_s_at	gcvA	DNA-binding transcriptional activator GcvA	2.365	2.264
YpesChrORF_YPO1030_s_at	YPO1030	hypothetical protein	1.892	1.858
YpesChrORF_YPO1031_s_at	YPO1031	23S rRNA (cytidine(2498)-2'-O)-methyltransferase RlmM	3.51	3.177
YpesChrORF_YPO1033_s_at	YPO1033	hypothetical protein	1.918	1.901
YpesChrORF_YPO1034_s_at	queF	7-cyano-7-deazaguanine reductase	2.514	2.371
YpesChrORF_YPO1035_s_at	syd	SecY interacting protein Syd	3.585	2.838
YpesChrORF_YPO1037_s_at	YPO1037	hypothetical protein	2.512	1.664
YpesChrORF_YPO1038_s_at	YPO1038	tRNA pseudouridine synthase C	2.021	1.852
YpesChrORF_YPO1039_s_at	YPO1039	flavodoxin	2.474	2.705
YpesChrORF_YPO1041_s_at	dapD	2,3,4,5-tetrahydropyridine-2,6-dicarboxylate N-succinyltransferase	2.68	2.319
YpesChrORF_YPO1042_s_at	glnD	PII uridylyl-transferase	2.666	2.095
YpesChrORF_YPO1043_s_at	ampM	methionine aminopeptidase	2.049	2.182
YpesChrORF_YPO1044_s_at	rpsB	30S ribosomal protein S2	3.629	2.795
YpesChrORF_YPO1045_s_at	tsf	elongation factor Ts	2.422	2.125
YpesChrORF_YPO1047_s_at	frr	ribosome recycling factor	3.646	3.283
YpesChrORF_YPO1049_s_at	rth	undecaprenyl pyrophosphate synthase	2.515	2.422
YpesChrORF_YPO1050_s_at	cdsA	CDP-diglyceride synthase	2.846	2.605
YpesChrORF_YPO1051_s_at	YPO1051	zinc metallopeptidase RseP	1.597	1.633
YpesChrORF_YPO1057_s_at	lpxB	lipid-A-disaccharide synthase	3.451	3.282
YpesChrORF_YPO1058_s_at	rnhB	ribonuclease HII	3.294	1.993
YpesChrORF_YPO1059_s_at	dnaE	DNA polymerase III subunit alpha	2.04	2.004
YpesChrORF_YPO1060_s_at	accA	acetyl-CoA carboxylase carboxyltransferase subunit alpha	2.967	1.752
YpesChrORF_YPO1062_s_at	tilS	tRNA(Ile)-lysidine synthetase	3.314	2.943
YpesChrORF_YPO1063_s_at	YPO1063	cytochrome	3.844	2.716
YpesChrORF_YPO1064a_s_at	YPO1064a	hypothetical protein	3.28	3.372
YpesChrORF_YPO1065_s_at	YPO1065	hypothetical protein	3.976	2.793
YpesChrORF_YPO1066_s_at	YPO1066	peptidyl-tRNA hydrolase domain-containing protein	4.441	3.829
YpesChrORF_YPO1067_s_at	cutF	lipoprotein involved with copper homeostasis and adhesion	2.639	2.104
YpesChrORF_YPO1071_s_at	metQ	DL-methionine transporter substrate-binding subunit	2.412	2.285
YpesChrORF_YPO1072_s_at	YPO1072	DL-methionine transporter permease	2.545	2.493
YpesChrORF_YPO1075_s_at	dkgB	2,5-diketo-D-gluconic acid reductase B	4.199	3.201
YpesChrORF_YPO1077_s_at	YPO1077	hypothetical protein	2.483	1.815
YpesChrORF_YPO1087_at			2.846	1.921
YpesChrORF_YPO1088_s_at	YPO1088	DNA-binding prophage protein	2.276	2.203
YpesChrORF_YPO1089_s_at	YPO1089	regulatory prophage protein	2.067	2.196
YpesChrORF_YPO1091_s_at	YPO1091	prophage protein	3.591	3.199
YpesChrORF_YPO1092_s_at	YPO1092	DNA-binding prophage protein	2.437	2.604
YpesChrORF_YPO1094_at			4.424	2.942
YpesChrORF_YPO1095_at			2.614	2.205
YpesChrORF_YPO1096_at	YPO1096	hypothetical protein	2.639	1.753
YpesChrORF_YPO1097_s_at	YPO1097	hypothetical protein	2.407	1.805
YpesChrORF_YPO1101_s_at	smpB	SsrA-binding protein	2.219	2.175
YpesChrORF_YPO1102_s_at	YPO1102	hypothetical protein	2.534	2.516
YpesChrORF_YPO1104_s_at	YPO1104	hypothetical protein	3.521	1.717
YpesChrORF_YPO1107_s_at	YPO1107	heat shock protein GrpE	3.198	2.776
YpesChrORF_YPO1110_s_at	sdhD	succinate dehydrogenase cytochrome b556 small membrane subunit	3.165	2.463
YpesChrORF_YPO1112_s_at	sdhB	succinate dehydrogenase iron-sulfur subunit	2.547	2.065
YpesChrORF_YPO1113_s_at	sucA	2-oxoglutarate dehydrogenase subunit E1	1.951	1.68
YpesChrORF_YPO1115_s_at	sucC	succinyl-CoA synthetase subunit beta	2.525	2.528
YpesChrORF_YPO1116_s_at	sucD	succinyl-CoA synthetase subunit alpha	1.987	1.867
YpesChrORF_YPO1120_s_at	YPO1120	acyl-CoA thioester hydrolase	3.415	1.786
YpesChrORF_YPO1124_s_at	tolB	translocation protein TolB	2.29	1.754
YpesChrORF_YPO1126_s_at	YPO1126	tol-pal system protein YbgF	3.313	2.684
YpesChrORF_YPO1129_s_at	YPO1129	zinc transporter ZitB	2.075	2.239
YpesChrORF_YPO1133_s_at	gpmA	2,3-bisphosphoglycerate-dependent phosphoglycerate mutase	2.64	2.314
YpesChrORF_YPO1134_s_at	psiF	starvation-inducible protein	2.056	2.084
YpesChrORF_YPO1137_s_at	galK	galactokinase	1.807	1.678
YpesChrORF_YPO1138_s_at	galT	galactose-1-phosphate uridylyltransferase	3.597	2.915
YpesChrORF_YPO1139_s_at	galE	UDP-galactose-4-epimerase	3.664	3.741
YpesChrORF_YPO1140_s_at	YPO1140	hypothetical protein	2.301	2.448
YpesChrORF_YPO1144_s_at	YPO1144	hypothetical protein	2.909	1.641
YpesChrORF_YPO1145_s_at	modA	molybdate transporter periplasmic protein	2.419	2.035
YpesChrORF_YPO1146_s_at	modB	molybdate ABC transporter permease	3.325	2.33
YpesChrORF_YPO1147_s_at	modC	molybdate transporter ATP-binding protein	3.02	2.367
YpesChrORF_YPO1149_s_at	YPO1149	6-phosphogluconolactonase	2.243	2.5
YpesChrORF_YPO1151_s_at	bioB	biotin synthase	3.378	2.901
YpesChrORF_YPO1152_s_at	bioF	8-amino-7-oxononanoate synthase	2.685	2.416
YpesChrORF_YPO1153_s_at	bioC	biotin synthesis protein BioC	3.234	2.334
YpesChrORF_YPO1154_s_at	bioD	dithiobiotin synthetase	2.893	2.729
YpesChrORF_YPO1155_s_at	YPO1155	ABC transporter ATP-binding protein	1.993	1.937
YpesChrORF_YPO1156_s_at	uvrB	excinuclease ABC subunit B	2.159	1.885
YpesChrORF_YPO1158_s_at	YPO1158	hypothetical protein	2.427	1.905
YpesChrORF_YPO1160_s_at	moaC	molybdenum cofactor biosynthesis protein MoaC	1.786	1.807
YpesChrORF_YPO1161_s_at	moaD	molybdopterin synthase small subunit	2.099	2.065
YpesChrORF_YPO1162_s_at	moaE	molybdopterin guanine dinucleotide biosynthesis protein MoaE	3.543	3.195
YpesChrORF_YPO1165_at	betA	choline dehydrogenase	2.23	2.188
YpesChrORF_YPO1166_at	betB	betaine aldehyde dehydrogenase	2.35	2.522
YpesChrORF_YPO1168_at	betT	choline transport protein BetT	1.887	1.942
YpesChrORF_YPO1169_at	YPO1169	DNA-binding transcriptional activator XapR	3.587	2.178
YpesChrORF_YPO1175_s_at	YPO1175	tRNA-dihydrouridine synthase C	2.928	2.346
YpesChrORF_YPO1176_s_at	pbpG	D-alanyl-D-alanine endopeptidase	4.228	3.129
YpesChrORF_YPO1178_s_at	cyaB	adenylate cyclase	3.572	2.579
YpesChrORF_YPO1179_s_at	YPO1179	hypothetical protein	2.451	2.031
YpesChrORF_YPO1183_s_at	YPO1183	substrate-binding periplasmic transport protein	2.354	1.791
YpesChrORF_YPO1184_s_at	YPO1184	ABC transport membrane permease	2.88	2.668
YpesChrORF_YPO1186_s_at	YPO1186	hypothetical protein	2.672	2.682
YpesChrORF_YPO1187_s_at	YPO1187	substrate-binding periplasmic transport protein	3.015	3.048
YpesChrORF_YPO1188_s_at	YPO1188	branched-chain amino acid transporter permease	3.617	2.599
YpesChrORF_YPO1190_s_at	YPO1190	ABC transporter ATP-binding protein	4.913	3.919
YpesChrORF_YPO1193_s_at	YPO1193	pyridoxal-dependent decarboxylase	2.304	1.898
YpesChrORF_YPO1194_s_at	YPO1194	sulfurtransferase	2.703	1.651
YpesChrORF_YPO1197_s_at	YPO1197	ABC transporter integral membrane protein	2.018	2.079
YpesChrORF_YPO1203_s_at	YPO1203	hypothetical protein	3.559	2.883
YpesChrORF_YPO1205_s_at	ompC2	outer membrane protein OmpC	3.142	2.761
YpesChrORF_YPO1206_s_at	dinG	ATP-dependent DNA helicase DinG	2.067	1.993
YpesChrORF_YPO1211_s_at	eco	ecotin	3.135	2.175
YpesChrORF_YPO1212_s_at	YPO1212	2Fe-2S ferredoxin	2.503	2.304
YpesChrORF_YPO1214_s_at	nrdA	ribonucleotide-diphosphate reductase subunit alpha	2.083	2.079
YpesChrORF_YPO1216_s_at	gyrA	DNA gyrase subunit A	3.542	3.212
YpesChrORF_YPO1217_s_at	rcsC	hybrid sensory kinase in two-component regulatory system with RcsB and YojN	3.623	3.183
YpesChrORF_YPO1224_s_at	ampH	beta-lactam binding protein AmpH	2.468	2.39
YpesChrORF_YPO1226_s_at	YPO1226	transport protein	1.873	1.643
YpesChrORF_YPO1231_s_at	pla2	outer membrane protease	1.883	2.07
YpesChrORF_YPO1234_s_at	YPO1234	phage antitermination protein Q	2.469	2.416
YpesChrORF_YPO1236_s_at	YPO1236	aldolase	3.565	2.604
YpesChrORF_YPO1237_s_at	YPO1237	transcriptional regulator	3.587	2.9
YpesChrORF_YPO1238_s_at	YPO1238	hypothetical protein	2.147	1.75
YpesChrORF_YPO1239_s_at	YPO1239	bacteriophage protein	3.068	1.864
YpesChrORF_YPO1240_s_at	YPO1240	ATP-binding protein	3.118	2.44
YpesChrORF_YPO1241_at	YPO1241	bacteriophage protein	4.999	4.001
YpesChrORF_YPO1242_s_at	YPO1242	bacteriophage tail sheath protein	2.624	2.941
YpesChrORF_YPO1244_s_at	YPO1244	hypothetical protein	2.094	1.799
YpesChrORF_YPO1245_s_at	YPO1245	bacteriophage coat protein	3.421	2.323
YpesChrORF_YPO1246_s_at	YPO1246	bacteriophage protein	2.938	2.844
YpesChrORF_YPO1247_s_at	YPO1247	bacteriophage tail protein	2.446	1.673
YpesChrORF_YPO1250_s_at	YPO1250	bacteriophage protein	2.462	2.369
YpesChrORF_YPO1250a_s_at	YPO1250a	bacteriophage protein	2.943	2.501
YpesChrORF_YPO1251_s_at	YPO1251	bacteriophage protein	2.487	1.76
YpesChrORF_YPO1252_s_at	stf	bacteriophage tail fiber protein	5.458	3.76
YpesChrORF_YPO1253_s_at	YPO1253	LacI family regulatory protein	2.064	1.729
YpesChrORF_YPO1254_s_at	bglA	6-phospho-beta-glucosidase	4.055	3.362
YpesChrORF_YPO1257_s_at	YPO1257	hypothetical protein	3.787	2.823
YpesChrORF_YPO1259_s_at			2.811	2.445
YpesChrORF_YPO1260_s_at	YPO1260	hypothetical protein	4.478	2.917
YpesChrORF_YPO1261_s_at	YPO1261	hypothetical protein	4.089	3.568
YpesChrORF_YPO1262_s_at	YPO1262	nucleoid-associated protein NdpA	2.284	2.292
YpesChrORF_YPO1267_s_at	bcr	bicyclomycin/multidrug efflux system	1.877	1.668
YpesChrORF_YPO1270_s_at	YPO1270	ABC transporter ATP-binding protein	2.823	2.083
YpesChrORF_YPO1274_s_at	YPO1274	pseudo	1.648	1.756
YpesChrORF_YPO1275_s_at	spr	outer membrane lipoprotein	2.847	2.686
YpesChrORF_YPO1276_s_at	YPO1276	hypothetical protein	2.667	1.96
YpesChrORF_YPO1277_s_at	YPO1277	cobalamin synthesis protein	2.001	1.944
YpesChrORF_YPO1279_s_at	YPO1279	transcriptional regulator	2.08	2.1
YpesChrORF_YPO1280_s_at	YPO1280	D-mannonate oxidoreductase	3.998	3.135
YpesChrORF_YPO1285_s_at	mtr	tryptophan-specific transport protein	2.293	2.006
YpesChrORF_YPO1287_s_at	YPO1287	short chain oxidoreductase	2.247	1.669
YpesChrORF_YPO1290_s_at	YPO1290	aldehyde dehydrogenase	2.565	2.294
YpesChrORF_YPO1292_s_at	rpiA	ribose 5-phosphate isomerase	3.718	3.516
YpesChrORF_YPO1293_s_at	YPO1293	periplasmic carbohydrate-binding transport protein	3.004	2.203
YpesChrORF_YPO1294_s_at	YPO1294	ABC transporter ATP-binding protein	2.261	1.841
YpesChrORF_YPO1295_s_at	YPO1295	ABC transporter integral membrane protein	2.081	2.178
YpesChrORF_YPO1300_s_at	fruA	PTS system fructose-specific transporter subunits IIBC	2.529	2.619
YpesChrORF_YPO1304_s_at	psaB	chaperone protein PsaB	2.407	1.87
YpesChrORF_YPO1305_s_at	psaC	outer membrane usher protein PsaC	2.898	2.342
YpesChrORF_YPO1306_s_at	nfo	endonuclease IV	2.983	1.865
YpesChrORF_YPO1307_s_at	YPO1307	hypothetical protein	4.125	2.967
YpesChrORF_YPO1311_s_at	YPO1311	FecCD family membrane transport protein	2.377	1.856
YpesChrORF_YPO1315_s_at	YPO1315	hydrolase	3.169	2.636
YpesChrORF_YPO1321_s_at	YPO1321	serine transporter	1.98	2.081
YpesChrORF_YPO1322_s_at	deoR	DNA-binding transcriptional repressor DeoR	2.297	2.19
YpesChrORF_YPO1328_s_at	YPO1328	hypothetical protein	2.121	2.016
YpesChrORF_YPO1329_at	YPO1329	hypothetical protein	2.343	2.069
YpesChrORF_YPO1332_s_at	potG	putrescine ABC transporter ATP-binding protein	3.074	2.602
YpesChrORF_YPO1333_s_at	potH	putrescine ABC transporter membrane protein	3.756	3.245
YpesChrORF_YPO1335_s_at	YPO1335	hypothetical protein	2.74	2.996
YpesChrORF_YPO1341_at	YPO1341	hypothetical protein	2.936	2.129
YpesChrORF_YPO1342_s_at	YPO1342	SPFH domain protein	2.475	1.686
YpesChrORF_YPO1343_s_at	YPO1343	periplasmic binding protein	2.051	2.225
YpesChrORF_YPO1344_s_at	YPO1344	pseudo	2.136	2.038
YpesChrORF_YPO1345_s_at	YPO1345	transport ATP-binding protein	3.131	2.09
YpesChrORF_YPO1347_s_at	YPO1347	hypothetical protein	3.259	1.932
YpesChrORF_YPO1350_s_at	artQ	arginine transporter permease ArtQ	2.749	2.753
YpesChrORF_YPO1352_s_at	artP	arginine transporter ATP-binding protein	2.532	2.162
YpesChrORF_YPO1355_s_at	YPO1355	hypothetical protein	3.08	2.611
YpesChrORF_YPO1356_s_at	YPO1356	hypothetical protein	2.195	1.656
YpesChrORF_YPO1358_s_at	poxB	pyruvate dehydrogenase	4.374	3.093
YpesChrORF_YPO1359_s_at	hcr	HCP oxidoreductase, NADH-dependent	2.482	2.436
YpesChrORF_YPO1362_s_at	YPO1362	hypothetical protein	3.474	3.057
YpesChrORF_YPO1363_s_at	YPO1363	virulence factor	2.48	2.757
YpesChrORF_YPO1364_s_at	YPO1364	macrolide transporter subunit MacA	2.407	2.58
YpesChrORF_YPO1365_s_at	YPO1365	macrolide transporter ATP-binding /permease	2.565	2.722
YpesChrORF_YPO1370_s_at	infA	translation initiation factor IF-1	3.173	1.846
YpesChrORF_YPO1372_s_at	cydC	cysteine/glutathione ABC transporter membrane protein/ATP-binding protein	3.152	2.783
YpesChrORF_YPO1374_s_at	trxB	thioredoxin reductase	1.786	1.759
YpesChrORF_YPO1375_s_at	lrp	leucine-responsive transcriptional regulator	3.199	3.245
YpesChrORF_YPO1377_s_at	lolA	outer-membrane lipoprotein carrier protein	3.882	1.765
YpesChrORF_YPO1378_s_at	YPO1378	recombination factor protein RarA	2.842	1.805
YpesChrORF_YPO1385_s_at	YPO1385	hypothetical protein	1.957	1.912
YpesChrORF_YPO1386_s_at	ansB	L-asparaginase II	4.449	4.081
YpesChrORF_YPO1387_s_at	YPO1387	hypothetical protein	2.954	2.826
YpesChrORF_YPO1391_s_at	cmk	cytidylate kinase	3.557	2.522
YpesChrORF_YPO1393_s_at	ihfB	integration host factor subunit beta	2.385	2.582
YpesChrORF_YPO1394_s_at	YPO1394	hypothetical protein	3.993	2.899
YpesChrORF_YPO1396_s_at	lpxK	tetraacyldisaccharide 4'-kinase	3.449	1.82
YpesChrORF_YPO1397_s_at	YPO1397	hypothetical protein	3.054	2.665
YpesChrORF_YPO1400_s_at	kdsB	3-deoxy-manno-octulosonate cytidylyltransferase	3.534	2.497
YpesChrORF_YPO1401_s_at	YPO1401	hypothetical protein	3.003	2.54
YpesChrORF_YPO1403_s_at	mukF	condesin subunit F	3.15	2.148
YpesChrORF_YPO1405_s_at	mukB	cell division protein MukB	2.125	2.231
YpesChrORF_YPO1407_s_at	YPO1407	hypothetical protein	2.755	2.222
YpesChrORF_YPO1408_s_at	YPO1408	hypothetical protein	3.076	2.905
YpesChrORF_YPO1409_s_at	YPO1409	metallo-beta-lactamase superfamily protein	3.937	2.091
YpesChrORF_YPO1411_s_at	ompF	porin	3.724	2.965
YpesChrORF_YPO1412_s_at	asnC	asparaginyl-tRNA synthetase	3.685	1.795
YpesChrORF_YPO1413_s_at	pncB	nicotinate phosphoribosyltransferase	2.483	2.224
YpesChrORF_YPO1414_s_at	pepN	aminopeptidase	3.667	3.446
YpesChrORF_YPO1416_s_at	YPO1416	hypothetical protein	2.436	1.871
YpesChrORF_YPO1418_s_at	rlmL	23S rRNA m(2)G2445 methyltransferase	3.01	2.418
YpesChrORF_YPO1419_s_at	uup	ABC transporter ATPase	2.225	2.45
YpesChrORF_YPO1421_s_at	pqiB	paraquat-inducible protein B	3.397	1.706
YpesChrORF_YPO1423_at	YPO1423	hypothetical protein	2.912	2.627
YpesChrORF_YPO1423a_at	rmf	ribosome modulation factor	2.042	2.277
YpesChrORF_YPO1435_s_at	ompA	outer membrane protein OmpA	3.636	2.338
YpesChrORF_YPO1436_s_at	sulA	SOS cell division inhibitor	2.698	2.228
YpesChrORF_YPO1438_s_at	YPO1438	hypothetical protein	3.78	2.696
YpesChrORF_YPO1439_s_at	YPO1439	hypothetical protein	3.197	2.171
YpesChrORF_YPO1440_s_at	helD	DNA helicase IV	1.727	1.829
YpesChrORF_YPO1442_s_at	YPO1442	hypothetical protein	3.56	3.497
YpesChrORF_YPO1443_s_at	YPO1443	hypothetical protein	4.007	3.039
YpesChrORF_YPO1444_s_at	YPO1444	heat shock protein HspQ	2.83	2.378
YpesChrORF_YPO1451_s_at	YPO1451	oxidoreductase	2.086	1.763
YpesChrORF_YPO1452_s_at	YPO1452	short chain dehydrogenase	3.823	2.71
YpesChrORF_YPO1456_s_at	YPO1456	3-ketoacyl-ACP reductase	2.491	1.889
YpesChrORF_YPO1458_s_at	YPO1458	enoyl-CoA hydratase	2.394	1.823
YpesChrORF_YPO1460_s_at	YPO1460	short chain dehydrogenase	2.333	2.248
YpesChrORF_YPO1461_s_at	YPO1461	hypothetical protein	2.312	2.048
YpesChrORF_YPO1462_at	YPO1462	acyl carrier protein	3.548	2.669
YpesChrORF_YPO1463_s_at	YPO1463	acyl transferase	3.19	2.792
YpesChrORF_YPO1474_s_at	YPO1474	hypothetical protein	2.1	1.721
YpesChrORF_YPO1475_s_at	YPO1475	hypothetical protein	3.737	2.873
YpesChrORF_YPO1476_s_at	YPO1476	hypothetical protein	3.222	2.507
YpesChrORF_YPO1483_s_at	YPO1483	hypothetical protein	3.237	3.186
YpesChrORF_YPO1484_s_at	YPO1484	hypothetical protein	3.598	2.944
YpesChrORF_YPO1485_s_at	YPO1485	hypothetical protein	2.057	1.91
YpesChrORF_YPO1487_s_at	YPO1487	hypothetical protein	2.97	2.908
YpesChrORF_YPO1489_s_at	YPO1489	hypothetical protein	2.912	1.846
YpesChrORF_YPO1491_s_at	ybiT	ABC-F family ATPase	3.238	2.891
YpesChrORF_YPO1494_s_at	moeB	molybdopterin biosynthesis protein MoeB	2.282	2.211
YpesChrORF_YPO1495_s_at	moeA	molybdopterin biosynthesis protein MoeA	2.113	2.202
YpesChrORF_YPO1496_s_at	YPO1496	heme-binding protein	2.156	2.252
YpesChrORF_YPO1497_s_at	YPO1497	ABC transporter ATP-binding protein	3.187	2.28
YpesChrORF_YPO1498_s_at	YPO1498	hypothetical protein	3.86	2.605
YpesChrORF_YPO1502_s_at	YPO1502	alcohol dehydrogenase	2.637	1.657
YpesChrORF_YPO1507_s_at	mglB	galactose-binding protein	2.683	2.629
YpesChrORF_YPO1509_s_at	mglC	beta-methylgalactoside transporter inner membrane protein	1.924	2.143
YpesChrORF_YPO1513_s_at	yohK	hypothetical protein	3.164	1.901
YpesChrORF_YPO1514_s_at	yohJ	hypothetical protein	2.927	2.572
YpesChrORF_YPO1515_s_at	YPO1515	multidrug resistance protein	3.059	2.163
YpesChrORF_YPO1516_s_at	YPO1516	hypothetical protein	2.828	1.923
YpesChrORF_YPO1517_s_at	YPO1517	sugar ABC transporter	3.875	3.068
YpesChrORF_YPO1526_s_at	YPO1526	assembly protein	1.693	1.785
YpesChrORF_YPO1527_s_at	YPO1527	hypothetical protein	2.192	2.169
YpesChrORF_YPO1528_s_at	YPO1528	ferric iron reductase involved in ferric hydroximate transport	3.65	2.001
YpesChrORF_YPO1530_s_at	alcA	siderophore biosynthetic enzyme	2.197	1.691
YpesChrORF_YPO1531_s_at	alcB	siderophore biosynthetic enzyme	2.296	2.489
YpesChrORF_YPO1532_s_at	YPO1532	siderophore biosynthetic enzyme	2.034	1.755
YpesChrORF_YPO1533_s_at	YPO1533	iron-siderophore transporter ATP-binding protein	2.648	1.749
YpesChrORF_YPO1534_s_at	YPO1534	iron-siderophore transporter membrane permease	3.092	2.857
YpesChrORF_YPO1535_s_at	YPO1535	iron-siderophore transporter transmembrane protein	3.852	2.446
YpesChrORF_YPO1536_s_at	YPO1536	iron-siderophore transporter substrate-binding protein	2.363	1.985
YpesChrORF_YPO1537_s_at	YPO1537	iron-siderophore receptor	3.103	2.632
YpesChrORF_YPO1540_s_at	galF	UTP-glucose-1-phosphate uridylyltransferase	2.844	1.8
YpesChrORF_YPO1541_s_at	gnd	6-phosphogluconate dehydrogenase	2.805	2.786
YpesChrORF_YPO1542_s_at	hisI	bifunctional phosphoribosyl-AMP cyclohydrolase/phosphoribosyl-ATP pyrophosphatase	2.859	2.45
YpesChrORF_YPO1543_s_at	hisF	imidazole glycerol phosphate synthase subunit HisF	2.474	2.475
YpesChrORF_YPO1544_s_at	hisA	1-(5-phosphoribosyl)-5-[(5-phosphoribosylamino)methylideneamino] imidazole-4-carboxamide isomerase	2.111	1.988
YpesChrORF_YPO1545_s_at	hisH	imidazole glycerol phosphate synthase subunit HisH	3.102	1.688
YpesChrORF_YPO1547_s_at	hisC	histidinol-phosphate aminotransferase	4.281	3.699
YpesChrORF_YPO1549_s_at	hisG	ATP phosphoribosyltransferase	2.301	1.738
YpesChrORF_YPO1550_s_at			2.706	2.428
YpesChrORF_YPO1551_s_at	YPO1551	hypothetical protein	2.117	1.695
YpesChrORF_YPO1552_s_at	YPO1552	hypothetical protein	3.434	2.563
YpesChrORF_YPO1557_s_at	yeeF	amino acid permease	2.406	1.663
YpesChrORF_YPO1558_s_at	sbcB	exonuclease I	2.297	2.041
YpesChrORF_YPO1565_s_at	YPO1565	oxidoreductase	2.244	1.929
YpesChrORF_YPO1567_s_at	YPO1567	racemase	3.004	2.799
YpesChrORF_YPO1568_at	YPO1568	hypothetical protein	2.277	2.521
YpesChrORF_YPO1569_s_at	lldD	L-lactate dehydrogenase	2.869	2.6
YpesChrORF_YPO1570_s_at	argG	argininosuccinate synthase	2.308	2.237
YpesChrORF_YPO1572_s_at	YPO1572	sugar transporter	3.51	2.234
YpesChrORF_YPO1575_s_at	YPO1575	hypothetical protein	3.847	2.566
YpesChrORF_YPO1576_s_at	YPO1576	GerR family transcriptional regulator	2.666	1.976
YpesChrORF_YPO1577_s_at	YPO1577	C4-dicarboxylate transporter large subunit	2.78	2.206
YpesChrORF_YPO1585_at	YPO1585	hypothetical protein	2.376	1.829
YpesChrORF_YPO1591_s_at	rluC	23S rRNA pseudouridylate synthase C	2.644	2.229
YpesChrORF_YPO1593_s_at	maf	Maf-like protein	2.178	2.363
YpesChrORF_YPO1595_s_at	rpmF	50S ribosomal protein L32	4.229	2.232
YpesChrORF_YPO1596_s_at	plsX	glycerol-3-phosphate acyltransferase PlsX	3.112	3.032
YpesChrORF_YPO1598_s_at	fabD	malonyl CoA-ACP transacylase	2.021	1.683
YpesChrORF_YPO1599_s_at	fabG	3-ketoacyl-ACP reductase	1.953	1.771
YpesChrORF_YPO1601_s_at	fabF	3-oxoacyl-ACP synthase	2.216	2.334
YpesChrORF_YPO1603_s_at	pabC	4-amino-4-deoxychorismate lyase	1.913	2.091
YpesChrORF_YPO1605_s_at	tmk	thymidylate kinase	1.987	1.711
YpesChrORF_YPO1607_s_at	YPO1607	metallodependent hydrolase	3.839	3.142
YpesChrORF_YPO1608_s_at	ptsG	PTS system glucose-specific transporter subunits IIBC	2.68	2.642
YpesChrORF_YPO1611_s_at	YPO1611	purine nucleoside phosphoramidase	2.61	2.317
YpesChrORF_YPO1613_s_at	YPO1613	lipoprotein	2.051	1.69
YpesChrORF_YPO1615_s_at	ycfO	beta-hexosaminidase	3.656	1.837
YpesChrORF_YPO1617_s_at	ndh	NADH dehydrogenase	2.31	2.511
YpesChrORF_YPO1620_s_at	YPO1620	hypothetical protein	2.197	1.721
YpesChrORF_YPO1624_s_at	ycfJ	hypothetical protein	3.069	2.927
YpesChrORF_YPO1627_s_at	lolD	lipoprotein transporter ATP-binding protein	1.804	1.854
YpesChrORF_YPO1629_s_at	YPO1629	N-acetyl-D-glucosamine kinase	2.695	2.274
YpesChrORF_YPO1631_s_at	pepT	peptidase T	3.357	2.563
YpesChrORF_YPO1632_s_at	YPO1632	hypothetical protein	3.567	3.019
YpesChrORF_YPO1634_s_at	phoP	DNA-binding transcriptional regulator PhoP	1.928	1.954
YpesChrORF_YPO1635_s_at	YPO1635	lipoprotein	2.612	2.341
YpesChrORF_YPO1637_s_at	YPO1637	hypothetical protein	2.955	2.009
YpesChrORF_YPO1639_s_at	YPO1639	hypothetical protein	2.665	2.779
YpesChrORF_YPO1641_s_at	icdA	isocitrate dehydrogenase	2.218	2.098
YpesChrORF_YPO1643_s_at	YPO1643	hypothetical protein	3.012	2.054
YpesChrORF_YPO1644_s_at	aer	methyl-accepting chemotaxis protein	2.305	2.176
YpesChrORF_YPO1645_s_at	YPO1645	hypothetical protein	2.84	2.813
YpesChrORF_YPO1648_s_at	YPO1648	phosphoanhydride phosphorylase	2.161	2.406
YpesChrORF_YPO1649_s_at	YPO1649	hypothetical protein	2.001	2.125
YpesChrORF_YPO1650_s_at	YPO1650	hypothetical protein	3.723	2.764
YpesChrORF_YPO1651_s_at	YPO1651	AsnC family transcriptional regulator	2.486	1.92
YpesChrORF_YPO1653_s_at	YPO1653	zinc-binding dehydrogenase	2.918	1.664
YpesChrORF_YPO1654_s_at	lacZ	beta-D-galactosidase	2.012	1.826
YpesChrORF_YPO1656_s_at	YPO1656	hypothetical protein	2.518	1.641
YpesChrORF_YPO1661_s_at	mgtB	Mg(2+) transport ATPase protein B	1.725	1.773
YpesChrORF_YPO1665_s_at	motB	flagellar motor protein MotB	2.515	2.228
YpesChrORF_YPO1667_s_at	cheW	purine-binding chemotaxis protein	3.3	1.919
YpesChrORF_YPO1669_s_at	YPO1669	hypothetical protein	2.895	1.647
YpesChrORF_YPO1670_s_at	YPO1670	hypothetical protein	2.589	2.7
YpesChrORF_YPO1673_s_at	YPO1673	hypothetical protein	2.645	2.181
YpesChrORF_YPO1674_s_at	YPO1674	hypothetical protein	3.353	3
YpesChrORF_YPO1675_s_at	cheD	methyl-accepting chemotaxis protein	2.778	1.966
YpesChrORF_YPO1679_s_at	cheB	chemotaxis-specific methylesterase	2.695	2.214
YpesChrORF_YPO1682_s_at	YPO1682	hypothetical protein	3.189	2.279
YpesChrORF_YPO1683_s_at	YPO1683	N-acetylmuramoyl-L-alanine amidase	3.05	1.845
YpesChrORF_YPO1686_s_at	YPO1686	hypothetical protein	1.703	1.681
YpesChrORF_YPO1687_s_at	alr	alanine racemase	2.736	2.22
YpesChrORF_YPO1688_s_at	YPO1688	hypothetical protein	2.491	2.62
YpesChrORF_YPO1689_s_at	YPO1689	lipoprotein	3.62	3.078
YpesChrORF_YPO1695_s_at	YPO1695	hypothetical protein	2.6	1.918
YpesChrORF_YPO1696_s_at	YPO1696	outer membrane usher protein	2.954	2.781
YpesChrORF_YPO1699_s_at	YPO1699	hypothetical protein	2.734	2.874
YpesChrORF_YPO1700_s_at	YPO1700	hypothetical protein	2.48	1.652
YpesChrORF_YPO1701_s_at	YPO1701	hypothetical protein	3.074	1.694
YpesChrORF_YPO1702_s_at	yebS	hypothetical protein	2.012	2.204
YpesChrORF_YPO1704_s_at	proQ	solute/DNA competence effector	2.561	1.669
YpesChrORF_YPO1707_s_at	YPO1707	fimbrial protein	4.404	4.01
YpesChrORF_YPO1709_s_at	htrE	outer membrane usher protein	2.347	2.274
YpesChrORF_YPO1711_s_at	YPO1711	chaperone protein	2.126	2.221
YpesChrORF_YPO1712_s_at	YPO1712	transport protein	3.13	2.441
YpesChrORF_YPO1714_s_at	kdgR	IclR family transcriptional regulator	2.894	2.599
YpesChrORF_YPO1717_s_at	ydjM	hypothetical protein	2.563	2.695
YpesChrORF_YPO1718_s_at	YPO1718	hypothetical protein	2.004	1.82
YpesChrORF_YPO1719_s_at	YPO1719	sugar-binding protein	2.315	2.439
YpesChrORF_YPO1721_s_at	YPO1721	sugar ABC transporter (permease)	3.415	2.154
YpesChrORF_YPO1732_s_at	YPO1732	hypothetical protein	3.816	2.13
YpesChrORF_YPO1733_s_at	YPO1733	hypothetical protein	2.579	1.85
YpesChrORF_YPO1734_s_at	YPO1734	hypothetical protein	2.709	1.749
YpesChrORF_YPO1735_s_at	YPO1735	ABC transporter ATP-binding protein	2.872	2.615
YpesChrORF_YPO1736_s_at	YPO1736	hypothetical protein	3.001	1.854
YpesChrORF_YPO1738_s_at	YPO1738	hypothetical protein	2.77	1.951
YpesChrORF_YPO1739_s_at	YPO1739	hypothetical protein	2.498	2.25
YpesChrORF_YPO1740_s_at	YPO1740	hypothetical protein	2.105	1.657
YpesChrORF_YPO1741_s_at	YPO1741	hypothetical protein	2.384	1.644
YpesChrORF_YPO1742_s_at	YPO1742	hypothetical protein	2.85	2.018
YpesChrORF_YPO1743_s_at	aroP	aromatic amino acid transport protein	3.301	2.579
YpesChrORF_YPO1745_at	YPO1745	hypothetical protein	3.62	2.454
YpesChrORF_YPO1746_at	cspC	cold shock-like protein CspC	3.148	2.053
YpesChrORF_YPO1748_s_at	rrmA	23S rRNA (guanine(745)-N(1))-methyltransferase	3.326	3.031
YpesChrORF_YPO1753_s_at	fcuA	ferrichrome receptor protein	2.938	2.862
YpesChrORF_YPO1756_s_at	manZ	PTS system mannose-specific transporter subunit IID	2.403	2.449
YpesChrORF_YPO1757_s_at	manY	PTS system mannose-specific transporter subunit C	2.581	1.994
YpesChrORF_YPO1758_s_at	gptB	PTS system mannose-specific transporter subunit IIAB	2.554	2.79
YpesChrORF_YPO1764_s_at	hpaD	3,4-dihydroxyphenylacetate 2,3-dioxygenase	2.14	2.116
YpesChrORF_YPO1765_s_at	hpaF	5-carboxymethyl-2-hydroxymuconate delta-isomerase	2.57	2.431
YpesChrORF_YPO1766_s_at	hpaH	2-oxo-hepta-3-ene-1,7-dioic acid hydratase	2.655	2.877
YpesChrORF_YPO1768_s_at	hpaX	4-hydroxyphenylacetate permease	2.572	2.833
YpesChrORF_YPO1771_s_at	sdaA	L-serine dehydratase	2.698	2.737
YpesChrORF_YPO1772_s_at	YPO1772	hypothetical protein	1.937	1.754
YpesChrORF_YPO1773_s_at	pabB	para-aminobenzoate synthase component I	1.846	1.864
YpesChrORF_YPO1774_s_at	YPO1774	hypothetical protein	3.342	2.015
YpesChrORF_YPO1775_s_at	purT	phosphoribosylglycinamide formyltransferase 2	2.525	1.636
YpesChrORF_YPO1776_s_at	dbpA	ATP-dependent RNA helicase DbpA	3.046	2.017
YpesChrORF_YPO1778_s_at	YPO1778	hypothetical protein	2.264	2.164
YpesChrORF_YPO1780_s_at	ptrB	oligopeptidase B	2.719	2.832
YpesChrORF_YPO1781_s_at	pip	proline iminopeptidase	2.905	2.208
YpesChrORF_YPO1782_s_at	holE	DNA polymerase III subunit theta	2.886	1.761
YpesChrORF_YPO1783_s_at	ftn	ferritin	2.639	2.358
YpesChrORF_YPO1785_s_at	YPO1785	copper resistance protein D	3.296	3.214
YpesChrORF_YPO1786_s_at	yebY	hypothetical protein	2.61	2.192
YpesChrORF_YPO1787_at			3.176	2.042
YpesChrORF_YPO1788_at	YPO1788	acyl carrier protein	4.24	2.64
YpesChrORF_YPO1790_s_at	flhB	flagellar biosynthesis protein FlhB	2.715	2.96
YpesChrORF_YPO1798_s_at	flgA	flagellar basal body P-ring biosynthesis protein FlgA	3.35	3.252
YpesChrORF_YPO1800_s_at	flgC	flagellar basal body rod protein FlgC	3.094	2.183
YpesChrORF_YPO1801_s_at	flgD	flagellar basal body rod modification protein	3.373	2.909
YpesChrORF_YPO1803_s_at	flgF	flagellar basal body rod protein FlgF	2.57	2.278
YpesChrORF_YPO1804_s_at	YPO1804	flagellar basal-body rod protein FlgG	3.423	3.013
YpesChrORF_YPO1805_s_at	flgH	flagellar basal body L-ring protein	2.547	1.697
YpesChrORF_YPO1806_s_at	flgI	flagellar basal body P-ring biosynthesis protein FlgA	2.851	1.808
YpesChrORF_YPO1808_s_at	flgK	flagellar hook-associated protein FlgK	2.837	2.524
YpesChrORF_YPO1809_s_at	flgL	flagellar hook-associated protein FlgL	2.863	2.146
YpesChrORF_YPO1814_s_at	YPO1814	sugar ABC transporter ATP-binding protein	2.845	2.895
YpesChrORF_YPO1815_s_at	YPO1815	sugar ABC transporter permease	3.069	1.916
YpesChrORF_YPO1820_s_at	fliP	flagellar biosynthesis protein FliP	2.373	2.64
YpesChrORF_YPO1820a_s_at	fliQ	flagellar biosynthesis protein FliQ	2.043	2.036
YpesChrORF_YPO1821_s_at	fliO	flagellar protein FliO	3.413	1.871
YpesChrORF_YPO1826_s_at	fliJ	flagellar biosynthesis chaperone	2.25	2.349
YpesChrORF_YPO1830_s_at	fliF	flagellar MS-ring protein	2.331	2.362
YpesChrORF_YPO1831_s_at	fliE	flagellar hook-basal body protein FliE	5.251	4.906
YpesChrORF_YPO1837_s_at	YPO1837	AraC family transcriptional regulator	2.455	2.204
YpesChrORF_YPO1839_s_at	fliT	flagellar biosynthesis protein FliT	3.116	3.013
YpesChrORF_YPO1840_s_at	fliS	flagellar protein FliS	3.023	2.373
YpesChrORF_YPO1842_s_at	fliC	flagellin	2.412	2.666
YpesChrORF_YPO1843_s_at	fliA	flagellar biosynthesis sigma factor	1.771	1.929
YpesChrORF_YPO1844_s_at	fliZ	flagella biosynthesis protein FliZ	4.693	3.202
YpesChrORF_YPO1845_s_at	yedO	D-cysteine desulfhydrase	3.005	3.301
YpesChrORF_YPO1850_s_at	YPO1850	hypothetical protein	1.965	1.831
YpesChrORF_YPO1851_s_at	putA	trifunctional transcriptional regulator/proline dehydrogenase/pyrroline-5-carboxylate dehydrogenase	3.082	2.139
YpesChrORF_YPO1852_s_at			2.412	2.471
YpesChrORF_YPO1854_s_at	YPO1854	hypothetical protein	2.036	2.155
YpesChrORF_YPO1856_s_at	YPO1856	hypothetical protein	2.195	1.707
YpesChrORF_YPO1857_s_at	wrbA	TrpR binding protein WrbA	1.974	1.792
YpesChrORF_YPO1858_s_at	YPO1858	N-acetylneuraminic acid mutarotase	3.015	2.403
YpesChrORF_YPO1859_s_at	cycA	D-alanine/D-serine/glycine permease	2.745	1.81
YpesChrORF_YPO1860_s_at	ail	attachment invasion locus protein	2.851	3.107
YpesChrORF_YPO1862_s_at	YPO1862	hypothetical protein	3.701	2.988
YpesChrORF_YPO1865_s_at	uvrY	response regulator	2.431	1.655
YpesChrORF_YPO1866_s_at	uvrC	excinuclease ABC subunit C	3.418	2.913
YpesChrORF_YPO1868_at	YPO1868	hypothetical protein	2.358	2.43
YpesChrORF_YPO1869_s_at			2.875	2.413
YpesChrORF_YPO1870_at	YPO1870	hypothetical protein	2.396	2.053
YpesChrORF_YPO1875_s_at			3.505	1.822
YpesChrORF_YPO1879_s_at	YPO1879	hypothetical protein	1.858	1.867
YpesChrORF_YPO1889_at			2.893	3.009
YpesChrORF_YPO1890_s_at	YPO1890	GntR family transcriptional regulator	2.233	2.289
YpesChrORF_YPO1891_at			1.856	1.866
YpesChrORF_YPO1892_s_at	YPO1892	oxidoreductase	2.929	3.065
YpesChrORF_YPO1893_s_at	YPO1893	exported solute-binding protein	3.416	2.999
YpesChrORF_YPO1896_s_at	YPO1896	pseudo	2.166	2.014
YpesChrORF_YPO1904_at	YPO1904	transcriptional regulator	2.853	2.137
YpesChrORF_YPO1905_s_at	YPO1905	pseudo	3.114	2.31
YpesChrORF_YPO1905a_s_at			2.337	1.729
YpesChrORF_YPO1906_s_at	fyuA	pesticin/yersiniabactin receptor protein	2.74	2.277
YpesChrORF_YPO1908_at	irp4	yersiniabactin biosynthetic protein YbtT	2.275	1.752
YpesChrORF_YPO1909_s_at	irp3	yersiniabactin biosynthetic protein YbtU	3.687	2.884
YpesChrORF_YPO1910_s_at	irp1	yersiniabactin biosynthetic protein	2.447	2.648
YpesChrORF_YPO1911_s_at	irp2	yersiniabactin biosynthetic protein	1.914	2.053
YpesChrORF_YPO1913_s_at	irp6	lipoprotein inner membrane ABC transporter	3.176	2.225
YpesChrORF_YPO1914_s_at	irp7	ABC transporter permease	2.331	2.332
YpesChrORF_YPO1916_s_at	ybtS	salicylate synthase Irp9	1.887	1.725
YpesChrORF_YPO1917_s_at	int	integrase	3.918	3.258
YpesChrORF_YPO1918_s_at	YPO1918	pili assembly chaperone	2.843	1.886
YpesChrORF_YPO1919_s_at	YPO1919	hypothetical protein	2.468	2.566
YpesChrORF_YPO1920_s_at	YPO1920	fimbrial usher protein	2.858	2.576
YpesChrORF_YPO1922_s_at	YPO1922	fimbrial protein	2.032	2.018
YpesChrORF_YPO1925_s_at	YPO1925	two-component response regulator	3.765	2.213
YpesChrORF_YPO1926_s_at	YPO1926	4-hydroxybutyrate CoA-transferase	2.404	2.506
YpesChrORF_YPO1927_s_at	YPO1927	transcription regulatory protein	2.867	2.639
YpesChrORF_YPO1928_s_at	YPO1928	citrate lyase subunit beta	3.034	2.063
YpesChrORF_YPO1929_s_at	YPO1929	LysR family transcriptional regulator	3.394	2.727
YpesChrORF_YPO1932_s_at	YPO1932	sugar transporter	2.14	1.873
YpesChrORF_YPO1938_s_at	YPO1938	deoR family transcriptional regulator	2.53	2.055
YpesChrORF_YPO1939_s_at	YPO1939	glutaminase	2.116	1.903
YpesChrORF_YPO1941_s_at	YPO1941	hypothetical protein	2.586	1.717
YpesChrORF_YPO1943_s_at	YPO1943	hypothetical protein	3.444	3.324
YpesChrORF_YPO1944_s_at	YPO1944	hypothetical protein	2.118	2.343
YpesChrORF_YPO1947_s_at	YPO1947	thioredoxin	2.644	2.111
YpesChrORF_YPO1949_s_at	tehB	tellurite resistance protein TehB	3.908	1.851
YpesChrORF_YPO1950_s_at	YPO1950	endopeptidase	3.151	2.512
YpesChrORF_YPO1952_s_at	hmsF	outer membrane N-deacetylase	1.924	1.961
YpesChrORF_YPO1953_s_at	hmsR	N-glycosyltransferase	3.389	3.099
YpesChrORF_YPO1955_s_at	YPO1955	acetyltransferase	3.791	3.576
YpesChrORF_YPO1956_s_at	YPO1956	hypothetical protein	3.765	1.971
YpesChrORF_YPO1958_s_at	chaA	calcium/sodium:proton antiporter	3.052	2.205
YpesChrORF_YPO1960_s_at	YPO1960	GntR family transcriptional regulator	2.272	1.693
YpesChrORF_YPO1961_at			3.045	1.982
YpesChrORF_YPO1963_s_at	astA	arginine succinyltransferase	2.649	2.286
YpesChrORF_YPO1964_s_at	astD	succinylglutamic semialdehyde dehydrogenase	3.306	3.363
YpesChrORF_YPO1965_s_at	astB	succinylarginine dihydrolase	3.221	2.258
YpesChrORF_YPO1966_s_at	astE	succinylglutamate desuccinylase	2.546	1.698
YpesChrORF_YPO1968_s_at	y1093	transposase for insertion sequence IS100	2.767	2.861
YpesChrORF_YPO1972_s_at	hutI	imidazolonepropionase	1.67	1.723
YpesChrORF_YPO1974_s_at	YPO1974	N-formimino-L-glutamate deiminase	2.203	2.303
YpesChrORF_YPO1975_s_at	YPO1975	hypothetical protein	3.203	2.63
YpesChrORF_YPO1976_s_at	YPO1976	hypothetical protein	3.472	2.41
YpesChrORF_YPO1980_s_at	YPO1980	hypothetical protein	3.009	2.448
YpesChrORF_YPO1982_s_at	YPO1982	dehydrogenase	2.387	2.416
YpesChrORF_YPO1983_at	YPO1983	glycosyl transferase	3.031	2.941
YpesChrORF_YPO1983_s_at	YPO1983	glycosyl transferase	2.144	2.225
YpesChrORF_YPO1984_s_at	YPO1984	hypothetical protein	2.765	2.042
YpesChrORF_YPO1985_s_at	YPO1985	glycosyl transferase	2.332	1.713
YpesChrORF_YPO1989_s_at	YPO1989	hypothetical protein	3.174	2.282
YpesChrORF_YPO1990_s_at	YPO1990	hypothetical protein	3.642	2.531
YpesChrORF_YPO1991_s_at	YPO1991	hypothetical protein	2.503	2.131
YpesChrORF_YPO1992_s_at	YPO1992	hypothetical protein	2.208	2.345
YpesChrORF_YPO1993_s_at	YPO1993	dehydrogenase	3.487	1.954
YpesChrORF_YPO1994_s_at	YPO1994	hypothetical protein	2.007	1.787
YpesChrORF_YPO1995_s_at	YPO1995	hypothetical protein	3.006	2.035
YpesChrORF_YPO1996_s_at	YPO1996	hypothetical protein	2.538	1.755
YpesChrORF_YPO1997_s_at	YPO1997	hypothetical protein	2.911	2.546
YpesChrORF_YPO1999_s_at	YPO1999	decarboxylase	4.365	3.349
YpesChrORF_YPO2000_s_at	YPO2000	two-component system sensor protein	2.651	1.777
YpesChrORF_YPO2001_s_at	copR	transcriptional activator	1.776	1.641
YpesChrORF_YPO2003_s_at	YPO2003	flavodoxin	2.611	2.03
YpesChrORF_YPO2004_s_at	YPO2004	hypothetical protein	2.83	1.81
YpesChrORF_YPO2006_s_at	YPO2006	hypothetical protein	3.464	3.192
YpesChrORF_YPO2009_s_at	YPO2009	integrase core domain-containing protein	2.91	2.248
YpesChrORF_YPO2009a_at	YPO2009a	pseudo	4.129	4.046
YpesChrORF_YPO2012_s_at	YPO2012	hypothetical protein	3.194	2.271
YpesChrORF_YPO2014_s_at	ipk	4-diphosphocytidyl-2C-methyl-D-erythritol kinase	2.057	2.082
YpesChrORF_YPO2015_s_at	lolB	molecular chaperone LolB	3.134	2.246
YpesChrORF_YPO2016_s_at	hemA	glutamyl-tRNA reductase	2.088	1.772
YpesChrORF_YPO2017_s_at	prfA	peptide chain release factor 1	3.077	2.617
YpesChrORF_YPO2018_s_at	YPO2018	N5-glutamine S-adenosyl-L-methionine-dependent methyltransferase	2.218	2.455
YpesChrORF_YPO2020_s_at	YPO2020	transcriptional regulator	3.228	2.663
YpesChrORF_YPO2021_s_at	kdsA	2-dehydro-3-deoxyphosphooctonate aldolase	2.604	2.764
YpesChrORF_YPO2029_s_at	YPO2029	hypothetical protein	2.256	2.111
YpesChrORF_YPO2035_s_at	YPO2035	hypothetical protein	2.082	1.973
YpesChrORF_YPO2038_s_at	YPO2038	hypothetical protein	3.242	1.805
YpesChrORF_YPO2040_s_at	YPO2040	multidrug resistance protein MdtH	2.998	3.202
YpesChrORF_YPO2042_s_at	YPO2042	oxidoreductase	2.342	2.451
YpesChrORF_YPO2044_s_at	YPO2044	hemolysin activator protein	2.599	2.147
YpesChrORF_YPO2049_s_at	YPO2049	hypothetical protein	2.293	2.436
YpesChrORF_YPO2051_s_at	YPO2051	hypothetical protein	3.019	1.89
YpesChrORF_YPO2052_s_at	YPO2052	hypothetical protein	1.9	2.009
YpesChrORF_YPO2054_s_at	ntpA	dATP pyrophosphohydrolase	2.843	2.233
YpesChrORF_YPO2055_s_at	YPO2055	hypothetical protein	2.353	2.473
YpesChrORF_YPO2056_s_at	ruvC	Holliday junction resolvase	2.679	1.923
YpesChrORF_YPO2058_s_at	ruvB	Holliday junction DNA helicase RuvB	2.264	2.078
YpesChrORF_YPO2059_s_at	znuB	high-affinity zinc transporter membrane protein	2.051	1.926
YpesChrORF_YPO2060_s_at	znuC	high-affinity zinc transporter ATPase	3.466	2.442
YpesChrORF_YPO2061_s_at	znuA	high-affinity zinc transporter substrate-binding protein	4.316	4.263
YpesChrORF_YPO2065_s_at	hexR	DNA-binding transcriptional regulator HexR	3.295	2.825
YpesChrORF_YPO2067_s_at	eda	keto-hydroxyglutarate-aldolase/keto-deoxy-phosphogluconate aldolase	3.038	2.244
YpesChrORF_YPO2068_s_at	YPO2068	hypothetical protein	2.854	2.764
YpesChrORF_YPO2070_s_at	YPO2070	hypothetical protein	3.469	2.387
YpesChrORF_YPO2072_s_at	YPO2072	hypothetical protein	1.996	2.232
YpesChrORF_YPO2074_s_at	fadD	long-chain-fatty-acid--CoA ligase	1.954	2.005
YpesChrORF_YPO2075_s_at	rnd	ribonuclease D	2.997	1.665
YpesChrORF_YPO2077_s_at	minD	cell division inhibitor MinD	2.741	2.451
YpesChrORF_YPO2080_s_at	YPO2080	hypothetical protein	2.096	1.828
YpesChrORF_YPO2088_s_at	YPO2088	methyltransferase	2.338	2.52
YpesChrORF_YPO2089_s_at	ninB	hypothetical protein	3.77	2.918
YpesChrORF_YPO2092_at			3.258	2.853
YpesChrORF_YPO2094_at			2.24	1.716
YpesChrORF_YPO2095_s_at	YPO2095	hypothetical protein	3.044	2.843
YpesChrORF_YPO2096_at	YPO2096	hypothetical protein	2.321	2.422
YpesChrORF_YPO2100_s_at	YPO2100	phage regulatory protein	3.485	2.784
YpesChrORF_YPO2101_s_at	YPO2101	hypothetical protein	2.45	2.143
YpesChrORF_YPO2102_s_at	YPO2102	hypothetical protein	2.613	2.729
YpesChrORF_YPO2109_s_at	YPO2109	hypothetical protein	1.87	1.933
YpesChrORF_YPO2111_s_at	YPO2111	hypothetical protein	2.854	2.202
YpesChrORF_YPO2112_s_at	YPO2112	hypothetical protein	3.008	1.946
YpesChrORF_YPO2116_s_at	YPO2116	hypothetical protein	2.593	1.709
YpesChrORF_YPO2118_at	YPO2118	hypothetical protein	2.494	2.387
YpesChrORF_YPO2120_s_at	YPO2120	hypothetical protein	2.382	2.119
YpesChrORF_YPO2122_s_at	YPO2122	hypothetical protein	2.799	2.762
YpesChrORF_YPO2125_at			2.696	1.832
YpesChrORF_YPO2126_s_at	YPO2126	hypothetical protein	3.45	2.876
YpesChrORF_YPO2128_at	YPO2128	phage-like lipoprotein	2.159	2.159
YpesChrORF_YPO2129_s_at	YPO2129	phage tail assembly protein	2.603	2.824
YpesChrORF_YPO2130_at			2.06	2.108
YpesChrORF_YPO2131_s_at	YPO2131	phage host specificity protein	1.934	2.09
YpesChrORF_YPO2132_s_at	YPO2132	hypothetical protein	2.037	1.881
YpesChrORF_YPO2134_s_at	YPO2134	phage tail fiber assembly protein	2.881	2.151
YpesChrORF_YPO2137_s_at	YPO2137	hypothetical protein	2.952	3.11
YpesChrORF_YPO2138_s_at	YPO2138	aminotransferase	3.11	2.464
YpesChrORF_YPO2139_s_at	YPO2139	hypothetical protein	2.41	2.519
YpesChrORF_YPO2140_s_at	YPO2140	hypothetical protein	2.849	2.08
YpesChrORF_YPO2142_at	nhaB	sodium/proton antiporter	3.158	3.331
YpesChrORF_YPO2145_s_at	YPO2145	SpoVR family protein	3.246	2.283
YpesChrORF_YPO2147_s_at	dadA	D-amino acid dehydrogenase small subunit	2.085	1.942
YpesChrORF_YPO2148_s_at	YPO2148	multidrug resistance protein	3.201	2.776
YpesChrORF_YPO2150_s_at	YPO2150	LysR family transcriptional regulator	2.47	2.258
YpesChrORF_YPO2155_s_at	YPO2155	hypothetical protein	2.519	2.471
YpesChrORF_YPO2157_s_at	gapA	glyceraldehyde 3-phosphate dehydrogenase A	2.313	1.68
YpesChrORF_YPO2159_s_at	YPO2159	hypothetical protein	3.055	1.925
YpesChrORF_YPO2163_s_at	YPO2163	hypothetical protein	2.364	2.208
YpesChrORF_YPO2164_s_at	selD	selenophosphate synthetase	3.245	2.335
YpesChrORF_YPO2165_s_at	topB	DNA topoisomerase III	3.258	3.102
YpesChrORF_YPO2174_s_at	YPO2174	nucleotide sugar dehydrogenase	3.696	2.203
YpesChrORF_YPO2175_s_at	hns	global DNA-binding transcriptional dual regulator H-NS	2.649	1.886
YpesChrORF_YPO2180_s_at	adhE	bifunctional acetaldehyde-CoA/alcohol dehydrogenase	2.811	2.461
YpesChrORF_YPO2181_s_at	YPO2181	hypothetical protein	3.615	3.257
YpesChrORF_YPO2182_s_at	oppA	periplasmic oligopeptide-binding protein	1.696	1.88
YpesChrORF_YPO2185_s_at	oppD	oligopeptide transporter ATP-binding component	2.403	2.637
YpesChrORF_YPO2186_s_at	oppF	oligopeptide transport ATP-binding protein	2.369	2.578
YpesChrORF_YPO2188_s_at	cls	cardiolipin synthetase	1.853	1.766
YpesChrORF_YPO2190_s_at	ail	attachment invasion locus protein	3.62	2.036
YpesChrORF_YPO2192_s_at	YPO2192	hypothetical protein	3.817	2.732
YpesChrORF_YPO2200_s_at	YPO2200	hypothetical protein	3.023	1.933
YpesChrORF_YPO2202_s_at	YPO2202	lipoprotein	2.085	2.287
YpesChrORF_YPO2203_s_at	trpA	tryptophan synthase subunit alpha	2.456	1.887
YpesChrORF_YPO2204_s_at	trpB	tryptophan synthase subunit beta	2.489	2.201
YpesChrORF_YPO2205_s_at	trpC	bifunctional indole-3-glycerol phosphate synthase/phosphoribosylanthranilate isomerase	1.804	1.836
YpesChrORF_YPO2207_at	trpG	anthranilate synthase component II	2.206	2.249
YpesChrORF_YPO2208_s_at	trpE	anthranilate synthase component I	2.739	1.808
YpesChrORF_YPO2209_at	YPO2209	trp operon leader peptide	2.028	2.005
YpesChrORF_YPO2210_at	YPO2210	hypothetical protein	2.801	3.034
YpesChrORF_YPO2211_s_at	trpH	hypothetical protein	3.346	2.862
YpesChrORF_YPO2213_s_at	YPO2213	23S rRNA pseudouridylate synthase B	1.981	2.055
YpesChrORF_YPO2214_s_at	btuR	cob(I)yrinic acid a,c-diamide adenosyltransferase	2.375	2.515
YpesChrORF_YPO2215_s_at	YPO2215	short chain dehydrogenase	3.295	2.817
YpesChrORF_YPO2216_s_at	sohB	periplasmic protease	3.102	2.923
YpesChrORF_YPO2217_s_at	YPO2217	hypothetical protein	1.941	1.695
YpesChrORF_YPO2219_s_at	cysB	transcriptional regulator CysB	2.511	1.765
YpesChrORF_YPO2221_s_at	acnA	aconitate hydratase	4.555	4.043
YpesChrORF_YPO2225_s_at	YPO2225	hypothetical protein	3.553	2.886
YpesChrORF_YPO2226_s_at	YPO2226	hypothetical protein	3.685	2.12
YpesChrORF_YPO2228_s_at	YPO2228	translation initiation factor Sui1	3.136	3.2
YpesChrORF_YPO2231_s_at	YPO2231	hypothetical protein	2.749	2.304
YpesChrORF_YPO2233_s_at	YPO2233	hypothetical protein	2.667	2.365
YpesChrORF_YPO2234_s_at	cstA	carbon starvation protein A	2.613	1.81
YpesChrORF_YPO2235_s_at	rnb	exoribonuclease II	2.883	2.123
YpesChrORF_YPO2238_s_at	YPO2238	hypothetical protein	2.599	1.963
YpesChrORF_YPO2240_s_at	YPO2240	electron transport complex RsxE subunit	2.937	2.406
YpesChrORF_YPO2241_s_at	YPO2241	electron transport complex protein RnfG	2.023	1.683
YpesChrORF_YPO2242_s_at	rnfD	electron transport complex protein RnfD	3.309	3.236
YpesChrORF_YPO2244_s_at	YPO2244	electron transport complex protein RnfC	2.226	1.947
YpesChrORF_YPO2245_s_at	YPO2245	electron transport complex protein RnfB	3.27	1.82
YpesChrORF_YPO2253_s_at	araA	L-arabinose isomerase	2.564	1.946
YpesChrORF_YPO2256_s_at	araG	L-arabinose transporter ATP-binding protein	2.458	2.342
YpesChrORF_YPO2259_s_at	YPO2259	oxidoreductase	2.925	2.01
YpesChrORF_YPO2260_s_at	YPO2260	hypothetical protein	2.911	2.968
YpesChrORF_YPO2265_s_at	tus	DNA replication terminus site-binding protein	3.368	3.078
YpesChrORF_YPO2266_s_at	YPO2266	hypothetical protein	3.951	3.805
YpesChrORF_YPO2268_s_at	mlc	ROK family transcriptional regulator	3.029	2.09
YpesChrORF_YPO2270_s_at	YPO2270	voltage-gated ClC-type chloride channel ClcB	3.342	2.429
YpesChrORF_YPO2274_at	YPO2274	hypothetical protein	3.84	2.31
YpesChrORF_YPO2277_at	YPO2277	hypothetical protein	2.172	2.095
YpesChrORF_YPO2281_at			1.838	1.68
YpesChrORF_YPO2282_at	YPO2282	hypothetical protein	2.888	2.535
YpesChrORF_YPO2285_s_at			2.135	2.026
YpesChrORF_YPO2289_s_at	YPO2289	virulence factor	3.284	2.506
YpesChrORF_YPO2290_s_at	YPO2290	virulence factor	2.216	2.314
YpesChrORF_YPO2291_s_at	YPO2291	virulence factor	3.543	2.127
YpesChrORF_YPO2292_s_at	YPO2292	lipoprotein	2.498	2.411
YpesChrORF_YPO2293_s_at	ilvB	acetolactate synthase catalytic subunit	3.231	2.987
YpesChrORF_YPO2295_s_at	YPO2295	nucleotidase	2.806	2.559
YpesChrORF_YPO2296_s_at	YPO2296	pseudo	2.352	2.519
YpesChrORF_YPO2297_s_at			2.328	2.243
YpesChrORF_YPO2298_s_at	phoA	alkaline phosphatase	3.131	2.046
YpesChrORF_YPO2299_s_at	ogt	methylated-DNA--protein-cysteine methyltransferase	4.367	2.74
YpesChrORF_YPO2301_s_at	YPO2301	universal stress protein UspE	3.127	1.986
YpesChrORF_YPO2303_s_at	pntA	NAD(P) transhydrogenase subunit alpha	3.301	2.943
YpesChrORF_YPO2306_s_at	YPO2306	amino acid antiporter	3.17	2.655
YpesChrORF_YPO2307_s_at	YPO2307	hypothetical protein	2.604	1.775
YpesChrORF_YPO2308_s_at	rstA	DNA-binding transcriptional regulator RstA	1.995	2.044
YpesChrORF_YPO2313_s_at	YPO2313	hypothetical protein	3.367	2.72
YpesChrORF_YPO2318_s_at	asr	acid-shock protein	1.646	1.658
YpesChrORF_YPO2321_at	YPO2321	hypothetical protein	2.965	1.826
YpesChrORF_YPO2322_s_at	hrpA	ATP-dependent RNA helicase HrpA	2.601	2.311
YpesChrORF_YPO2323_s_at	acpD	azoreductase	3.769	2.667
YpesChrORF_YPO2326_s_at	YPO2326	hypothetical protein	2	2.047
YpesChrORF_YPO2330_s_at	hslJ	heat-inducible protein	3.139	3.132
YpesChrORF_YPO2331_s_at	YPO2331	lipoprotein	2.9	3.061
YpesChrORF_YPO2332_s_at	YPO2332	Mg(2+) transport ATPase	2.973	2.356
YpesChrORF_YPO2333_s_at	qacE	quaternary ammonium compound-resistance protein	3.027	3.046
YpesChrORF_YPO2334_s_at	nifJ	pyruvate-flavodoxin oxidoreductase	1.827	1.824
YpesChrORF_YPO2335_s_at	YPO2335	C32 tRNA thiolase	3.208	2.43
YpesChrORF_YPO2337_s_at	YPO2337	regulatory protein	3.485	3.115
YpesChrORF_YPO2338_s_at	zntB	zinc transporter	2.259	2.429
YpesChrORF_YPO2342_s_at	tpx	2-Cys peroxiredoxin	4.345	3.343
YpesChrORF_YPO2347_s_at	YPO2347	hypothetical protein	2.399	1.995
YpesChrORF_YPO2349_s_at	pspC	DNA-binding transcriptional activator PspC	2.236	2.039
YpesChrORF_YPO2351_s_at	pspA	phage shock protein PspA	3.33	1.71
YpesChrORF_YPO2355_s_at	sapA	peptide transport periplasmic protein	2.61	2.897
YpesChrORF_YPO2360_s_at	YPO2360	hypothetical protein	2.902	2.335
YpesChrORF_YPO2362_s_at	YPO2362	hypothetical protein	2.949	1.915
YpesChrORF_YPO2363_s_at	YPO2363	hypothetical protein	2.637	1.796
YpesChrORF_YPO2367_s_at	gst	glutathionine S-transferase	2.657	2.262
YpesChrORF_YPO2369_s_at	tyrS	tyrosyl-tRNA synthetase	2.322	2.431
YpesChrORF_YPO2370_s_at	pdxH	pyridoxamine 5'-phosphate oxidase	1.716	1.729
YpesChrORF_YPO2371_s_at	YPO2371	lipoprotein	2.53	2.179
YpesChrORF_YPO2372_s_at	anmK	anhydro-N-acetylmuramic acid kinase	3.516	3.007
YpesChrORF_YPO2373_s_at	pcp	lipoprotein	3.078	2.137
YpesChrORF_YPO2374_s_at	slyA	transcriptional regulator SlyA	2.422	2.66
YpesChrORF_YPO2375_at	YPO2375	aldo/keto reductase	2.621	1.966
YpesChrORF_YPO2376_at	YPO2376	hypothetical protein	2.137	2.14
YpesChrORF_YPO2377_at	YPO2377	cell division protein	2.51	1.719
YpesChrORF_YPO2378_s_at	YPO2378	TetR family transcriptional regulator	2.907	2.843
YpesChrORF_YPO2380_at	sepC	insecticial toxin	2.085	2.145
YpesChrORF_YPO2381_s_at	gloA	lactoylglutathione lyase	3.644	3.745
YpesChrORF_YPO2382_s_at	rnt	ribonuclease T	3.041	2.063
YpesChrORF_YPO2383_s_at	YPO2383	hypothetical protein	2.993	2.399
YpesChrORF_YPO2384_at	YPO2384	hypothetical protein	2.261	2.039
YpesChrORF_YPO2386_s_at	sodB	superoxide dismutase	3.59	2.022
YpesChrORF_YPO2387_s_at	purR	DNA-binding transcriptional repressor PurR	2.686	2.373
YpesChrORF_YPO2388_s_at	YPO2388	DNA-binding transcriptional regulator	2.907	1.918
YpesChrORF_YPO2390_s_at	cfa	cyclopropane fatty acyl phospholipid synthase	2.087	2.26
YpesChrORF_YPO2391_s_at	ribE	riboflavin synthase subunit alpha	2.325	1.813
YpesChrORF_YPO2392_s_at	YPO2392	multidrug efflux protein	2.442	2.27
YpesChrORF_YPO2393_s_at	pykF	pyruvate kinase	2.578	2.431
YpesChrORF_YPO2399_s_at	YPO2399	cysteine desufuration protein SufE	2.756	2.065
YpesChrORF_YPO2402_s_at	sufC	ABC transporter ATP-binding protein	3.057	1.91
YpesChrORF_YPO2403_s_at	YPO2403	cysteine desulfurase	2.257	2.333
YpesChrORF_YPO2405_at			2.524	2.376
YpesChrORF_YPO2407_s_at	YPO2407	hypothetical protein	2.779	2.604
YpesChrORF_YPO2410_s_at	YPO2410	hypothetical protein	3.052	2.481
YpesChrORF_YPO2411_s_at	aroH	3-deoxy-7-phosphoheptulonate synthase	2.412	2.296
YpesChrORF_YPO2414_s_at	lplA	lipoate-protein ligase A	2.779	1.648
YpesChrORF_YPO2415_s_at	nlpC	lipoprotein	1.967	2.081
YpesChrORF_YPO2416_s_at	YPO2416	4-amino-4-deoxy-L-arabinose-phospho-UDP flippase	2.675	1.684
YpesChrORF_YPO2418_s_at	arnT	4-amino-4-deoxy-L-arabinose lipid A transferase	2.18	1.841
YpesChrORF_YPO2419_s_at	YPO2419	4-deoxy-4-formamido-L-arabinose-phosphoundecaprenol deformylase ArnD	2.248	2.224
YpesChrORF_YPO2420_s_at	YPO2420	bifunctional UDP-glucuronic acid decarboxylase/UDP-4-amino-4-deoxy-L-arabinose formyltransferase	2.591	1.7
YpesChrORF_YPO2421_s_at	pmrF	undecaprenyl phosphate 4-deoxy-4-formamido-L-arabinose transferase	3.058	1.847
YpesChrORF_YPO2422_s_at	YPO2422	UDP-4-amino-4-deoxy-L-arabinose--oxoglutarate aminotransferase	3.631	3.152
YpesChrORF_YPO2425_s_at	btuC	vtamin B12-transporter permease	3.593	3.187
YpesChrORF_YPO2426_s_at	YPO2426	hypothetical protein	1.796	1.927
YpesChrORF_YPO2427_s_at	ihfA	integration host factor subunit alpha	3.528	2.406
YpesChrORF_YPO2428_s_at	pheT	phenylalanyl-tRNA synthetase subunit beta	1.889	1.748
YpesChrORF_YPO2429_s_at	pheS	phenylalanyl-tRNA synthetase subunit alpha	3.776	3.489
YpesChrORF_YPO2432_at	infC	translation initiation factor IF-3	3.14	3.285
YpesChrORF_YPO2433_s_at	thrS	threonyl-tRNA synthetase	2.484	2.513
YpesChrORF_YPO2435_at			2.839	2.161
YpesChrORF_YPO2439_s_at	yfeA	substrate-binding protein	2.461	2.48
YpesChrORF_YPO2440_s_at	yfeB	ATP-binding transport protein	4.485	3.148
YpesChrORF_YPO2441_s_at	yfeC	chelated iron transport system membrane protein	2.592	2.444
YpesChrORF_YPO2442_s_at	yfeD	chelated iron transport system membrane protein	2.849	2.418
YpesChrORF_YPO2444_s_at	YPO2444	hypothetical protein	3.164	2.805
YpesChrORF_YPO2446_s_at	YPO2446	2-deoxyglucose-6-phosphatase	2.663	2.102
YpesChrORF_YPO2448_s_at	solA	N-methyltryptophan oxidase	2.558	2.045
YpesChrORF_YPO2449_s_at	YPO2449	LuxR family transcriptional regulator	2.73	2.849
YpesChrORF_YPO2450_s_at	tqsA	transport protein	2.259	2.417
YpesChrORF_YPO2451_s_at	YPO2451	hypothetical protein	2.404	1.729
YpesChrORF_YPO2452_at	YPO2452	hypothetical protein	2.399	2.355
YpesChrORF_YPO2453_s_at			3.124	2.523
YpesChrORF_YPO2458_s_at	YPO2458	LysR family transcriptional regulator	2.673	1.656
YpesChrORF_YPO2466_at			2.639	1.848
YpesChrORF_YPO2468_s_at	YPO2468	hypothetical protein	2.203	2.153
YpesChrORF_YPO2469_at	YPO2469	hypothetical protein	2.242	1.9
YpesChrORF_YPO2470_s_at	YPO2470	hypothetical protein	2.527	2.105
YpesChrORF_YPO2471_s_at	YPO2471	hypothetical protein	2.075	2.335
YpesChrORF_YPO2472_s_at	YPO2472	hypothetical protein	2.508	2.608
YpesChrORF_YPO2473_s_at	YPO2473	hypothetical protein	2.671	2.042
YpesChrORF_YPO2474_s_at	YPO2474	hypothetical protein	3.142	2.547
YpesChrORF_YPO2475_s_at	YPO2475	sugar ABC transporter permease	3.253	2.181
YpesChrORF_YPO2476_s_at	YPO2476	sugar ABC transporter permease	2.373	1.674
YpesChrORF_YPO2478_s_at	YPO2478	LacI family transcriptional regulator	2.638	2.11
YpesChrORF_YPO2479_s_at	manB	phosphomannomutase	2.089	1.938
YpesChrORF_YPO2481_s_at	YPO2481	hypothetical protein	2.21	1.939
YpesChrORF_YPO2482_s_at	YPO2482	hypothetical protein	2.25	2.178
YpesChrORF_YPO2483_s_at	YPO2483	hypothetical protein	3.562	2.503
YpesChrORF_YPO2489_s_at	YPO2489	hypothetical protein	3.797	2.495
YpesChrORF_YPO2492_s_at	YPO2492	dioxygenase subunit beta	2.953	3.22
YpesChrORF_YPO2495_x_at	YPO2495	hypothetical protein	2.899	2.744
YpesChrORF_YPO2496_s_at	YPO2496	tartrate dehydrogenase	2.029	1.776
YpesChrORF_YPO2497_s_at	YPO2497	LysR family transcriptional regulator	2.843	1.693
YpesChrORF_YPO2499_s_at	rbsC	sugar transport system permease	2.262	1.72
YpesChrORF_YPO2500_s_at	rbsA	sugar transport system ATP-binding protein	2.174	2.252
YpesChrORF_YPO2501_s_at	rbsB	sugar binding protein	2.593	2.666
YpesChrORF_YPO2502_s_at	gutB	zinc-binding dehydrogenase	2.887	2.866
YpesChrORF_YPO2503_s_at	YPO2503	hypothetical protein	4.072	3.208
YpesChrORF_YPO2506_s_at	ompX	outer membrane protein X	2.764	1.886
YpesChrORF_YPO2507_s_at	YPO2507	threonine and homoserine efflux system	3.29	3.219
YpesChrORF_YPO2510_s_at	dps	DNA starvation/stationary phase protection protein Dps	2.478	2.659
YpesChrORF_YPO2511_s_at	YPO2511	hypothetical protein	3.926	2.186
YpesChrORF_YPO2513_s_at	glnP	glutamine ABC transporter permease	2.506	2.416
YpesChrORF_YPO2519_s_at	YPO2519	SAM-dependent methyltransferase	2.62	2.884
YpesChrORF_YPO2522_s_at	ybiB	glycosyl transferase family protein	3.688	3.377
YpesChrORF_YPO2524_s_at	menC	O-succinylbenzoate synthase	3.345	2.069
YpesChrORF_YPO2525_s_at	menB	1,4-dihydroxy-2-naphthoyl-CoA synthase	2.659	1.995
YpesChrORF_YPO2526_s_at	YPO2526	acyl-CoA thioester hydrolase	2.578	2.693
YpesChrORF_YPO2527_s_at	menD	2-succinyl-5-enolpyruvyl-6-hydroxy-3-cyclohexene-1-carboxylate synthase	3.344	2.449
YpesChrORF_YPO2530_s_at	YPO2530	hypothetical protein	2.288	1.858
YpesChrORF_YPO2531_s_at	elaB	hypothetical protein	2.278	2.195
YpesChrORF_YPO2532_at			3.191	2.436
YpesChrORF_YPO2533_s_at	edd	phosphogluconate dehydratase	2.378	2.179
YpesChrORF_YPO2535_s_at	YPO2535	sugar transporter	2.818	2.625
YpesChrORF_YPO2537_s_at	YPO2537	LacI family transcriptional regulator	3.591	2.113
YpesChrORF_YPO2538_s_at	YPO2538	lipoprotein	2.736	2.419
YpesChrORF_YPO2541_at	YPO2541	hypothetical protein	2.06	1.825
YpesChrORF_YPO2543_s_at	nuoN	NADH dehydrogenase subunit N	3.009	3.063
YpesChrORF_YPO2544_s_at	nuoM	NADH dehydrogenase subunit M	2.51	2.334
YpesChrORF_YPO2546_s_at	nuoK	NADH dehydrogenase subunit K	2.057	1.796
YpesChrORF_YPO2547_s_at	nuoJ	NADH dehydrogenase subunit J	3.375	2.756
YpesChrORF_YPO2548_s_at	nuoI	NADH dehydrogenase subunit I	2.117	2.246
YpesChrORF_YPO2549_s_at	nuoH	NADH dehydrogenase subunit H	2.454	2.025
YpesChrORF_YPO2550_s_at	nuoG	NADH dehydrogenase subunit G	2.214	2.158
YpesChrORF_YPO2552_s_at	nuoE	NADH dehydrogenase subunit E	1.803	1.883
YpesChrORF_YPO2553_s_at	nuoD	bifunctional NADH:ubiquinone oxidoreductase subunit C/D	2.592	2.677
YpesChrORF_YPO2554_s_at	nuoB	NADH dehydrogenase subunit B	2.45	2.423
YpesChrORF_YPO2556_s_at	hexA	LysR family transcriptional regulator	2.526	1.866
YpesChrORF_YPO2557_at			3.143	1.91
YpesChrORF_YPO2558_s_at	aat	aminotransferase	3.71	2.401
YpesChrORF_YPO2559_s_at	YPO2559	5'-deoxynucleotidase	3.122	2.316
YpesChrORF_YPO2560_at	YPO2560	hypothetical protein	4.074	3.629
YpesChrORF_YPO2561_s_at	YPO2561	ion transport protein	1.764	1.821
YpesChrORF_YPO2562_s_at	YPO2562	phosphatase	2.559	2.676
YpesChrORF_YPO2564_s_at	YPO2564	hypothetical protein	3.187	2.327
YpesChrORF_YPO2568_s_at	YPO2568	LacI family transcriptional regulator	3.414	2.245
YpesChrORF_YPO2573_s_at	YPO2573	hypothetical protein	1.899	2.096
YpesChrORF_YPO2576_s_at	YPO2576	hypothetical protein	3.634	2.567
YpesChrORF_YPO2577_s_at	YPO2577	aldehyde dehydrogenase	2.253	1.673
YpesChrORF_YPO2578_s_at	YPO2578	3D-(3,5/4)-trihydroxycyclohexane-1,2-dione acylhydrolase (decyclizing)	3.073	3.087
YpesChrORF_YPO2582_s_at	YPO2582	sugar transport ATP-binding protein	2.45	2.36
YpesChrORF_YPO2583_s_at	YPO2583	sugar transport system permease	2.07	1.661
YpesChrORF_YPO2585_s_at	YPO2585	carbohydrate kinase	2.87	2.461
YpesChrORF_YPO2586_s_at	YPO2586	hypothetical protein	2.464	2.57
YpesChrORF_YPO2587_s_at	YPO2587	5-deoxy-glucuronate isomerase	2.603	1.726
YpesChrORF_YPO2588_at	YPO2588	ABC transport protein	2.585	2.87
YpesChrORF_YPO2590_s_at	YPO2590	hypothetical protein	3.211	2.8
YpesChrORF_YPO2591_s_at	YPO2591	hypothetical protein	3.697	2.91
YpesChrORF_YPO2593_s_at	YPO2593	LuxR family transcriptional regulator	2.239	1.896
YpesChrORF_YPO2594_s_at	YPO2594	pseudo	3.878	1.969
YpesChrORF_YPO2596_s_at	crcB	camphor resistance protein CrcB	3.897	2.989
YpesChrORF_YPO2597_s_at	tatE	twin-arginine translocation protein TatA	2.28	2.289
YpesChrORF_YPO2600_s_at	YPO2600	hypothetical protein	3.539	2.113
YpesChrORF_YPO2601_s_at	dacA	D-alanyl-D-alanine carboxypeptidase fraction A	1.927	2.113
YpesChrORF_YPO2602_s_at	rlpA	rare lipoprotein A	3.953	2.725
YpesChrORF_YPO2603_s_at	rodA	cell wall shape-determining protein	2.975	1.757
YpesChrORF_YPO2604_s_at	pbpA	penicillin-binding protein 2	2.066	2.27
YpesChrORF_YPO2608_s_at	holA	DNA polymerase III subunit delta	2.306	2.19
YpesChrORF_YPO2609_s_at	rlpB	LPS-assembly lipoprotein RlpB	1.898	1.987
YpesChrORF_YPO2610_s_at	leuS	leucyl-tRNA synthetase	3.123	2.861
YpesChrORF_YPO2611_s_at	YPO2611	hypothetical protein	3.442	3.151
YpesChrORF_YPO2612_s_at	gltL	glutamate/aspartate transport ATP-binding protein	2.499	2.255
YpesChrORF_YPO2615_s_at	glnH	glutamate and aspartate transporter subunit	2.48	1.69
YpesChrORF_YPO2619_s_at	YPO2619	hypothetical protein	2.134	2.183
YpesChrORF_YPO2627_s_at	nagB	glucosamine-6-phosphate deaminase	3	2.481
YpesChrORF_YPO2628_s_at	nagE	PTS system N-acetylglucosamine-specific transporter subunit IIABC	2.672	2.37
YpesChrORF_YPO2630_s_at	glnS	glutaminyl-tRNA synthetase	3.011	1.875
YpesChrORF_YPO2631_s_at	ybfM	hypothetical protein	2.282	2.287
YpesChrORF_YPO2635_s_at	fldA	flavodoxin FldA	1.966	1.946
YpesChrORF_YPO2637_s_at	YPO2637	LexA regulated protein	4.37	3.397
YpesChrORF_YPO2638_s_at	YPO2638	hypothetical protein	4.143	3.295
YpesChrORF_YPO2641_s_at			3.95	2.528
YpesChrORF_YPO2647_s_at	proV	glycine betaine/L-proline transport ATP-binding protein	4.377	3.114
YpesChrORF_YPO2648_s_at	nrdF	ribonucleotide-diphosphate reductase subunit beta	2.285	1.736
YpesChrORF_YPO2649_s_at	nrdE	ribonucleotide-diphosphate reductase subunit alpha	2.866	2.971
YpesChrORF_YPO2652_s_at	asr	acid-shock protein	5.234	3.256
YpesChrORF_YPO2654_s_at	yicN	hypothetical protein	2.876	2.113
YpesChrORF_YPO2659_s_at	cspB	cold shock protein	2.431	1.862
YpesChrORF_YPO2660_s_at	YPO2660	solute-binding protein	2.674	2.559
YpesChrORF_YPO2661_s_at	YPO2661	hypothetical protein	2.954	2.411
YpesChrORF_YPO2662_s_at	YPO2662	binding-protein-dependent transport protein	1.959	1.932
YpesChrORF_YPO2663_s_at	YPO2663	transport ATPase	2.357	2.454
YpesChrORF_YPO2664_s_at	YPO2664	transport ATPase	2.256	2.222
YpesChrORF_YPO2666_s_at	ureB	urease subunit beta	3.941	2.799
YpesChrORF_YPO2667_at	ureC	urease subunit alpha	2.895	1.982
YpesChrORF_YPO2668_s_at	ureE	urease accessory protein UreE	3.668	2.991
YpesChrORF_YPO2670_s_at	ureG	urease accessory protein	2.333	1.632
YpesChrORF_YPO2675_s_at	YPO2675	voltage-gated potassium channel	2.973	1.956
YpesChrORF_YPO2678_s_at	celA	PTS system N,N'-diacetylchitobiose-specific transporter subunit IIB	2.701	2.382
YpesChrORF_YPO2679_s_at	celB	PTS system N,N'-diacetylchitobiose-specific transporter subunit IIC	2.065	1.99
YpesChrORF_YPO2680_s_at	celC	PTS system N,N'-diacetylchitobiose-specific transporter subunit IIA	2.332	2.516
YpesChrORF_YPO2682_s_at	YPO2682	hypothetical protein	2.165	2.256
YpesChrORF_YPO2684_s_at	YPO2684	hypothetical protein	3.644	2.321
YpesChrORF_YPO2685_s_at	seqA	replication initiation regulator SeqA	2.063	2.073
YpesChrORF_YPO2686_s_at	pgm	phosphoglucomutase	4.071	3.372
YpesChrORF_YPO2688_s_at	kdpE	DNA-binding transcriptional activator KdpE	4.281	2.823
YpesChrORF_YPO2689_s_at	kdpD	sensor protein KdpD	3.606	3.353
YpesChrORF_YPO2692_s_at	kdpA	potassium-transporting ATPase subunit A	1.87	2.089
YpesChrORF_YPO2695_s_at	phrB	deoxyribodipyrimidine photolyase	2.521	2.65
YpesChrORF_YPO2699_s_at	YPO2699	hypothetical protein	2.534	1.709
YpesChrORF_YPO2700_s_at	YPO2700	LamB/YcsF family protein	3.343	2.476
YpesChrORF_YPO2701_s_at	YPO2701	hypothetical protein	3.164	2.936
YpesChrORF_YPO2702_s_at	YPO2702	hypothetical protein	2.462	2.756
YpesChrORF_YPO2703_s_at	pcp	pyrrolidone-carboxylate peptidase	3.052	2.369
YpesChrORF_YPO2705_s_at	YPO2705	autonomous glycyl radical cofactor GrcA	2.175	2.029
YpesChrORF_YPO2708_s_at	srmB	ATP-dependent RNA helicase SrmB	3.418	3.49
YpesChrORF_YPO2709_s_at	YPO2709	hypothetical protein	3.39	3.11
YpesChrORF_YPO2710_s_at	nadB	L-aspartate oxidase	3.08	2.378
YpesChrORF_YPO2711_s_at	rpoE	RNA polymerase sigma factor RpoE	2.16	1.769
YpesChrORF_YPO2714_s_at	rseC	SoxR reducing system protein RseC	2.414	2.216
YpesChrORF_YPO2715_s_at	lepA	hypothetical protein	2.924	2.691
YpesChrORF_YPO2717_s_at	lepB	signal peptidase I	2.192	2.437
YpesChrORF_YPO2718_s_at	rnc	ribonuclease III	3.705	1.931
YpesChrORF_YPO2719_s_at	era	GTP-binding protein Era	2.636	2.322
YpesChrORF_YPO2726_s_at	YPO2726	hypothetical protein	2.373	2.001
YpesChrORF_YPO2727_s_at	YPO2727	hypothetical protein	2.332	1.831
YpesChrORF_YPO2728_s_at	YPO2728	hypothetical protein	2.638	1.745
YpesChrORF_YPO2733_s_at	YPO2733	hypothetical protein	2.65	2.243
YpesChrORF_YPO2734_s_at	ccmA	cytochrome c biogenesis protein CcmA	2.343	2.413
YpesChrORF_YPO2737_s_at	ccmD	heme exporter protein D	4.176	2.298
YpesChrORF_YPO2738_s_at	ccmE	cytochrome c-type biogenesis protein CcmE	3.938	2.635
YpesChrORF_YPO2739_s_at	ccmF	cytochrome c-type biogenesis protein	1.953	1.646
YpesChrORF_YPO2740_s_at	ccmG	thiol:disulfide interchange protein DsbE	2.413	2.5
YpesChrORF_YPO2742_s_at			2.534	1.979
YpesChrORF_YPO2743_s_at	vacJ	VacJ lipoprotein	2.573	1.853
YpesChrORF_YPO2744_s_at	fadL	long-chain fatty acid outer membrane transporter	2.753	3.029
YpesChrORF_YPO2746_s_at	fadI	3-ketoacyl-CoA thiolase	3.027	2.401
YpesChrORF_YPO2748_s_at	sixA	phosphohistidine phosphatase	4.844	4.225
YpesChrORF_YPO2749_s_at	YPO2749	hypothetical protein	2.549	1.669
YpesChrORF_YPO2750_s_at	YPO2750	N5-glutamine S-adenosyl-L-methionine-dependent methyltransferase	2.833	3.033
YpesChrORF_YPO2752_s_at	mepA	penicillin-insensitive murein endopeptidase	2.682	1.702
YpesChrORF_YPO2753_s_at	yfcA	hypothetical protein	3.332	2.14
YpesChrORF_YPO2755_s_at	YPO2755	hypothetical protein	2.261	2.495
YpesChrORF_YPO2756_s_at	mnmC	5-methylaminomethyl-2-thiouridine methyltransferase	2.229	1.698
YpesChrORF_YPO2757_s_at	fabB	3-oxoacyl-ACP synthase	3.833	2.339
YpesChrORF_YPO2758_s_at	YPO2758	aspartate/glutamate racemase	2.907	1.963
YpesChrORF_YPO2759_s_at	mrpA	mannose-resistant fimbrial protein	1.802	1.928
YpesChrORF_YPO2760_s_at	flk	flagella biosynthesis regulator	2.31	2.194
YpesChrORF_YPO2761_s_at	YPO2761	hypothetical protein	2.422	2.403
YpesChrORF_YPO2762_s_at	YPO2762	AraC family transcriptional regulator	3.908	3.285
YpesChrORF_YPO2763_s_at	pdxB	D-isomer specific 2-hydroxyacid dehydrogenase	3.207	2.387
YpesChrORF_YPO2765_s_at	asd	semialdehyde dehydrogenase	3.02	2.065
YpesChrORF_YPO2770_s_at	dedD	hypothetical protein	2.037	2.099
YpesChrORF_YPO2774_s_at	hisJ	histidine-binding periplasmic protein	2.37	2.459
YpesChrORF_YPO2775_s_at	hisQ	histidine transport system permease HisQ	3.195	2.507
YpesChrORF_YPO2777_s_at	hisP	histidine/lysine/arginine/ornithine transporter subunit	3.168	2.605
YpesChrORF_YPO2778_s_at	YPO2778	hypothetical protein	2.501	2.633
YpesChrORF_YPO2780_s_at	YPO2780	phosphodiesterase	2.04	1.927
YpesChrORF_YPO2782_s_at	ulaA	PTS system ascorbate-specific transporter subunit IIC	2.643	2.53
YpesChrORF_YPO2793_s_at	YPO2793	hypothetical protein	1.754	1.69
YpesChrORF_YPO2798_s_at			2.763	1.9
YpesChrORF_YPO2801_s_at	YPO2801	hypothetical protein	3.283	2.917
YpesChrORF_YPO2803_s_at	bglB	beta-glucosidase	2.73	2.459
YpesChrORF_YPO2805_s_at	YPO2805	aldo/keto reductase	2.845	2.519
YpesChrORF_YPO2806_s_at	YPO2806	aldo/keto reductase	2.016	1.969
YpesChrORF_YPO2811_at	YPO2811	hypothetical protein	2.881	2.668
YpesChrORF_YPO2815_s_at	YPO2815	acyltransferase	2.52	2.159
YpesChrORF_YPO2817_s_at	YPO2817	CDP-alcohol phosphatidyltransferase	2.55	2.303
YpesChrORF_YPO2819_at			2.613	2.15
YpesChrORF_YPO2820_at	YPO2820	hypothetical protein	3.143	2.223
YpesChrORF_YPO2822_at	YPO2822	hypothetical protein	3.272	3.488
YpesChrORF_YPO2823_at	YPO2823	regulatory protein	2.332	2.321
YpesChrORF_YPO2827_s_at	upp	uracil phosphoribosyltransferase	2.473	2.555
YpesChrORF_YPO2828_s_at	purI	phosphoribosylaminoimidazole synthetase	3.215	2.303
YpesChrORF_YPO2830_s_at	speG	spermidine acetyltransferase	2.901	2.797
YpesChrORF_YPO2833_s_at	pstb	phosphate transporter ATP-binding protein	2.194	2.084
YpesChrORF_YPO2835_s_at	pstC	phosphate transporter permease	1.896	1.981
YpesChrORF_YPO2837_s_at	ppx	exopolyphosphatase	2.853	2.085
YpesChrORF_YPO2838_s_at	yfgG	hypothetical protein	3.997	2.905
YpesChrORF_YPO2839_s_at	mgtE	divalent cation transport protein	3.177	2.643
YpesChrORF_YPO2843_s_at	YPO2843	transport system periplasmic protein	2.549	1.765
YpesChrORF_YPO2844_s_at	goaG	4-aminobutyrate aminotransferase	2.548	2.307
YpesChrORF_YPO2846_s_at	YPO2846	ABC transporter ATP-binding protein	2.381	2.234
YpesChrORF_YPO2847_s_at	yegM	multidrug efflux system subunit MdtA	3.783	2.192
YpesChrORF_YPO2848_s_at	yegN	multidrug efflux system subunit MdtB	2.834	2.038
YpesChrORF_YPO2854_s_at	YPO2854	hypothetical protein	2.046	2.071
YpesChrORF_YPO2855_s_at	YPO2855	protease	3.987	2.713
YpesChrORF_YPO2856_s_at	YPO2856	lipid kinase	3.267	2.603
YpesChrORF_YPO2859_s_at	thiD	phosphomethylpyrimidine kinase	2.337	1.908
YpesChrORF_YPO2863_s_at	YPO2863	hypothetical protein	4.26	3.35
YpesChrORF_YPO2866_s_at	YPO2866	hypothetical protein	4.047	2.269
YpesChrORF_YPO2867_s_at	YPO2867	hypothetical protein	2.823	2.617
YpesChrORF_YPO2870_s_at	guaA	GMP synthase	3.199	2.907
YpesChrORF_YPO2871_s_at	guaB	inosine 5'-monophosphate dehydrogenase	2.54	2.36
YpesChrORF_YPO2873_s_at	YPO2873	hypothetical protein	2.128	2.209
YpesChrORF_YPO2874_s_at	YPO2874	hypothetical protein	1.852	1.969
YpesChrORF_YPO2875_s_at	engA	GTP-binding protein EngA	2.634	2.049
YpesChrORF_YPO2876_s_at	yfgL	outer membrane protein assembly complex subunit YfgL	2.4	2.596
YpesChrORF_YPO2877_s_at	yfgM	hypothetical protein	1.963	2.027
YpesChrORF_YPO2880_s_at	yfgA	cytoskeletal protein RodZ	2.139	1.844
YpesChrORF_YPO2882_s_at	YPO2882	ribosomal RNA large subunit methyltransferase N	2.378	2.166
YpesChrORF_YPO2884_s_at	YPO2884	hypothetical protein	2.154	2.179
YpesChrORF_YPO2885_s_at			3.365	2.858
YpesChrORF_YPO2888_s_at	YPO2888	enhanced serine sensitivity protein SseB	2.411	2.166
YpesChrORF_YPO2889_s_at	pepB	aminopeptidase	3.027	2.641
YpesChrORF_YPO2890_s_at	YPO2890	hypothetical protein	2.433	1.815
YpesChrORF_YPO2893_s_at	hscB	co-chaperone HscB	3.093	3.383
YpesChrORF_YPO2894_s_at	iscA	iron-sulfur cluster assembly protein	2.703	2.483
YpesChrORF_YPO2896_s_at	iscS	cysteine desulfurase	2.521	2.424
YpesChrORF_YPO2901_s_at	YPO2901	hypothetical protein	3.352	2.61
YpesChrORF_YPO2903_s_at	YPO2903	stationary phase inducible protein CsiE	2.122	2.228
YpesChrORF_YPO2906_s_at			2.715	2.098
YpesChrORF_YPO2911_s_at	glnB	nitrogen regulatory protein P-II 1	2.154	2.268
YpesChrORF_YPO2914_s_at	YPO2914	two-component system response regulator	2.444	1.995
YpesChrORF_YPO2922_s_at	YPO2922	transglycosylase	2.715	2.729
YpesChrORF_YPO2923_s_at	YPO2923	tRNA-specific adenosine deaminase	3.337	2.283
YpesChrORF_YPO2924_s_at	yfhB	hypothetical protein	2.295	1.96
YpesChrORF_YPO2926_s_at	YPO2926	DNA-binding transcriptional regulator	2.409	2.546
YpesChrORF_YPO2927_s_at	fdx	[4Fe-4S] ferredoxin	3.015	2.872
YpesChrORF_YPO2929_s_at	acpS	4'-phosphopantetheinyl transferase	3.565	2.63
YpesChrORF_YPO2930_s_at	pdxJ	pyridoxine 5'-phosphate synthase	2.756	2.548
YpesChrORF_YPO2934_s_at	YPO2934	hypothetical protein	3.32	1.923
YpesChrORF_YPO2935_s_at	YPO2935	hypothetical protein	3.196	2.233
YpesChrORF_YPO2946_s_at	clpB5	Clp ATPase	3.108	2.473
YpesChrORF_YPO2947_s_at	YPO2947	hypothetical protein	2.738	2.447
YpesChrORF_YPO2948_s_at	YPO2948	hypothetical protein	3.403	2.772
YpesChrORF_YPO2949_at	YPO2949	hypothetical protein	2.228	2.215
YpesChrORF_YPO2950_s_at	YPO2950	fimbrial protein	2.585	1.667
YpesChrORF_YPO2952_s_at	YPO2952	hypothetical protein	3.142	2.184
YpesChrORF_YPO2955_s_at	YPO2955	LuxR family transcriptional regulator	3.322	2.589
YpesChrORF_YPO2957_s_at	mltB	murein hydrolase B	3.778	3.365
YpesChrORF_YPO2958_s_at	sfuA	iron(III)-binding protein	3.081	2.844
YpesChrORF_YPO2959_s_at	sfuB	iron ABC transporter permease	1.999	2.034
YpesChrORF_YPO2965_s_at	dmsA	dimethyl sulfoxide reductase subunit A	3.056	2.131
YpesChrORF_YPO2967_s_at	dmsC	dimethyl sulfoxide reductase subunit C	3.24	1.906
YpesChrORF_YPO2968_s_at	YPO2968	hypothetical protein	2.401	2.542
YpesChrORF_YPO2969_s_at	YPO2969	(Fe-S)-binding protein	1.901	1.695
YpesChrORF_YPO2973_s_at	YPO2973	hypothetical protein	2.69	1.902
YpesChrORF_YPO2974_s_at	YPO2974	B-type cytochrome	3.437	2.61
YpesChrORF_YPO2979_s_at	YPO2979	LysR family transcriptional regulator	2.761	2.316
YpesChrORF_YPO2981_s_at	YPO2981	hypothetical protein	2.757	2.209
YpesChrORF_YPO2982_s_at	mntH	manganese transport protein MntH	2.89	2.662
YpesChrORF_YPO2983_s_at	cru	nucleoside permease	2.776	2.775
YpesChrORF_YPO2988_s_at	YPO2988	hypothetical protein	3.478	3.019
YpesChrORF_YPO2989_s_at	ligA	NAD-dependent DNA ligase LigA	3.833	2.61
YpesChrORF_YPO2990_s_at	zipA	cell division protein ZipA	2.126	2.231
YpesChrORF_YPO2991_s_at	cysZ	sulfate transport protein CysZ	3.224	2.557
YpesChrORF_YPO2995_s_at	crr	PTS system glucose-specific transporter subunit	2.129	2.098
YpesChrORF_YPO2997_s_at	YPO2997	two-component system sensor kinase	3.8	2.683
YpesChrORF_YPO2998_s_at	YPO2998	two-component system response regulator	2.503	2.205
YpesChrORF_YPO2999_s_at	YPO2999	HlyD family secretion protein	2.781	1.941
YpesChrORF_YPO3000_s_at	YPO3000	ABC transporter ATP-binding protein	3.916	3.277
YpesChrORF_YPO3001_s_at	YPO3001	pyridine nucleotide-disulphide oxidoreductase	2.558	2.091
YpesChrORF_YPO3006_s_at	YPO3006	aminotransferase	2.266	2.24
YpesChrORF_YPO3007_s_at	YPO3007	hypothetical protein	1.877	1.65
YpesChrORF_YPO3008_s_at	YPO3008	two-component sensor histidine kinase	3.978	2.582
YpesChrORF_YPO3010_s_at	YPO3010	hypothetical protein	2.784	2.874
YpesChrORF_YPO3011_s_at	cysM	cysteine synthase B	2.6	1.977
YpesChrORF_YPO3012_s_at	cysA	sulfate/thiosulfate transporter subunit	2.682	1.737
YpesChrORF_YPO3017_s_at	YPO3017	rpiR family transcriptional regulator	3.064	2.551
YpesChrORF_YPO3020_s_at	YPO3020	N-acetylmannosamine kinase	2.935	2.016
YpesChrORF_YPO3023_s_at	YPO3023	N-acetylmannosamine-6-phosphate 2-epimerase	3.54	2.26
YpesChrORF_YPO3027_s_at	ygiW	hypothetical protein	2.901	2.833
YpesChrORF_YPO3028_s_at	YPO3028	autotransporter	2.087	2.045
YpesChrORF_YPO3029_s_at	YPO3029	hypothetical protein	4.427	3.15
YpesChrORF_YPO3033_s_at	YPO3033	hypothetical protein	2.066	1.644
YpesChrORF_YPO3034_s_at	maeB	malic enzyme	2.61	2.45
YpesChrORF_YPO3035_s_at	YPO3035	hypothetical protein	3.439	2.151
YpesChrORF_YPO3036_s_at	napC	cytochrome c-type protein NapC	2.307	2.371
YpesChrORF_YPO3037_s_at	napB	citrate reductase cytochrome c-type subunit	2.723	1.635
YpesChrORF_YPO3038_at	napA	nitrate reductase catalytic subunit	2.342	2.432
YpesChrORF_YPO3040_s_at	napF	ferredoxin-type protein NapF	2.293	2.273
YpesChrORF_YPO3042_s_at	YPO3042	hypothetical protein	3.068	2.464
YpesChrORF_YPO3043_s_at	YPO3043	aminoglycoside/multidrug efflux system	3.241	2.214
YpesChrORF_YPO3044_s_at	YPO3044	hypothetical protein	4.098	2.225
YpesChrORF_YPO3047_s_at	ydeN	sulfatase	3.355	1.734
YpesChrORF_YPO3054_s_at	YPO3054	carboxypeptidase	2.697	2.733
YpesChrORF_YPO3055_s_at	YPO3055	hypothetical protein	3.593	2.27
YpesChrORF_YPO3056_s_at	YPO3056	acetyltransferase	3.248	2.35
YpesChrORF_YPO3058_s_at	YPO3058	hypothetical protein	2.209	2.408
YpesChrORF_YPO3063_at	gcvR	glycine cleavage system transcriptional repressor	3.231	2.761
YpesChrORF_YPO3064_s_at	bcp	thioredoxin-dependent thiol peroxidase	2.914	2.357
YpesChrORF_YPO3065_s_at	YPO3065	hypothetical protein	2.392	1.707
YpesChrORF_YPO3066_s_at	YPO3066	hypothetical protein	3.707	2.421
YpesChrORF_YPO3067_at	YPO3067	hypothetical protein	4.24	2.717
YpesChrORF_YPO3070_s_at	yfgD	arsenate reductase	2.614	2.618
YpesChrORF_YPO3073_s_at	cysS	cysteinyl-tRNA synthetase	3.42	2.827
YpesChrORF_YPO3074_s_at	ppiB	peptidyl-prolyl cis-trans isomerase B	2.685	2.311
YpesChrORF_YPO3075_s_at	YPO3075	UDP-2,3-diacylglucosamine hydrolase	2.517	2.585
YpesChrORF_YPO3076_s_at	purE	5-(carboxyamino)imidazole ribonucleotide mutase	2.197	1.7
YpesChrORF_YPO3077_s_at	purK	5-(carboxyamino)imidazole ribonucleotide synthase	1.553	1.664
YpesChrORF_YPO3078_s_at	ybbP	permease	3.182	2.36
YpesChrORF_YPO3079_s_at	ybbA	ABC transporter ATP-binding protein YbbA	2.827	2.214
YpesChrORF_YPO3080_s_at	tesA	multifunctional acyl-CoA thioesterase I/protease I/lysophospholipase L1	2.265	2.149
YpesChrORF_YPO3081_s_at	ybbO	short chain dehydrogenase	3.307	3
YpesChrORF_YPO3082_s_at	ybbN	thioredoxin	2.546	2.736
YpesChrORF_YPO3083_s_at	YPO3083	hypothetical protein	3.511	1.946
YpesChrORF_YPO3085_s_at	cueR	regulatory protein	2.823	2.446
YpesChrORF_YPO3086_s_at	copA	copper exporting ATPase	2.78	2.379
YpesChrORF_YPO3087_s_at	YPO3087	hypothetical protein	4.243	2.418
YpesChrORF_YPO3093_s_at	fsr	membrane efflux protein	2.535	2.418
YpesChrORF_YPO3094_s_at	rosB	cation:proton antiport protein	2.341	2.075
YpesChrORF_YPO3099_s_at	manC	mannose-1-phosphate guanylyltransferase	3.383	2.361
YpesChrORF_YPO3104_s_at	wbyK	mannosyltransferase	3.255	2.845
YpesChrORF_YPO3107_s_at	wbyJ	mannosyltransferase	3.178	2.192
YpesChrORF_YPO3111_s_at	wbyH	hypothetical protein	3.631	2.689
YpesChrORF_YPO3113_s_at	ddhC	CDP-4-keto-6-deoxy-D-glucose-3-dehydratase	1.702	1.836
YpesChrORF_YPO3116_s_at	ddhD	CDP-6-deoxy-delta-3,4-glucoseen reductase	2.223	2.474
YpesChrORF_YPO3117_s_at	hemH	ferrochelatase	2.898	2.013
YpesChrORF_YPO3118_s_at	adk	adenylate kinase	2.491	2.303
YpesChrORF_YPO3120_s_at	recR	recombination protein RecR	1.801	1.935
YpesChrORF_YPO3121_s_at	YPO3121	hypothetical protein	2.124	2.1
YpesChrORF_YPO3122_s_at	dnaX	DNA polymerase III subunits gamma and tau	2.338	2.371
YpesChrORF_YPO3127_s_at	priC	primosomal replication protein n''	2.636	2.713
YpesChrORF_YPO3128_s_at	YPO3128	hypothetical protein	3.675	2.034
YpesChrORF_YPO3134_s_at	rpmE2	50S ribosomal protein L31 type B	3.408	2.086
YpesChrORF_YPO3135_at	rpmJ	50S ribosomal protein L36	2.16	2.169
YpesChrORF_YPO3140_s_at	ybaY	lipoprotein	2.613	1.751
YpesChrORF_YPO3141_s_at	tesB	acyl-CoA thioesterase II	2.547	2.761
YpesChrORF_YPO3143_s_at	glnK	nitrogen regulatory protein P-II 2	2.906	2.374
YpesChrORF_YPO3145_s_at	mdlA	multidrug transporter membrane\ATP-binding components	3.899	2.32
YpesChrORF_YPO3146_s_at	YPO3146	AsnC family transcriptional regulator	2.323	1.774
YpesChrORF_YPO3149_s_at	YPO3149	hypothetical protein	3.182	2.235
YpesChrORF_YPO3150_s_at	YPO3150	7-cyano-7-deazaguanine synthase QueC	2.659	2.213
YpesChrORF_YPO3151_s_at	YPO3151	hypothetical protein	3.753	3.309
YpesChrORF_YPO3153_s_at	ppiD	peptidyl-prolyl cis-trans isomerase D	1.949	1.65
YpesChrORF_YPO3154_s_at	hupB	transcriptional regulator HU subunit beta	2.345	1.714
YpesChrORF_YPO3155_s_at	lon	DNA-binding ATP-dependent protease La	2.437	2.654
YpesChrORF_YPO3156_s_at	clpX	ATP-dependent protease ATP-binding subunit ClpX	2.525	2.558
YpesChrORF_YPO3160_s_at	bolA	transcriptional regulator BolA	2.974	2.505
YpesChrORF_YPO3161_s_at	yajG	hypothetical protein	2.595	2.64
YpesChrORF_YPO3162_s_at	ampG	muropeptide transporter	4.366	3.924
YpesChrORF_YPO3164_s_at	cyoA	cytochrome o ubiquinol oxidase subunit II	3.015	1.635
YpesChrORF_YPO3167_at	cyoD	cytochrome o ubiquinol oxidase subunit IV	3.083	1.709
YpesChrORF_YPO3168_s_at	cyoE	protoheme IX farnesyltransferase	1.841	1.723
YpesChrORF_YPO3170_s_at	YPO3170	nucleotide-binding protein	2.041	2.285
YpesChrORF_YPO3171_s_at	apbA	2-dehydropantoate 2-reductase	2.847	1.814
YpesChrORF_YPO3173_s_at	thiI	thiamine biosynthesis protein ThiI	2.75	1.872
YpesChrORF_YPO3174_s_at			2.724	1.633
YpesChrORF_YPO3177_s_at	dxs	1-deoxy-D-xylulose-5-phosphate synthase	2.874	3.113
YpesChrORF_YPO3181_s_at	nusB	transcription antitermination protein NusB	3.02	2.904
YpesChrORF_YPO3183_s_at	ribD	bifunctional diaminohydroxyphosphoribosylaminopyrimidine deaminase/5-amino-6-(5-phosphoribosylamino)uracil reductase	3.493	2.649
YpesChrORF_YPO3184_s_at	nrdR	transcriptional regulator NrdR	2.241	1.728
YpesChrORF_YPO3185_s_at	YPO3185	pseudo	3.418	1.928
YpesChrORF_YPO3188_s_at	secF	preprotein translocase subunit SecF	3.101	1.932
YpesChrORF_YPO3189_s_at	secD	preprotein translocase subunit SecD	2.054	1.968
YpesChrORF_YPO3191_s_at	tgt	queuine tRNA-ribosyltransferase	3.377	2.781
YpesChrORF_YPO3192_s_at	queA	S-adenosylmethionine:tRNA ribosyltransferase-isomerase	2.361	2.575
YpesChrORF_YPO3193_s_at	YPO3193	ACP phosphodiesterase	2.223	2.186
YpesChrORF_YPO3194_s_at	ahpC	alkyl hydroperoxide reductase	2.669	2.008
YpesChrORF_YPO3196_x_at	YPO3196	hypothetical protein	2.267	2.232
YpesChrORF_YPO3197_s_at	YPO3197	hypothetical protein	1.858	1.862
YpesChrORF_YPO3199_s_at	YPO3199	short chain dehydrogenase	3.935	2.006
YpesChrORF_YPO3200_s_at	malZ	maltodextrin glucosidase	2.14	1.993
YpesChrORF_YPO3201_s_at	proY	permease	2.239	1.659
YpesChrORF_YPO3204_s_at	phoR	phosphate regulon sensor protein	1.857	1.839
YpesChrORF_YPO3205_s_at	phoB	phosphate regulon transcriptional regulator	2.966	3.037
YpesChrORF_YPO3206_s_at	sbcD	exonuclease SbcD	3.201	2.965
YpesChrORF_YPO3212_s_at	rdgC	recombination associated protein	2.419	1.895
YpesChrORF_YPO3213_s_at	YPO3213	hypothetical protein	3.685	1.968
YpesChrORF_YPO3216_s_at	YPO3216	methyltransferase	3.471	2.353
YpesChrORF_YPO3220_s_at	YPO3220	hypothetical protein	2.581	2.618
YpesChrORF_YPO3222_s_at	proB	gamma-glutamyl kinase	2.553	1.785
YpesChrORF_YPO3224_s_at	frsA	fermentation/respiration switch protein	2.903	1.956
YpesChrORF_YPO3225_s_at	gpt	xanthine-guanine phosphoribosyltransferase	2.683	1.753
YpesChrORF_YPO3226_at	YPO3226	hypothetical protein	2.983	1.765
YpesChrORF_YPO3227_s_at	YPO3227	carbohydrate-binding protein	2.244	2.198
YpesChrORF_YPO3230_s_at	pepD	aminoacyl-histidine dipeptidase	2.1	2.027
YpesChrORF_YPO3234_s_at	apbE	thiamine biosynthesis lipoprotein	2.645	1.805
YpesChrORF_YPO3236_s_at	nqrE	Na(+)-translocating NADH-quinone reductase subunit E	3.16	2.124
YpesChrORF_YPO3237_s_at	nqrD	Na(+)-translocating NADH-quinone reductase subunit D	2.012	2.166
YpesChrORF_YPO3243_s_at	gmhA	phosphoheptose isomerase	2.636	2.054
YpesChrORF_YPO3244_s_at	fadE	acyl-CoA dehydrogenase	2.378	2.444
YpesChrORF_YPO3245_s_at	YPO3245	hypothetical protein	2.469	1.702
YpesChrORF_YPO3249_s_at	YPO3249	allantoate amidohydrolase	2.927	2.167
YpesChrORF_YPO3254_s_at	YPO3254	amino acid ABC transporter ATP-binding protein	2.329	2.548
YpesChrORF_YPO3257_s_at	YPO3257	amino acid ABC transporter substrate-binding protein	2.272	1.762
YpesChrORF_YPO3259_s_at	YPO3259	rpiR family transcriptional regulator	3.476	2.602
YpesChrORF_YPO3264_s_at	YPO3264	amino acid transporter	2.723	2.625
YpesChrORF_YPO3266_s_at	emrR	transcriptional repressor MprA	2.104	1.775
YpesChrORF_YPO3268_s_at	emrB	multidrug resistance protein B	2.211	2.351
YpesChrORF_YPO3270_s_at	trxC	thioredoxin	2.222	1.739
YpesChrORF_YPO3271_s_at	YPO3271	hypothetical protein	1.83	1.789
YpesChrORF_YPO3272_s_at	yfiQ	acetyltransferase	2.31	2.309
YpesChrORF_YPO3274_s_at	YPO3274	hypothetical protein	4.26	2.547
YpesChrORF_YPO3276_s_at	YPO3276	hypothetical protein	3.164	2.605
YpesChrORF_YPO3277_s_at	rluD	23S rRNA pseudouridine synthase D	2.188	2.432
YpesChrORF_YPO3278_s_at	yfiO	outer membrane protein assembly complex subunit YfiO	4.078	2.669
YpesChrORF_YPO3279_s_at	yfiA	sigma 54 modulation protein	2.347	2.274
YpesChrORF_YPO3285_s_at	tyrA	bifunctional chorismate mutase/prephenate dehydrogenase	2.169	2.297
YpesChrORF_YPO3286_s_at	aroF	phospho-2-dehydro-3-deoxyheptonate aldolase	3.979	2.296
YpesChrORF_YPO3290_s_at	ydiY	hypothetical protein	2.264	1.737
YpesChrORF_YPO3292_s_at	rplS	50S ribosomal protein L19	1.736	1.663
YpesChrORF_YPO3293_s_at	trmD	tRNA (guanine-N(1)-)-methyltransferase	2.409	2.543
YpesChrORF_YPO3294_s_at	rimM	16S rRNA-processing protein RimM	2.212	2.261
YpesChrORF_YPO3295_s_at	rpsP	30S ribosomal protein S16	2.645	2.031
YpesChrORF_YPO3296_s_at	ffh	signal recognition particle protein	2.671	1.708
YpesChrORF_YPO3297_s_at	corE	hypothetical protein	3.598	3.225
YpesChrORF_YPO3298_s_at	YPO3298	hypothetical protein	2.05	2.234
YpesChrORF_YPO3300_s_at	luxS	S-ribosylhomocysteinase	3.374	2.873
YpesChrORF_YPO3302_s_at	yqaA	hypothetical protein	3.588	2.356
YpesChrORF_YPO3303_s_at	yqaB	fructose-1-phosphatase	2.757	2.281
YpesChrORF_YPO3305_s_at	alaS	alanyl-tRNA synthetase	2.367	2.203
YpesChrORF_YPO3306_s_at	recX	recombination regulator RecX	2.939	1.889
YpesChrORF_YPO3307_s_at	recA	recombinase A	3.492	2.437
YpesChrORF_YPO3308_s_at	YPO3308	competence damage-inducible protein A	2.732	2.043
YpesChrORF_YPO3310_s_at	YPO3310	transcriptional regulator	2.909	2.202
YpesChrORF_YPO3313_at	YPO3313	hypothetical protein	2.062	1.805
YpesChrORF_YPO3316_s_at	YPO3316	sugar ABC transporter ATP-binding protein	2.602	1.796
YpesChrORF_YPO3317_s_at	YPO3317	lipoprotein	1.884	2.025
YpesChrORF_YPO3319_s_at	katY	catalase-peroxidase	3.167	2.369
YpesChrORF_YPO3322_s_at	YPO3322	twin-argninine leader-binding protein DmsD	2.251	2.157
YpesChrORF_YPO3323_s_at	dmsC	anaerobic dimethyl sulfoxide reductase subunit C	2.347	1.862
YpesChrORF_YPO3325_s_at	dmsA	anaerobic dimethyl sulfoxide reductase subunit A	2.595	2.854
YpesChrORF_YPO3326_s_at	araD	L-ribulose-5-phosphate 4-epimerase	2.256	1.971
YpesChrORF_YPO3327_s_at	fucR	deoR family regulatory protein	3.929	2.607
YpesChrORF_YPO3331_s_at	YPO3331	sugar ABC transporter permease	2.66	2.123
YpesChrORF_YPO3332_s_at	YPO3332	sugar ABC transporter permease	4.669	3.418
YpesChrORF_YPO3333_s_at	sgbU	L-xylulose 5-phosphate 3-epimerase	2.235	1.85
YpesChrORF_YPO3339_s_at	YPO3339	hypothetical protein	3.261	2.906
YpesChrORF_YPO3342_s_at	yhjA	cytochrome C peroxidase	3.507	2.031
YpesChrORF_YPO3343_s_at	YPO3343	ABC transporter substrate-binding protein	2.038	1.912
YpesChrORF_YPO3348_s_at	YPO3348	transcriptional regulator	1.838	1.902
YpesChrORF_YPO3350_s_at	dhaK	dihydroxyacetone kinase	2.33	1.633
YpesChrORF_YPO3351_s_at	YPO3351	short chain dehydrogenase	4.194	2.975
YpesChrORF_YPO3353_s_at	rpiB	ribose-5-phosphate isomerase B	2.922	2.204
YpesChrORF_YPO3354_s_at	mutS	DNA mismatch repair protein MutS	2.667	2.619
YpesChrORF_YPO3355_s_at	rpoS	RNA polymerase sigma factor RpoS	2.577	2.448
YpesChrORF_YPO3362_s_at	ftsB	cell division protein FtsB	1.961	1.772
YpesChrORF_YPO3364_s_at	cysC	adenylyl-sulfate kinase	3.523	3.406
YpesChrORF_YPO3369_s_at	YPO3369	hypothetical protein	2.692	1.792
YpesChrORF_YPO3371_s_at	cysI	sulfite reductase subunit beta	2.448	2.491
YpesChrORF_YPO3372_s_at	cysJ	sulfite reductase subunit alpha	2.512	1.707
YpesChrORF_YPO3375_s_at	sodC	superoxide dismutase	2.695	2.238
YpesChrORF_YPO3377_s_at	pyrG	CTP synthetase	2.438	2.595
YpesChrORF_YPO3380_s_at	relA	GDP/GTP pyrophosphokinase	2.549	1.935
YpesChrORF_YPO3381_s_at	barA	hybrid sensory histidine kinase BarA	2.276	1.672
YpesChrORF_YPO3384_s_at	mtn	5'-methylthioadenosine/S-adenosylhomocysteine nucleosidase	2.254	2.159
YpesChrORF_YPO3390_s_at	fhuB	iron-hydroxamate transporter permease	2.469	2.324
YpesChrORF_YPO3392_s_at	fhuC	iron-hydroxamate transporter ATP-binding protein	2.004	2.077
YpesChrORF_YPO3393_at	mrcB	penicillin-binding protein 1b	2.748	2.365
YpesChrORF_YPO3396_s_at	sfsA	sugar fermentation stimulation protein A	2.099	2.007
YpesChrORF_YPO3397_s_at	dksA	RNA polymerase-binding transcription factor	3.314	2.815
YpesChrORF_YPO3399_s_at	pcnB	poly(A) polymerase	1.876	1.94
YpesChrORF_YPO3402_s_at	panC	pantoate--beta-alanine ligase	2.468	2.562
YpesChrORF_YPO3403_s_at	panD	aspartate alpha-decarboxylase	2.498	2.48
YpesChrORF_YPO3405_s_at	yadH	ABC transporter permease	2.869	2.655
YpesChrORF_YPO3407_s_at	yadF	carbonic anhydrase	2.298	2.292
YpesChrORF_YPO3409_s_at	yacK	multicopper oxidase	3.555	2.766
YpesChrORF_YPO3414_s_at	YPO3414	hypothetical protein	2.063	2.05
YpesChrORF_YPO3415_s_at	acnB	aconitate hydratase B	2.545	1.861
YpesChrORF_YPO3417_s_at	lpdA	dihydrolipoamide dehydrogenase	2.623	1.754
YpesChrORF_YPO3419_s_at	aceE	pyruvate dehydrogenase subunit E1	2.526	1.818
YpesChrORF_YPO3420_s_at	pdhR	transcriptional regulator PdhR	2.405	1.902
YpesChrORF_YPO3421_s_at	aroP	aromatic amino acid transport protein	3.119	2.653
YpesChrORF_YPO3422_s_at	ampE	regulatory protein AmpE	2.693	2.769
YpesChrORF_YPO3423_s_at	ampD	N-acetyl-anhydromuranmyl-L-alanine amidase	3.439	2.006
YpesChrORF_YPO3424_s_at	nadC	quinolinate phosphoribosyltransferase	3.067	2.476
YpesChrORF_YPO3426_s_at	hofB	hypothetical protein	2.547	2.294
YpesChrORF_YPO3432_s_at	YPO3432	zinc-binding protein	2.165	2.024
YpesChrORF_YPO3437_s_at	YPO3437	hypothetical protein	2.997	2.429
YpesChrORF_YPO3438_s_at	intB	integrase	3.049	2.642
YpesChrORF_YPO3440_s_at	YPO3440	hypothetical protein	2.974	2.042
YpesChrORF_YPO3441_s_at	pepA	leucyl aminopeptidase	2.614	2.518
YpesChrORF_YPO3442_s_at	holC	DNA polymerase III subunit chi	3.647	2.424
YpesChrORF_YPO3445_s_at	YPO3445	hypothetical protein	2.803	2.347
YpesChrORF_YPO3446_s_at	argI	ornithine carbamoyltransferase subunit I	2.189	1.933
YpesChrORF_YPO3450_s_at	YPO3450	transporter, permease	3.127	2.808
YpesChrORF_YPO3452_s_at	YPO3452	ABC transporter ATP-binding protein	2.939	2.377
YpesChrORF_YPO3459_s_at	phnI	PhnI protein	3.437	2.428
YpesChrORF_YPO3460_s_at	phnJ	PhnJ protein	2.672	2.502
YpesChrORF_YPO3461_s_at	phnK	phosphonate C-P lyase system protein PhnK	3.47	2.683
YpesChrORF_YPO3462_s_at	phnL	phosphonates transport ATP-binding protein	2.099	2.165
YpesChrORF_YPO3464_s_at	phnN	ribose 1,5-bisphosphokinase	1.8	1.692
YpesChrORF_YPO3465_s_at	phnP	carbon-phosphorus lyase complex accessory protein	2.576	2.188
YpesChrORF_YPO3468_s_at	YPO3468	hypothetical protein	1.905	1.892
YpesChrORF_YPO3469_s_at	YPO3469	sugar ABC transporter ATP-binding protein	1.872	1.733
YpesChrORF_YPO3472_s_at	YPO3472	sugar binding protein	3.089	2.189
YpesChrORF_YPO3474_at	YPO3474	hypothetical protein	2.085	2.165
YpesChrORF_YPO3476_s_at	YPO3476	acetyltransferase	2.077	2.189
YpesChrORF_YPO3479_s_at	YPO3479	protease	3.521	2.418
YpesChrORF_YPO3487_s_at	YPO3487	hypothetical protein	2.198	2.171
YpesChrORF_YPO3488_s_at	deaD	ATP-dependent RNA helicase DeaD	3.402	2.789
YpesChrORF_YPO3489_s_at	nlpI	lipoprotein NlpI	3.622	1.821
YpesChrORF_YPO3490_s_at	pnp	polynucleotide phosphorylase	3.734	2.035
YpesChrORF_YPO3495_s_at	rbfA	ribosome-binding factor A	3.048	2.209
YpesChrORF_YPO3497_s_at	nusA	transcription elongation factor NusA	2.972	2.768
YpesChrORF_YPO3498_s_at	YPO3498	hypothetical protein	5.07	3.065
YpesChrORF_YPO3500_s_at	glmM	phosphoglucosamine mutase	1.768	1.965
YpesChrORF_YPO3503_s_at	rrmJ	23S rRNA methyltransferase	2.985	2.103
YpesChrORF_YPO3504_s_at	YPO3504	hypothetical protein	3.107	2.049
YpesChrORF_YPO3505_s_at	greA	transcription elongation factor GreA	3.103	2.291
YpesChrORF_YPO3506_s_at	dacB	D-alanyl-D-alanine carboxypeptidase/endopeptidase	2.348	2.605
YpesChrORF_YPO3507_s_at	basR	DNA-binding transcriptional regulator BasR	1.922	1.787
YpesChrORF_YPO3508_s_at	basS	sensor protein BasS/PmrB	2.636	2.011
YpesChrORF_YPO3511_s_at	rpmA	50S ribosomal protein L27	1.925	1.715
YpesChrORF_YPO3512_s_at	rplU	50S ribosomal protein L21	3.428	2.386
YpesChrORF_YPO3515_at			2.317	2.527
YpesChrORF_YPO3517_s_at	argR	arginine repressor ArgR	2.412	2.232
YpesChrORF_YPO3519_s_at	mpl	UDP-N-acetylmuramate:L-alanyl-gamma-D-glutamyl-meso-diaminopimelate ligase	3.262	2.914
YpesChrORF_YPO3521_s_at	ppa	inorganic pyrophosphatase	3.342	2.001
YpesChrORF_YPO3522_s_at	YPO3522	hypothetical protein	3.42	2.066
YpesChrORF_YPO3523_s_at	YPO3523	hypothetical protein	1.919	1.722
YpesChrORF_YPO3524_s_at	YPO3524	hypothetical protein	3.093	1.675
YpesChrORF_YPO3526_s_at	YPO3526	hypothetical protein	2.845	1.879
YpesChrORF_YPO3528_s_at	YPO3528	hypothetical protein	3.853	2.614
YpesChrORF_YPO3529_s_at	cysQ	3'(2'),5'-bisphosphate nucleotidase CysQ	2.914	2.242
YpesChrORF_YPO3532_s_at	fklB	peptidyl-prolyl cis-trans isomerase	2.192	1.985
YpesChrORF_YPO3533_s_at	YPO3533	hypothetical protein	2.252	2.377
YpesChrORF_YPO3537_s_at	rpsR	30S ribosomal protein S18	2.632	2.457
YpesChrORF_YPO3549_s_at	YPO3549	hypothetical protein	1.875	1.946
YpesChrORF_YPO3552_s_at	mtgA	monofunctional biosynthetic peptidoglycan transglycosylase	2.313	2.408
YpesChrORF_YPO3553_s_at	elbB	isoprenoid biosynthesis protein with amidotransferase-like domain	3.612	2.167
YpesChrORF_YPO3554_at			2.762	1.651
YpesChrORF_YPO3555_s_at	arcB	aerobic respiration control sensor protein ArcB	3.61	2.843
YpesChrORF_YPO3556_s_at	YPO3556	hypothetical protein	2.241	1.885
YpesChrORF_YPO3558_s_at	gltD	glutamate synthase subunit beta	3.887	2.067
YpesChrORF_YPO3559_s_at	YPO3559	hypothetical protein	2.166	1.944
YpesChrORF_YPO3560_s_at	sspB	ClpXP protease specificity-enhancing factor	3.293	3.25
YpesChrORF_YPO3561_s_at	sspA	stringent starvation protein A	1.971	1.737
YpesChrORF_YPO3562_s_at	rpsI	30S ribosomal protein S9	2.098	2.188
YpesChrORF_YPO3563_s_at	rplM	50S ribosomal protein L13	3.438	2.576
YpesChrORF_YPO3565_s_at	YPO3565	cytochrome d ubiquinol oxidase subunit III	2.401	2.197
YpesChrORF_YPO3568_s_at	degS	serine endoprotease	1.842	1.774
YpesChrORF_YPO3570_s_at	YPO3570	BolA-like protein	3.64	3.103
YpesChrORF_YPO3575_s_at	yrbF	ABC transporter ATP-binding protein	2.43	2.695
YpesChrORF_YPO3578_s_at	YPO3578	3-deoxy-D-manno-octulosonate 8-phosphate phosphatase KdsC	2.597	2.21
YpesChrORF_YPO3579_s_at	yrbK	hypothetical protein	2.849	2.878
YpesChrORF_YPO3580_s_at	YPO3580	lipopolysaccharide transport periplasmic protein LptA	2.586	1.732
YpesChrORF_YPO3581_s_at	yhbG	ABC transporter ATP-binding protein	2.126	2.038
YpesChrORF_YPO3582_s_at	rpoN	RNA polymerase factor sigma-54	2.076	2.136
YpesChrORF_YPO3586_s_at	YPO3586	hypothetical protein	3.376	1.903
YpesChrORF_YPO3587_s_at	ptsO	N-regulated PTS system (Npr) phosphohistidinoprotein-hexose phosphotransferase	1.859	1.869
YpesChrORF_YPO3588_s_at	pyrB	aspartate carbamoyltransferase	2.128	1.862
YpesChrORF_YPO3589_s_at	pyrI	aspartate carbamoyltransferase	2.701	2.158
YpesChrORF_YPO3590_s_at	YPO3590	hypothetical protein	2.914	2.462
YpesChrORF_YPO3594_s_at	YPO3594	hypothetical protein	1.914	1.683
YpesChrORF_YPO3597_s_at	YPO3597	hypothetical protein	2.516	2.47
YpesChrORF_YPO3599_s_at	clpB2	Clp ATPase	2.954	2.816
YpesChrORF_YPO3600_s_at	YPO3600	hypothetical protein	2.298	2.039
YpesChrORF_YPO3601_s_at	YPO3601	hypothetical protein	2.992	3.106
YpesChrORF_YPO3602_s_at	YPO3602	hypothetical protein	2.988	2.289
YpesChrORF_YPO3603_at	YPO3603	hypothetical protein	3.198	2.838
YpesChrORF_YPO3604_at	YPO3604	pseudo	3.548	2.284
YpesChrORF_YPO3605_at			1.831	1.82
YpesChrORF_YPO3606_s_at	YPO3606	Rhs accessory genetic element	1.922	1.683
YpesChrORF_YPO3607_s_at	YPO3607	hypothetical protein	2.357	2.484
YpesChrORF_YPO3609_s_at			3.682	2.212
YpesChrORF_YPO3610_s_at	YPO3610	hypothetical protein	5.133	3.342
YpesChrORF_YPO3611_s_at	YPO3611	hypothetical protein	3.32	2.97
YpesChrORF_YPO3614_s_at	YPO3614	hypothetical protein	2.562	1.945
YpesChrORF_YPO3615_s_at	YPO3615	hypothetical protein	3.602	2.727
YpesChrORF_YPO3617_s_at	YPO3617	hypothetical protein	2.415	2.17
YpesChrORF_YPO3618_s_at	YPO3618	oxidoreductase	3.682	2.779
YpesChrORF_YPO3620_s_at	YPO3620	carbohydrate transport protein	3.416	3.25
YpesChrORF_YPO3621_s_at	YPO3621	carbohydrate kinase	2.969	1.691
YpesChrORF_YPO3622_s_at	YPO3622	2-deoxyribose-5-phosphate aldolase	2.466	2.464
YpesChrORF_YPO3624_s_at	ssuA	alkanesulfonate transporter substrate-binding protein	3.203	1.883
YpesChrORF_YPO3625_s_at	ssuD	alkanesulfonate monooxygenase	2.547	1.953
YpesChrORF_YPO3626_s_at	ssuC	aliphatic sulfonates transporter permease	2.616	2.458
YpesChrORF_YPO3627_s_at	ssuB	aliphatic sulfonates transporter ATP-binding protein	2.922	1.675
YpesChrORF_YPO3628_s_at			3.488	2.691
YpesChrORF_YPO3629_s_at	yjcD	xanthine/uracil permease	3.23	1.739
YpesChrORF_YPO3633_s_at	YPO3633	periplasmic binding protein	3.197	1.785
YpesChrORF_YPO3635_s_at	YPO3635	branched-chain amino acid transporter permease	3.041	3.212
YpesChrORF_YPO3636_s_at	YPO3636	ABC transporter permease	3.2	2.311
YpesChrORF_YPO3637_s_at	YPO3637	carbohydrate kinase	2.839	2.037
YpesChrORF_YPO3638_s_at	YPO3638	phosphosugar isomerase/binding protein	3.765	2.921
YpesChrORF_YPO3639_s_at	yghU	glutathione S-transferase YghU	1.934	1.714
YpesChrORF_YPO3640_s_at	YPO3640	hypothetical protein	2.253	2.118
YpesChrORF_YPO3641_s_at	YPO3641	hypothetical protein	1.723	1.796
YpesChrORF_YPO3643_s_at	cspa2	cold-shock protein CspA	2.191	2.295
YpesChrORF_YPO3644_s_at	cspa1	cold-shock protein CspA	3.802	2.738
YpesChrORF_YPO3646_s_at	pcp	outer membrane lipoprotein	2.259	2.273
YpesChrORF_YPO3648_s_at	YPO3648	2-hydroxy-3-oxopropionate reductase	2.915	2.233
YpesChrORF_YPO3650_s_at	YPO3650	metabolite transport protein	2.828	2.817
YpesChrORF_YPO3653_s_at	YPO3653	colicin immunity protein	3.481	1.787
YpesChrORF_YPO3654_s_at	fis	Fis family transcriptional regulator	3.098	2.758
YpesChrORF_YPO3655_s_at	YPO3655	tRNA-dihydrouridine synthase B	2.97	2.103
YpesChrORF_YPO3657_s_at	panF	sodium/panthothenate symporter	2.205	2.306
YpesChrORF_YPO3660_s_at	aroQ	3-dehydroquinate dehydratase	3.292	1.693
YpesChrORF_YPO3662_s_at	YPO3662	sulfite oxidase subunit YedY	2.241	2.016
YpesChrORF_YPO3663_s_at	yhdH	zinc-binding dehydrogenase	3.203	1.725
YpesChrORF_YPO3664_s_at	yhdA	regulatory protein CsrD	2.916	2.968
YpesChrORF_YPO3665_s_at	envB	rod shape-determining protein MreB	2.579	1.656
YpesChrORF_YPO3666_s_at	mreC	rod shape-determining protein MreC	2.389	2.044
YpesChrORF_YPO3669_s_at	cafA	ribonuclease G	3.567	2.684
YpesChrORF_YPO3670_at	YPO3670	hypothetical protein	6.237	5.168
YpesChrORF_YPO3671_s_at	YPO3671	carbon-nitrogen hydrolase	2.209	2.15
YpesChrORF_YPO3672_s_at	tldD	protease TldD	3.626	2.934
YpesChrORF_YPO3673_s_at	YPO3673	insecticidal toxin	1.89	1.967
YpesChrORF_YPO3677_s_at	YPO3677	hypothetical protein	2.064	1.664
YpesChrORF_YPO3678_s_at	tcaC	insecticidal toxin complex	3.355	2.29
YpesChrORF_YPO3681_at	YPO3681	insecticial toxin	2.164	1.714
YpesChrORF_YPO3685_s_at	yhcQ	p-hydroxybenzoic acid efflux subunit AaeA	2.009	2.155
YpesChrORF_YPO3686_s_at	yhcP	p-hydroxybenzoic acid efflux subunit AaeB	3.133	1.83
YpesChrORF_YPO3689_s_at	YPO3689	ribonuclease	2.987	2.271
YpesChrORF_YPO3691_s_at	YPO3691	hypothetical protein	3.968	3.24
YpesChrORF_YPO3694_s_at	YPO3694	cytochrome	3.157	2.541
YpesChrORF_YPO3696_s_at	treC	trehalose-6-phosphate hydrolase	2.9	2.432
YpesChrORF_YPO3697_s_at	treB	PTS system trehalose(maltose)-specific transporter subunits IIBC	3.498	2.455
YpesChrORF_YPO3699_s_at	YPO3699	hypothetical protein	2.94	2.023
YpesChrORF_YPO3707_s_at	YPO3707	hypothetical protein	2.571	2.552
YpesChrORF_YPO3708_s_at	YPO3708	hypothetical protein	2.885	2.506
YpesChrORF_YPO3711_s_at	lamB	maltoporin	3.668	2.981
YpesChrORF_YPO3712_s_at	malK	maltose ABC transporter ATP-binding protein	2.258	2.541
YpesChrORF_YPO3713_s_at	YPO3713	hypothetical protein	2.267	2.268
YpesChrORF_YPO3718_s_at	pgi	glucose-6-phosphate isomerase	3.136	1.96
YpesChrORF_YPO3719_s_at	lysC	aspartate kinase	2.368	1.714
YpesChrORF_YPO3720_at	hpmB	hemolysin activator protein	2.141	2.152
YpesChrORF_YPO3721_s_at	YPO3721	hemolysin	2.061	1.787
YpesChrORF_YPO3722_s_at	metH	B12-dependent methionine synthase	2.484	1.663
YpesChrORF_YPO3724_s_at	aceK	bifunctional isocitrate dehydrogenase kinase/phosphatase protein	2.675	2.445
YpesChrORF_YPO3727_s_at	metA	homoserine O-succinyltransferase	2.81	3.016
YpesChrORF_YPO3728_s_at	purH	bifunctional phosphoribosylaminoimidazolecarboxamide formyltransferase/IMP cyclohydrolase	2.809	2.986
YpesChrORF_YPO3730_s_at	yjaH	hypothetical protein	2.485	1.82
YpesChrORF_YPO3731_s_at	hupA	transcriptional regulator HU subunit alpha	3.231	1.756
YpesChrORF_YPO3733_s_at	nfi	endonuclease V	3.445	2.564
YpesChrORF_YPO3734_s_at	hemE	uroporphyrinogen decarboxylase	2.837	2.327
YpesChrORF_YPO3735_s_at	YPO3735	hypothetical protein	2.567	2.194
YpesChrORF_YPO3738_at	YPO3738	hypothetical protein	2.648	2.131
YpesChrORF_YPO3744_at	YPO3744	hypothetical protein	2.667	1.944
YpesChrORF_YPO3746_s_at	rpoC	DNA-directed RNA polymerase subunit beta'	3.37	2.168
YpesChrORF_YPO3747_s_at	rpoB	DNA-directed RNA polymerase subunit beta	3.084	1.932
YpesChrORF_YPO3750_s_at	rplA	50S ribosomal protein L1	2.076	2.318
YpesChrORF_YPO3753_s_at	secE	preprotein translocase subunit SecE	3.739	2.39
YpesChrORF_YPO3754_s_at	tuf	elongation factor Tu	2.05	2.224
YpesChrORF_YPO3758_s_at	coaA	pantothenate kinase	2.762	2.262
YpesChrORF_YPO3760_s_at	murB	UDP-N-acetylenolpyruvoylglucosamine reductase	1.772	1.654
YpesChrORF_YPO3761_s_at	hemG	protoporphyrinogen oxidase	3.37	1.743
YpesChrORF_YPO3765_s_at	pepQ	proline dipeptidase	3.029	2.674
YpesChrORF_YPO3766_s_at	fadB	multifunctional fatty acid oxidation complex subunit alpha	2.108	1.716
YpesChrORF_YPO3769_s_at	YPO3769	3-octaprenyl-4-hydroxybenzoate decarboxylase	2.119	1.809
YpesChrORF_YPO3770_s_at	rfaH	transcriptional activator RfaH	2.779	2.524
YpesChrORF_YPO3776_s_at	tatC	twin-arginine protein translocation system subunit TatC	3.773	3.306
YpesChrORF_YPO3779_s_at	ubiB	ubiquinone biosynthesis protein UbiB	3.045	2.328
YpesChrORF_YPO3780_s_at	YPO3780	hypothetical protein	2.515	2.567
YpesChrORF_YPO3781_s_at	ubiE	ubiquinone/menaquinone biosynthesis methyltransferase	2.74	2.847
YpesChrORF_YPO3782_s_at	rumC	DNA recombination protein	2.057	1.814
YpesChrORF_YPO3783_s_at	YPO3783	hypothetical protein	2.415	2.298
YpesChrORF_YPO3784_s_at	YPO3784	carbon starvation protein	2.032	1.756
YpesChrORF_YPO3785_s_at	YPO3785	hypothetical protein	2.127	2.293
YpesChrORF_YPO3786_s_at	udp	uridine phosphorylase	2.203	2.228
YpesChrORF_YPO3787_s_at	YPO3787	carboxymethylenebutenolidase	2.83	2.603
YpesChrORF_YPO3789_s_at	metR	LysR family transcriptional regulator	1.889	1.968
YpesChrORF_YPO3790_s_at	yigM	hypothetical protein	1.889	1.786
YpesChrORF_YPO3791_s_at	YPO3791	hypothetical protein	2.396	2.115
YpesChrORF_YPO3792_s_at	ugpQ	cytoplasmic glycerophosphodiester phosphodiesterase	2.684	2.325
YpesChrORF_YPO3793_s_at	ugpC	glycerol-3-phosphate transporter ATP-binding protein	2.598	2.217
YpesChrORF_YPO3795_s_at	ugpA	glycerol-3-phosphate transporter permease	2.14	2.192
YpesChrORF_YPO3796_s_at	ugpB	glycerol-3-phosphate transporter substrate-binding protein	2.888	2.689
YpesChrORF_YPO3798_s_at	YPO3798	hypothetical protein	2.385	2.079
YpesChrORF_YPO3799_s_at	YPO3799	hypothetical protein	3.802	2.286
YpesChrORF_YPO3800_s_at	YPO3800	hypothetical protein	1.794	1.839
YpesChrORF_YPO3801_s_at	YPO3801	hypothetical protein	2.622	2.691
YpesChrORF_YPO3802_s_at	YPO3802	hypothetical protein	2.81	2.07
YpesChrORF_YPO3804_s_at	livF	ABC transporter ATP-binding protein	2.731	1.906
YpesChrORF_YPO3807_s_at	livH	branched-chain amino acid transporter permease LivH	2.405	2.211
YpesChrORF_YPO3808_s_at	livJ	branched-chain amino acid-binding protein	3.227	2.03
YpesChrORF_YPO3809_s_at	yhhK	acetyltransferase	3.585	2.529
YpesChrORF_YPO3812_s_at	ftsX	cell division protein FtsX	2.987	3.16
YpesChrORF_YPO3813_s_at	ftsE	cell division protein FtsE	2.686	2.415
YpesChrORF_YPO3815_at	YPO3815	hypothetical protein	2.692	2.484
YpesChrORF_YPO3816_s_at	rsmD	16S rRNA (guanine(966)-N(2))-methyltransferase	2.773	2.811
YpesChrORF_YPO3821_s_at	YPO3821	sulfur transfer protein SirA	3.652	3.35
YpesChrORF_YPO3824_s_at	glpC	sn-glycerol-3-phosphate dehydrogenase subunit C	3.282	2.439
YpesChrORF_YPO3825_s_at	glpB	anaerobic glycerol-3-phosphate dehydrogenase subunit B	2.333	1.79
YpesChrORF_YPO3826_s_at	glpA	sn-glycerol-3-phosphate dehydrogenase subunit A	2.384	2.294
YpesChrORF_YPO3827_s_at	glpQ	glycerophosphodiester phosphodiesterase	2.427	2.144
YpesChrORF_YPO3828_s_at	YPO3828	hypothetical protein	2.195	2.016
YpesChrORF_YPO3830_s_at	pldB	lysophospholipase L2	4.366	2.791
YpesChrORF_YPO3832_s_at	rhtC	threonine efflux system	4.393	2.48
YpesChrORF_YPO3833_s_at	recQ	ATP-dependent DNA helicase RecQ	2.365	1.652
YpesChrORF_YPO3834_s_at	pldA	phospholipase A	3.763	3.061
YpesChrORF_YPO3837_s_at	corA	magnesium/nickel/cobalt transporter CorA	2.024	1.986
YpesChrORF_YPO3840_s_at	YPO3840	TetR family regulatory protein	2.183	1.708
YpesChrORF_YPO3842_s_at	YPO3842	flavin mononucleotide phosphatase	3.794	2.999
YpesChrORF_YPO3843_s_at	xerC	site-specific tyrosine recombinase XerC	2.121	2.023
YpesChrORF_YPO3844_s_at	YPO3844	hypothetical protein	2.131	1.894
YpesChrORF_YPO3845_s_at	dapF	diaminopimelate epimerase	2.118	1.634
YpesChrORF_YPO3847_s_at	cyaY	frataxin-like protein	3.452	3.208
YpesChrORF_YPO3848_s_at	cyaA	adenylate cyclase	3.658	3.184
YpesChrORF_YPO3849_s_at	hemC	porphobilinogen deaminase	2.223	2.397
YpesChrORF_YPO3850_s_at	hemD	uroporphyrinogen-III synthase	2.166	2.014
YpesChrORF_YPO3852_s_at	hemY	protoheme IX biogenesis protein	4.279	3.699
YpesChrORF_YPO3858_s_at	YPO3858	lipopolysaccharide biosynthesis protein	3.353	2.965
YpesChrORF_YPO3859_s_at	rffA	TDP-4-oxo-6-deoxy-D-glucose transaminase	3.091	2.862
YpesChrORF_YPO3861_s_at	rffH	glucose-1-phosphate thymidylyltransferase	2.352	2.482
YpesChrORF_YPO3862_s_at	rffG	dTDP-D-glucose-4,6-dehydratase	2.404	2.026
YpesChrORF_YPO3866_s_at	YPO3866	undecaprenyl-phosphate alpha-N-acetylglucosaminyltransferase	2.62	1.962
YpesChrORF_YPO3873_s_at	ppiC	peptidyl-prolyl cis-trans isomerase C	1.911	2.039
YpesChrORF_YPO3881_s_at	YPO3881	chaperone protein	3.401	2.692
YpesChrORF_YPO3882_at			3.266	2.362
YpesChrORF_YPO3884_at			2.721	2.783
YpesChrORF_YPO3887_s_at	YPO3887	pseudo	3.063	2.168
YpesChrORF_YPO3888_s_at	ilvC	ketol-acid reductoisomerase	3.331	2.712
YpesChrORF_YPO3889_s_at	ilvY	DNA-binding transcriptional regulator IlvY	3.525	2.529
YpesChrORF_YPO3890_at	YPO3890	hypothetical protein	3.273	1.924
YpesChrORF_YPO3896_s_at	ilvA	threonine dehydratase	2.335	2.305
YpesChrORF_YPO3897_s_at	ilvD	dihydroxy-acid dehydratase	2.562	2.575
YpesChrORF_YPO3902_s_at	YPO3902	magnesium chelatase family protein	2.3	2.02
YpesChrORF_YPO3904_s_at	YPO3904	transcriptional regulator HdfR	3.472	2.61
YpesChrORF_YPO3905_s_at	YPO3905	ABC transporter permease	3.072	2.203
YpesChrORF_YPO3906_s_at	YPO3906	sugar transport system permease	1.725	1.776
YpesChrORF_YPO3908_s_at	YPO3908	periplasmic protein	3.247	3.332
YpesChrORF_YPO3910_s_at	btuB	vitamin B12/cobalamin outer membrane transporter	2.545	1.91
YpesChrORF_YPO3913_s_at	YPO3913	DNA-binding transcriptional repressor FabR	2.59	2.723
YpesChrORF_YPO3917_s_at	YPO3917	dihydrolipoamide dehydrogenase	2.048	1.943
YpesChrORF_YPO3920_s_at	YPO3920	ABC transporter protein	2.157	1.83
YpesChrORF_YPO3922_s_at	YPO3922	hemophore HasA	2.36	2.467
YpesChrORF_YPO3923_s_at	YPO3923	TonB dependent receptor protein	2.087	1.647
YpesChrORF_YPO3924_s_at	argH	argininosuccinate lyase	2.571	2.697
YpesChrORF_YPO3927_s_at	argC	N-acetyl-gamma-glutamyl-phosphate reductase	2.372	2.568
YpesChrORF_YPO3929_s_at	ppc	phosphoenolpyruvate carboxylase	2.067	1.711
YpesChrORF_YPO3934_s_at			2.685	2.097
YpesChrORF_YPO3937_s_at	glpD	glycerol-3-phosphate dehydrogenase	2.626	2.228
YpesChrORF_YPO3939_s_at	glgA	glycogen synthase	2.232	2.277
YpesChrORF_YPO3940_s_at	glgC	glucose-1-phosphate adenylyltransferase	1.979	2.063
YpesChrORF_YPO3941_s_at	glgX	glycogen debranching protein	2.117	2.258
YpesChrORF_YPO3943_s_at	YPO3943	hypothetical protein	3.009	2.583
YpesChrORF_YPO3945_s_at			3.905	2.35
YpesChrORF_YPO3948_at	YPO3948	hypothetical protein	3.495	3.035
YpesChrORF_YPO3949_s_at	asd	aspartate-semialdehyde dehydrogenase	3.962	3.273
YpesChrORF_YPO3950_s_at	yhgN	dITP- and XTP- hydrolase	2.394	2.371
YpesChrORF_YPO3953_s_at	YPO3953	gluconokinase	1.96	1.694
YpesChrORF_YPO3954_s_at	gntM	gluconate permease	2.304	2.111
YpesChrORF_YPO3958_s_at	YPO3958	response regulator protein	2.378	2.314
YpesChrORF_YPO3960_s_at	YPO3960	hypothetical protein	2.363	2.176
YpesChrORF_YPO3962_s_at	YPO3962	sugar-binding transport protein	2.38	1.873
YpesChrORF_YPO3975_s_at	opdA	oligopeptidase A	2.755	2.973
YpesChrORF_YPO3976_s_at	YPO3976	hypothetical protein	2.664	2.841
YpesChrORF_YPO3977_s_at	gor	glutathione reductase	2.647	2.554
YpesChrORF_YPO3980_s_at	glxK	glycerate kinase	1.919	1.663
YpesChrORF_YPO3983_s_at	YPO3983	hypothetical protein	2.639	2.103
YpesChrORF_YPO3985_s_at	YPO3985	hypothetical protein	3.17	2.546
YpesChrORF_YPO3988_s_at	YPO3988	diguanylate phosphodiesterase	2.68	2.588
YpesChrORF_YPO3989_s_at	YPO3989	tautomerase	2.047	1.887
YpesChrORF_YPO3991_s_at	YPO3991	insulinase family protease	2.271	2.195
YpesChrORF_YPO3992_s_at	dctA	C4-dicarboxylate transporter DctA	2.385	2.536
YpesChrORF_YPO3993_s_at	YPO3993	hypothetical protein	2.606	2.86
YpesChrORF_YPO3994_s_at	pelY	periplasmic pectate lyase	1.763	1.83
YpesChrORF_YPO3995_s_at	YPO3995	hypothetical protein	2.976	2.169
YpesChrORF_YPO3999_s_at	dppF	dipeptide transporter ATP-binding protein	3.259	1.886
YpesChrORF_YPO4000_s_at	dppD	dipeptide transporter ATP-binding protein	2.911	2.786
YpesChrORF_YPO4005_s_at	YPO4005	hemolysin activator protein	2.755	3.006
YpesChrORF_YPO4012_s_at	uhpA	two-component system response regulator	3.276	3.365
YpesChrORF_YPO4013_s_at	yhjW	phosphoethanolamine transferase	3.725	2.306
YpesChrORF_YPO4017_s_at	hutU	urocanate hydratase	2.759	2.046
YpesChrORF_YPO4023_s_at	YPO4023	iron transport permease	2.668	1.757
YpesChrORF_YPO4025_s_at	YPO4025	iron ABC transporter ATP-binding protein	2.026	1.847
YpesChrORF_YPO4026_s_at			2.631	1.73
YpesChrORF_YPO4031_at	YPO4031	regulatory protein	3.009	2.286
YpesChrORF_YPO4032_s_at	YPO4032	hypothetical protein	3.818	1.938
YpesChrORF_YPO4034_s_at	YPO4034	AraC family transcriptional regulator	2.528	2.298
YpesChrORF_YPO4036_s_at	YPO4036	xylose transporter ATP-binding protein	2.271	2.28
YpesChrORF_YPO4037_s_at	xylF	D-xylose transporter subunit XylF	2.519	2.268
YpesChrORF_YPO4041_s_at	YPO4041	fimbrial chaperone	3.398	2.052
YpesChrORF_YPO4044_s_at	YPO4044	fimbrial protein	2.802	2.662
YpesChrORF_YPO4045_s_at	YPO4045	hypothetical protein	2.568	1.747
YpesChrORF_YPO4049_s_at	YPO4049	hypothetical protein	2.079	2.085
YpesChrORF_YPO4054_s_at	selA	selenocysteine synthase	3.648	3.54
YpesChrORF_YPO4055_s_at	fdhE	formate dehydrogenase accessory protein FdhE	3.291	2.633
YpesChrORF_YPO4057_s_at	fdoH	formate dehydrogenase-O iron-sulfur subunit	3.126	2.084
YpesChrORF_YPO4060_s_at	fdhD	formate dehydrogenase accessory protein	2.989	1.926
YpesChrORF_YPO4061_s_at	sodA	superoxide dismutase	3.046	2.549
YpesChrORF_YPO4065_s_at	YPO4065	hypothetical protein	4.076	3.031
YpesChrORF_YPO4066_s_at	mtlR	mannitol repressor protein	1.59	1.666
YpesChrORF_YPO4067_s_at	mtlD	mannitol-1-phosphate 5-dehydrogenase	2.334	2.421
YpesChrORF_YPO4068_s_at	mtlA	PTS system mannitol-specific transporter subunit IIABC	2.222	1.658
YpesChrORF_YPO4070_s_at	yiaF	hypothetical protein	2.664	2.133
YpesChrORF_YPO4071_s_at	glyS	glycyl-tRNA synthetase subunit beta	2.032	2.108
YpesChrORF_YPO4074_s_at	tag	DNA-3-methyladenine glycosylase	4.262	2.437
YpesChrORF_YPO4082_s_at	avtA	valine--pyruvate transaminase	3.536	2.381
YpesChrORF_YPO4083_s_at	yidE	hypothetical protein	2.883	2.316
YpesChrORF_YPO4085_s_at	ibpA	heat shock protein IbpA	2.992	2.738
YpesChrORF_YPO4089_s_at	YPO4089	hypothetical protein	2.814	2.767
YpesChrORF_YPO4093_s_at	YPO4093	sugar phosphatase	2.947	3.059
YpesChrORF_YPO4094_s_at	gyrB	DNA gyrase subunit B	2.962	2.816
YpesChrORF_YPO4096_s_at	dnaN	DNA polymerase III subunit beta	2.341	2.494
YpesChrORF_YPO4097_s_at	dnaA	chromosome replication initiator DnaA	3.688	2.824
YpesChrORF_YPO4098_at	YPO4098	hypothetical protein	4.103	3.524
YpesChrORF_YPO4101_s_at	rnpA	ribonuclease P	2.795	2.377
YpesChrORF_YPO4103_s_at	trmE	tRNA modification GTPase TrmE	3.938	2.528
YpesChrORF_YPO4104_s_at	YPO4104	trans-2-enoyl-CoA reductase	1.882	1.831
YpesChrORF_YPO4105_at	YPO4105	pseudo	2.65	2.112
YpesChrORF_YPO4107_s_at	yieG	xanthine/uracil permeases family protein	3.353	2.898
YpesChrORF_YPO4108_s_at	YPO4108	6-phosphogluconate phosphatase	2.872	1.813
YpesChrORF_YPO4109_s_at	YPO4109	amino acid transport system permease	2.322	2.237
YpesChrORF_YPO4110_s_at	YPO4110	ABC transporter permease	2.71	2.932
YpesChrORF_YPO4119_s_at	glmU	bifunctional N-acetylglucosamine-1-phosphate uridyltransferase/glucosamine-1-phosphate acetyltransferase	1.926	1.68
YpesChrORF_YPO4120_s_at	atpC	ATP synthase F0F1 subunit epsilon	2.387	2.598
YpesChrORF_YPO4121_s_at	atpD	ATP synthase F0F1 subunit beta	3.881	2.716
YpesChrORF_YPO4122_s_at	atpG	ATP synthase F0F1 subunit gamma	3.612	2.236
YpesChrORF_YPO4123_s_at	atpA	ATP synthase F0F1 subunit alpha	3.176	3.037
YpesChrORF_YPO4126_s_at	atpE	ATP synthase F0F1 subunit C	2.624	2.657
YpesChrORF_YPO4128_s_at	atpI	F0F1 ATP synthase subunit I	2.484	1.642
YpesChrORF_YPO4130_s_at	gidA	tRNA uridine 5-carboxymethylaminomethyl modification enzyme GidA	1.864	1.803
YpesKIM_ChrORFy0012_s_at	Y0012	hypothetical protein	2.652	2.279
YpesKIM_ChrORFy0014_s_at	D744_p5012	putative transposase	4.251	2.539
YpesKIM_ChrORFy0034_s_at	yscU	type III secretion protein	2.304	1.722
YpesKIM_ChrORFy0068_at	D744_p5062	IS1616 OrfA	3.461	2.362
YpesKIM_ChrORFy0089_at			2.959	2.225
YpesKIM_ChrORFy0155_s_at			3.657	2.453
YpesKIM_ChrORFy0189_at			2.937	2.185
YpesKIM_ChrORFy0192_at			3.075	1.847
YpesKIM_ChrORFy0200_at			2.541	1.864
YpesKIM_ChrORFy0241_at			3.495	2.898
YpesKIM_ChrORFy0259_s_at			2.893	2.42
YpesKIM_ChrORFy0261_at			3.049	1.981
YpesKIM_ChrORFy0307_at			3.751	2.693
YpesKIM_ChrORFy0470_s_at			2.175	1.935
YpesKIM_ChrORFy0589_at			2.053	2.151
YpesKIM_ChrORFy0621_s_at			2.737	2.429
YpesKIM_ChrORFy0669_at			2.542	2.556
YpesKIM_ChrORFy0701_s_at			3.599	1.813
YpesKIM_ChrORFy0719_at			2.942	1.983
YpesKIM_ChrORFy0724_at			2.194	1.787
YpesKIM_ChrORFy0782_at			2.166	1.922
YpesKIM_ChrORFy0809_at			2.627	2.772
YpesKIM_ChrORFy0836_at			1.943	1.934
YpesKIM_ChrORFy0893_s_at			3.834	1.827
YpesKIM_ChrORFy0901_s_at			4.544	3.702
YpesKIM_ChrORFy0930_at			3.049	2.865
YpesKIM_ChrORFy0950_s_at			3.332	1.757
YpesKIM_ChrORFy0996_s_at			2.339	2.5
YpesKIM_ChrORFy1015_s_at			3.196	2.964
YpesKIM_ChrORFy1063_at			2.289	1.809
YpesKIM_ChrORFy1073_x_at			2.683	2.314
YpesKIM_ChrORFy1075_at			2.924	2.812
YpesKIM_ChrORFy1114_at			2.474	2.423
YpesKIM_ChrORFy1131_at			3.868	3.095
YpesKIM_ChrORFy1156_s_at			1.99	2.119
YpesKIM_ChrORFy1192_s_at			2.214	2.392
YpesKIM_ChrORFy1250_at			2.085	1.643
YpesKIM_ChrORFy1269_at			3.651	3.503
YpesKIM_ChrORFy1274_s_at			4.069	3.058
YpesKIM_ChrORFy1344_s_at			2.884	1.927
YpesKIM_ChrORFy1345_s_at			1.865	1.852
YpesKIM_ChrORFy1360_at			3.244	2.292
YpesKIM_ChrORFy1375_s_at			2.5	1.874
YpesKIM_ChrORFy1414_at			2.879	2.463
YpesKIM_ChrORFy1445_x_at			2.943	1.635
YpesKIM_ChrORFy1460_s_at			1.937	2.049
YpesKIM_ChrORFy1476_s_at			2.494	2.52
YpesKIM_ChrORFy1554_s_at			2.206	2.41
YpesKIM_ChrORFy1647_s_at			1.796	1.658
YpesKIM_ChrORFy1648_at			3.109	2.378
YpesKIM_ChrORFy1666_at			2.496	2.466
YpesKIM_ChrORFy1699_s_at			2.697	1.914
YpesKIM_ChrORFy1707_at			1.939	2
YpesKIM_ChrORFy1708_s_at			1.982	1.718
YpesKIM_ChrORFy1783_s_at			1.98	1.696
YpesKIM_ChrORFy1808_s_at			2.222	1.69
YpesKIM_ChrORFy1809_at			1.618	1.701
YpesKIM_ChrORFy1814_at			2.427	2.396
YpesKIM_ChrORFy1833_at			1.818	1.681
YpesKIM_ChrORFy1834_at			3.575	3.372
YpesKIM_ChrORFy1907_s_at			4.437	3.746
YpesKIM_ChrORFy1924_at			3.511	3.213
YpesKIM_ChrORFy1983_at			2.908	2.151
YpesKIM_ChrORFy2015_at			3.419	1.928
YpesKIM_ChrORFy2018_s_at			4.353	2.814
YpesKIM_ChrORFy2031_s_at			2.794	2.175
YpesKIM_ChrORFy2035_s_at			3.927	3.36
YpesKIM_ChrORFy2125_s_at			1.697	1.815
YpesKIM_ChrORFy2209_s_at			2.244	2.363
YpesKIM_ChrORFy2216_s_at			1.717	1.86
YpesKIM_ChrORFy2227_at			3.51	2.742
YpesKIM_ChrORFy2265_x_at			1.636	1.693
YpesKIM_ChrORFy2282_s_at			2.663	2.201
YpesKIM_ChrORFy2284_at			2.767	1.916
YpesKIM_ChrORFy2309_at			3.558	2.082
YpesKIM_ChrORFy2314_at			3.692	3.689
YpesKIM_ChrORFy2369_at			3.305	2.17
YpesKIM_ChrORFy2387_s_at			1.799	1.676
YpesKIM_ChrORFy2409_at			2.346	2.19
YpesKIM_ChrORFy2421_at			2.169	2.427
YpesKIM_ChrORFy2461_s_at			2.034	2.172
YpesKIM_ChrORFy2470_s_at			3.308	2.099
YpesKIM_ChrORFy2471_s_at			3.107	2.229
YpesKIM_ChrORFy2512_s_at			2.61	2.627
YpesKIM_ChrORFy2516_s_at			3.057	2.047
YpesKIM_ChrORFy2550_s_at			2.333	1.651
YpesKIM_ChrORFy2557_s_at			3.722	1.893
YpesKIM_ChrORFy2572_at			2.625	2.668
YpesKIM_ChrORFy2583_s_at			2.409	1.873
YpesKIM_ChrORFy2597_x_at			2.629	2.933
YpesKIM_ChrORFy2681_s_at			2.465	1.811
YpesKIM_ChrORFy2690_at			2.533	2.732
YpesKIM_ChrORFy2754_at			1.883	2.039
YpesKIM_ChrORFy2804_at			2.483	2.176
YpesKIM_ChrORFy2811_s_at			3.906	2.812
YpesKIM_ChrORFy2812_s_at			2.467	2.047
YpesKIM_ChrORFy2815_at			3.399	1.939
YpesKIM_ChrORFy2822_x_at			1.749	1.797
YpesKIM_ChrORFy2833_at			2.695	2.38
YpesKIM_ChrORFy2841_at			2.095	1.939
YpesKIM_ChrORFy2850_at			2.895	1.925
YpesKIM_ChrORFy2863_s_at			1.791	1.873
YpesKIM_ChrORFy2869_s_at			2.043	2.09
YpesKIM_ChrORFy2925_x_at			2.41	2.568
YpesKIM_ChrORFy2962_at			2.624	2.031
YpesKIM_ChrORFy2968_s_at			3.048	2.062
YpesKIM_ChrORFy2969_s_at			2.341	2.067
YpesKIM_ChrORFy3009_s_at			2.776	2.075
YpesKIM_ChrORFy3039_at			3.366	2.158
YpesKIM_ChrORFy3061_s_at			2.197	1.702
YpesKIM_ChrORFy3132_s_at			3.793	2.659
YpesKIM_ChrORFy3287_at			2.336	2.393
YpesKIM_ChrORFy3289_s_at			2.916	1.781
YpesKIM_ChrORFy3290_x_at			4.282	2.882
YpesKIM_ChrORFy3319_at			2.799	1.803
YpesKIM_ChrORFy3334_s_at			2.044	1.733
YpesKIM_ChrORFy3358_at			2.056	1.98
YpesKIM_ChrORFy3372_at			2.898	2.986
YpesKIM_ChrORFy3380_s_at			3.305	3.012
YpesKIM_ChrORFy3391_at			3.718	2.085
YpesKIM_ChrORFy3401_s_at			3.194	1.718
YpesKIM_ChrORFy3413_at			3.031	2.67
YpesKIM_ChrORFy3417_at			3.689	2.332
YpesKIM_ChrORFy3427_s_at			2.964	2.742
YpesKIM_ChrORFy3474_s_at			2.621	1.634
YpesKIM_ChrORFy3484_s_at			2.167	1.666
YpesKIM_ChrORFy3502_s_at			2.09	2.295
YpesKIM_ChrORFy3505_at			3.789	2.903
YpesKIM_ChrORFy3526_s_at			1.753	1.791
YpesKIM_ChrORFy3538_s_at			1.851	2.069
YpesKIM_ChrORFy3546_s_at			3.204	3.167
YpesKIM_ChrORFy3552_at			3.351	2.693
YpesKIM_ChrORFy3578_s_at			2.273	2.105
YpesKIM_ChrORFy3593_at			2.247	1.67
YpesKIM_ChrORFy3613_s_at			2.573	2
YpesKIM_ChrORFy3711_s_at			2.804	3.07
YpesKIM_ChrORFy3717_s_at			1.641	1.69
YpesKIM_ChrORFy3720_at			2.108	1.762
YpesKIM_ChrORFy3766_s_at			1.681	1.755
YpesKIM_ChrORFy3854_s_at			2.81	1.632
YpesKIM_ChrORFy3907_s_at			2.114	2.225
YpesKIM_ChrORFy3914_s_at			2.081	2.232
YpesKIM_ChrORFy3926_at			2.21	2.062
YpesKIM_ChrORFy3930_s_at			3.529	1.675
YpesKIM_ChrORFy3935_at			2.107	2.029
YpesKIM_ChrORFy3943_s_at			3.801	2.161
YpesKIM_ChrORFy3974_at			3.284	2.174
YpesKIM_ChrORFy4011_at			3.297	2.627
YpesKIM_ChrORFy4048_at			3.435	1.773
YpesKIM_ChrORFy4068_at			2.737	1.636
YpesKIM_ChrORFy4094_at			2.406	1.795
YpesPlaORF_YpCD1.02_s_at			2.566	2.698
YpesPlaORF_YpCD1.04_at			3.679	3.097
YpesPlaORF_YpCD1.08c_s_at			2.764	1.985
YpesPlaORF_YpCD1.09c_s_at			2.863	1.691
YpesPlaORF_YpCD1.14c_s_at			1.854	1.7
YpesPlaORF_YpCD1.15c_s_at			2.877	3.11
YpesPlaORF_YpCD1.16c_s_at			2.998	2.221
YpesPlaORF_YpCD1.18c_s_at			2.186	2.423
YpesPlaORF_YpCD1.20_at	yopT///yopT///yopT	cysteine protease YopT///Yop targeted effector///Yop targeted effector	2.439	2.267
YpesPlaORF_YpCD1.21_at	sycT///sycT///sycT	YopT-specific chaperone SycT///YopT chaperone///YopT chaperone	4.045	2.663
YpesPlaORF_YpCD1.22c_s_at			3.885	3.13
YpesPlaORF_YpCD1.23_at			2.119	2.095
YpesPlaORF_YpCD1.24c_s_at			3.583	3.283
YpesPlaORF_YpCD1.28c_s_at	yopD///yopD///yopD///yopD	YopD homolog///translocator protein YopD///secreted effector protein///Yop targeting negative regulator	1.579	1.643
YpesPlaORF_YpCD1.29c_s_at	yopB///yopB///yopB///yopB	YopB homolog///translocator protein YopB///secreted effector protein///Yop targeting protein	1.989	1.689
YpesPlaORF_YpCD1.31c_s_at	lcrV///lcrV///lcrV///lcrV	V antigen///virulence-associated V antigen LcrV///secreted effector protein///Yop secretion and targeting control protein	3.701	2.302
YpesPlaORF_YpCD1.34c_s_at	yscV	low calcium response protein D	2.97	2.113
YpesPlaORF_YpCD1.37c_s_at	sycN///sycN	YopN-specific chaperone SycN///hypothetical protein	2.771	1.745
YpesPlaORF_YpCD1.42_at	yscP///yscP///yscP///yscP	Yop proteins translocation protein P///type III secretion system needle length determinant YscP///type III secretion apparatus component///type III secretion protein	2.988	3.018
YpesPlaORF_YpCD1.43_at	yscQ///yscQ///yscQ///yscQ	Yop proteins translocation protein Q///type III secretion apparatus protein YscQ///type III secretion system protein///type III secretion protein	3.627	1.713
YpesPlaORF_YpCD1.47_at	yscU///yscU///yscU///yscU	Yop proteins translocation protein U homolog///type III secretion appartus protein YscU///needle complex export protein///type III secretion protein	3.128	1.837
YpesPlaORF_YpCD1.49_at	virF	transcriptional regulator	2.081	1.651
YpesPlaORF_YpCD1.53_at	yscD///yscD///yscD///yscD	Yop proteins translocation protein D homolog///type III secretion apparatus protein YscD///virulence protein///type III secretion protein	4.843	2.983
YpesPlaORF_YpCD1.54_at	yscE///yscE///yscE///yscE	Yop proteins translocation protein E homolog///type III secretion appartus protein YscE///type III secretion apparatus component///type III secretion protein	3.457	2.905
YpesPlaORF_YpCD1.56_at	yscG///yscG///yscG///yscG	Yop proteins translocation protein G homolog///type III secretion chaperone YscG///type III secretion apparatus component///type III secretion protein	3.86	3.016
YpesPlaORF_YpCD1.57_at	yopR	secreted protein	2.66	2.344
YpesPlaORF_YpCD1.58_at	lcrO	type III secretion apparatus component	2.409	2.239
YpesPlaORF_YpCD1.61_at	yscL///yscL///yscL///yscL	Yop proteins translocation protein L homolog///type III secretion ATPase regulator YscL///type III secretion system protein///type III secretion protein	4.393	3.825
YpesPlaORF_YpCD1.62_at	lcrQ///lcrQ	LCR negative regulator///LCR negative regulator	3.753	3.043
YpesPlaORF_YpCD1.64_at			3.163	2.052
YpesPlaORF_YpCD1.65_at	ORFC	putative transposase	2.688	2.738
YpesPlaORF_YpCD1.67c_s_at	yopH///yopH///yopH///yopH	YopH///protein-tyrosine-phosphatase YopH///putative secreted protein-tyrosine phosphatase///targeted effector protein	2.173	2.286
YpesPlaORF_YpCD1.74c_s_at			3.301	3.073
YpesPlaORF_YpCD1.77c_s_at	repA1	replication protein	2.782	1.863
YpesPlaORF_YpCD1.78c_s_at	tap///tap	RepA leader peptide Tap///repA translation protein	5.353	4.035
YpesPlaORF_YpCD1.79c_s_at	copB///copB	CopB protein///replication protein	2.694	2.34
YpesPlaORF_YpCD1.89_at			3.266	1.894
YpesPlaORF_YpCD1.90c_at	tnpA///tnpA///tnpA///tnpA	transposase (Tn1000) homolog///transposase///transposase///putative transposase	2.166	1.662
YpesPlaORF_YpCD1.91_at	tnpR///tnpR///tnpR///tnpR	transposon gamma-delta resolvase (transposon TN1000) homolog///resolvase///resolvase TnpR///putative resolvase	2.787	2.525
YpesPlaORF_YpCD1.92_at			3.356	2.647
YpesPlaORF_YpCD1.96c_at			2.543	2.785
YpesPlaORF_YpCD1.97c_at			2.671	1.866
YpesPlaORF_YpMT1.03c_s_at			4.483	3.601
YpesPlaORF_YpMT1.04c_s_at			2.487	2.283
YpesPlaORF_YpMT1.05c_s_at			1.833	2.028
YpesPlaORF_YpMT1.06c_s_at			2.908	2.386
YpesPlaORF_YpMT1.07c_s_at			2.065	1.996
YpesPlaORF_YpMT1.09c_s_at			3.174	3.157
YpesPlaORF_YpMT1.10c_s_at			2.03	2.013
YpesPlaORF_YpMT1.11c_s_at			2.303	2.49
YpesPlaORF_YpMT1.12c_s_at			3.179	3.189
YpesPlaORF_YpMT1.14c_s_at			2.688	2.426
YpesPlaORF_YpMT1.17c_s_at			1.844	1.953
YpesPlaORF_YpMT1.19c_s_at			2.335	2.062
YpesPlaORF_YpMT1.21c_s_at			1.75	1.797
YpesPlaORF_YpMT1.23c_s_at			3.214	3.251
YpesPlaORF_YpMT1.24c_s_at			3.13	2.101
YpesPlaORF_YpMT1.25c_s_at			2.715	2.921
YpesPlaORF_YpMT1.27c_s_at			1.916	1.935
YpesPlaORF_YpMT1.28c_s_at			3.384	2.423
YpesPlaORF_YpMT1.29c_s_at			2.66	2.297
YpesPlaORF_YpMT1.31_at			2.576	1.771
YpesPlaORF_YpMT1.32_at			3.133	2.612
YpesPlaORF_YpMT1.33_at			2.895	2.348
YpesPlaORF_YpMT1.34A_at			4.069	2.464
YpesPlaORF_YpMT1.36c_s_at			3.734	2.502
YpesPlaORF_YpMT1.38c_s_at			2.81	2.945
YpesPlaORF_YpMT1.39c_s_at			1.998	1.758
YpesPlaORF_YpMT1.3Ac_s_at			2.078	1.815
YpesPlaORF_YpMT1.40c_s_at			2.147	2.308
YpesPlaORF_YpMT1.41c_s_at			2.435	1.698
YpesPlaORF_YpMT1.44_at			1.777	1.714
YpesPlaORF_YpMT1.45c_at			2.793	2.543
YpesPlaORF_YpMT1.46c_s_at			2.619	2.598
YpesPlaORF_YpMT1.48c_s_at			2.681	2.604
YpesPlaORF_YpMT1.49c_s_at			3.081	2.228
YpesPlaORF_YpMT1.50c_s_at			2.873	2.273
YpesPlaORF_YpMT1.52c_s_at			2.481	1.85
YpesPlaORF_YpMT1.53c_s_at			2.878	2.094
YpesPlaORF_YpMT1.54_at			3.553	3.49
YpesPlaORF_YpMT1.55c_s_at			2.355	1.867
YpesPlaORF_YpMT1.59c_s_at			2.99	1.825
YpesPlaORF_YpMT1.60c_s_at			2.586	2.101
YpesPlaORF_YpMT1.61c_s_at			2.772	2.343
YpesPlaORF_YpMT1.63c_s_at			3.481	2.916
YpesPlaORF_YpMT1.64c_s_at			3.104	2.554
YpesPlaORF_YpMT1.65_at			1.993	1.676
YpesPlaORF_YpMT1.68A_s_at			2.335	1.895
YpesPlaORF_YpMT1.68c_s_at			2.634	2.151
YpesPlaORF_YpMT1.71_at			2.052	2.043
YpesPlaORF_YpMT1.74_at			2.044	2.028
YpesPlaORF_YpMT1.76A_at			3.13	2.848
YpesPlaORF_YpMT1.77c_s_at			4.159	2.447
YpesPlaORF_YpMT1.79c_s_at			1.705	1.851
YpesPlaORF_YpMT1.81c_at			3.145	2.178
YpesPlaORF_YpMT1.84_s_at			2.216	2.346
YpesPlaORF_YpMT1.85_s_at			2.874	2.164
YpesPlaORF_YpMT1.87_s_at			2.396	2.093
YpesPlaORF_YpMT1.88_s_at			3.749	3.461
YpesPlaORF_YpPCP1.03_at	rop///rop	putative replication regulatory protein///putative replication regulatory protein	2.328	2.396
YpesPlaORF_YpPCP1.04_s_at	pim///pim///pim	pesticin immunity protein///pesticin immunity protein///pesticin immunity protein	3.496	1.799
YpesPlaORF_YpPCP1.06_s_at			1.837	1.699
YpesPlaORF_YpPCP1.07_at	pla///pla///pla	plasminogen activator///plasminogen activator protease precursor///outer membrane protease	3.129	2.67
YpesPlaORFYpMT1.25Ac_s_at			2.348	2.329
YpesPlaORFYpMT1.26Ac_s_at			2.754	2.203
YpesPlaORFYpMT1.42Ac_s_at			2.401	2.564
YpesPlaORFYpMT1.46Bc_s_at			2.981	2.468
YpesPlaORFYpMT1.50Ac_s_at			3.499	3.022
YpseORF_or0099_at			1.751	1.76
YpseORF_or0100_at			2.103	2.127
YpseORF_or0102_at			3.06	1.734
YpseORF_or0105_at			3.746	1.841
YpseORF_or0190_at			2.799	2.95
YpseORF_or0217_s_at			2.515	1.654
YpseORF_or0219_at			3.419	2.654
YpseORF_or0282_s_at			4.339	3.181
YpseORF_or0387_s_at			1.906	1.745
YpseORF_or0392_at			3.195	1.81
YpseORF_or0393_at			3.507	3.56
YpseORF_or0415_s_at			2.779	1.919
YpseORF_or0573_s_at			2.074	2.028
YpseORF_or0623_at			2.436	2.319
YpseORF_or0627_at			2.645	1.886
YpseORF_or0629_at			2.402	1.729
YpseORF_or0730_s_at			2.312	2.134
YpseORF_or0739_at			2.917	2.04
YpseORF_or0740_s_at			3.738	2.34
YpseORF_or0746_at			3.037	2.317
YpseORF_or0769_at			2.026	2.176
YpseORF_or0780_s_at			1.936	1.748
YpseORF_or0808_s_at			2.639	1.91
YpseORF_or0837_s_at			2.392	1.637
YpseORF_or0861_at			2.241	2.091
YpseORF_or0862_at			2.078	2.074
YpseORF_or0863_at			1.998	2.122
YpseORF_or0865_at			3.877	3.97
YpseORF_or0866_at			4.381	3.263
YpseORF_or0888_s_at			3.057	2.059
YpseORF_or1073_s_at			2.551	2.374
YpseORF_or1074_s_at			2.094	2.021
YpseORF_or1098_at			3.039	1.917
YpseORF_or1099_at			2.302	2.512
YpseORF_or1100_at			2.074	2.28
YpseORF_or1102_at			2.07	1.721
YpseORF_or1290_at			3.207	2.48
YpseORF_or1293_at			2.388	2.04
YpseORF_or1294_at			3.221	2.596
YpseORF_or1295_at			2.327	2.07
YpseORF_or1297_at			2.829	2.895
YpseORF_or1300_at			2.256	2.549
YpseORF_or1302_at			1.734	1.784
YpseORF_or1303_at			2.63	2.179
YpseORF_or1306_at			3.374	2.821
YpseORF_or1307_at			2.79	2.828
YpseORF_or1310_at			2.29	2.449
YpseORF_or1311_at			2.298	2.328
YpseORF_or1316_at			3.413	2.175
YpseORF_or1320_at			2.552	2.559
YpseORF_or1323_at			2.691	2.263
YpseORF_or1324_at			3.51	2.168
YpseORF_or1325_at			2.216	2.39
YpseORF_or1326_at			2.618	2.506
YpseORF_or1328_at			3.791	2.932
YpseORF_or1329_at			3.159	2.107
YpseORF_or1332_at			3.15	1.76
YpseORF_or1336_at			3.623	3.186
YpseORF_or1338_at			2.983	2.043
YpseORF_or1339_at			2.334	1.88
YpseORF_or1343_at			3.35	1.697
YpseORF_or1347_at			2.874	2.379
YpseORF_or1348_at			2.61	2.41
YpseORF_or1349_at			2.5	2.364
YpseORF_or1350_at			3.199	1.726
YpseORF_or1351_at			2.244	1.973
YpseORF_or1352_at			1.74	1.787
YpseORF_or1359_at			2.789	1.738
YpseORF_or1360_at			1.883	1.867
YpseORF_or1364_at			2.754	3.011
YpseORF_or1369_s_at			2.656	2.744
YpseORF_or1370_s_at			2.144	2.339
YpseORF_or1419_s_at			2.008	1.794
YpseORF_or1528_s_at			2.507	2.161
YpseORF_or1554_at			2.562	2.472
YpseORF_or1563_at			4.141	2.391
YpseORF_or1565_at			3.016	2.502
YpseORF_or1567_s_at			3.011	1.697
YpseORF_or1571_at			2.657	2.057
YpseORF_or1572_at			2.754	2.194
YpseORF_or1674_s_at			2.475	1.914
YpseORF_or1713_at			3.094	2.317
YpseORF_or1715_at			2.116	1.936
YpseORF_or1718_at			1.856	1.758
YpseORF_or1723_at			3.448	2.315
YpseORF_or1729_at			2.368	2.377
YpseORF_or1735_at			3.151	1.965
YpseORF_or1739_at			1.584	1.683
YpseORF_or1785_s_at			2.216	1.935
YpseORF_or1854_at			3.286	2.617
YpseORF_or1861_at			3.95	3.004
YpseORF_or1863_at			3.259	1.676
YpseORF_or1915_at			1.749	1.768
YpseORF_or1954_s_at			4.503	3.686
YpseORF_or2049_s_at			2.526	2.501
YpseORF_or2061_at			2.872	2.407
YpseORF_or2063_at			2.455	2.035
YpseORF_or2065_at			2.245	1.637
YpseORF_or2068_at			2.206	2.11
YpseORF_or2069_at			2.124	1.918
YpseORF_or2075_at			2.15	1.692
YpseORF_or2076_at			2.826	2.061
YpseORF_or2081_at			2.338	1.814
YpseORF_or2082_at			2.336	2.52
YpseORF_or2084_at			2.799	2.52
YpseORF_or2085_at			1.782	1.806
YpseORF_or2087_at			2.846	2.529
YpseORF_or2158_at			4.494	3.458
YpseORF_or2176_at			2.984	2.174
YpseORF_or2189_at			2.944	3.009
YpseORF_or2193_at			2.548	2.281
YpseORF_or2194_at			2.663	2.589
YpseORF_or2195_at			2.587	2.879
YpseORF_or2198_at			3.554	2.652
YpseORF_or2201_at			2.759	2.034
YpseORF_or2201_s_at			2.624	1.791
YpseORF_or2295_s_at			1.995	1.824
YpseORF_or2342_at			2.303	2.438
YpseORF_or2400_s_at			3.391	1.784
YpseORF_or2432_x_at			1.938	2.122
YpseORF_or2458_at			3.179	3.113
YpseORF_or2491_s_at			3.154	2.673
YpseORF_or2506_at			3.183	2.654
YpseORF_or2548_s_at			3.618	2.172
YpseORF_or2634_at			3.224	2.72
YpseORF_or2635_at			3.124	2.997
YpseORF_or2637_at			1.821	1.879
YpseORF_or2639_at			2.5	2.082
YpseORF_or2642_at			2.629	2.485
YpseORF_or2643_at			2.204	2.317
YpseORF_or2644_at			1.804	1.831
YpseORF_or2645_at			3.158	2.312
YpseORF_or2646_at			3.475	2.039
YpseORF_or2649_at			2.346	2.294
YpseORF_or2651_at			3.369	1.884
YpseORF_or2671_at			2.623	2.124
YpseORF_or2712_at			2.383	2.138
YpseORF_or2724_s_at			2.583	2.406
YpseORF_or2836_s_at			2.921	2.679
YpseORF_or2856_at			3.533	2.585
YpseORF_or2901_s_at			3.542	2.063
YpseORF_or2952_at			2.75	2.457
YpseORF_or2955_at			2.699	2.489
YpseORF_or2957_at			3.42	3.199
YpseORF_or2958_at			3.44	2.895
YpseORF_or2983_s_at			1.905	2.039
YpseORF_or3087_at			3.197	1.671
YpseORF_or3088_at			2.671	1.907
YpseORF_or3091_at			2.51	2.037
YpseORF_or3092_at			2.777	1.81
YpseORF_or3094_at			2.098	1.93
YpseORF_or3098_s_at			3.316	1.779
YpseORF_or3141_s_at			3.041	2.795
YpseORF_or3188_at			2.005	1.91
YpseORF_or3190_at			2.824	3.02
YpseORF_or3193_at			3.149	2.024
YpseORF_or3231_at			2.176	1.806
YpseORF_or3339_s_at			2.215	1.822
YpseORF_or3346_s_at			3.455	2.756
YpseORF_or3441_s_at			2.816	1.827
YpseORF_or3443_at			3.056	2.59
YpseORF_or3500_s_at			2.036	1.875
YpseORF_or3536_at			3.305	2.377
YpseORF_or3654_at			3.202	2.643
YpseORF_or3655_at			1.948	1.846
YpseORF_or3683_at			2.492	2.4
YpseORF_or3691_at			2.91	2.062
YpseORF_or3692_at			2.134	2.373
YpseORF_or3693_at			2.842	2.535
YpseORF_or3701_s_at			2.591	2.579
YpseORF_or3718_at			2.452	2.579
YpseORF_or3754_s_at			2.859	2.574
YpseORF_or3770_at			4.193	3.53
YpseORF_or3825_at			3.261	2.115
YpseORF_or3836_s_at			1.978	2.041
YpseORF_or3892_at			2.902	2.231
YpseORF_or3893_at			3.123	2.741
YpseORF_or3899_at			2.226	2.204
YpseORF_or3900_at			2.693	1.651
YpseORF_or3901_at			1.849	1.827
YpseORF_or3904_at			1.671	1.764
YpseORF_or3915_at			3.022	2.337
YpseORF_or4008_at			1.959	2.026
YpseORF_or4013_s_at			2.913	2.158
YpseORF_or4066_at			3.901	2.51
YpseORF_or4084_at			3.437	1.724
YpseORF_or4091_at			2.616	2.491
YpseORF_or4095_at			2.572	1.808
YpseORF_or4097_at			2.473	2.669
YpseORF_or4099_at			2.708	2.421
YpseORF_or4101_at			2.348	2.022
YpseORF_or4102_at			2.568	2.653
YpseORF_or4106_at			3.589	3.304
YpseORF_or4108_at			2.466	2.393
YpseORF_or4110_at			2.723	2.43
YpseORF_or4111_at			2.431	1.688
YpseORF_or4112_at			3.046	2.773
YpseORF_or4113_at			2.414	2.269
YpseORF_or4114_at			2.604	1.681
YpseORF_or4116_at			1.902	2.019
YpseORF_or4118_at			2.298	2.119
YpseORF_or4121_at			3.084	2.107
YpseORF_or4123_at			2.084	1.827
YpseORF_or4124_at			3.805	2.247
YpseORF_or4125_at			2.499	1.762
YpseORF_or4126_at			2.445	1.817
YpseORF_or4127_at			2.265	2.235
YpseORF_or4128_at			2.241	1.665
YpseORF_or4132_at			3.036	2.473
YpseORF_or4135_at			2.685	1.808
YpseORF_or4141_at			2.253	1.975
YpseORF_or4142_at			4.423	2.172
YpseORF_or4144_at			2.381	2.211
YpseORF_or4147_at			3.843	3.037
YpseORF_or4150_at			1.794	1.931
YpseORF_or4154_at			2.283	1.92
YpseORF_or4159_at			2.853	2.19
YpseORF_or4166_at			3.271	3.104
YpseORF_or4169_at			1.857	1.793
YpseORF_or4170_at			2.666	2.829
YpseORF_or4174_at			2.6	2.54
YpseORF_or4183_at			2.389	2.426
YpseORF_or4186_at			2.6	2.534
YpseORF_or4187_at			2.392	2.641
YpseORF_or4188_at			2.211	1.943
YpseORF_or4189_at			3.368	2.463
YpseORF_or4190_at			2.694	2.225
YpseORF_or4191_at			2.78	2.52
YpseORF_or4192_at			1.802	2.018
YpseORF_or4255_at			2.46	1.644
YpseORF_or4274_s_at			4.108	3.113
YpseORF_or4300_at			1.803	1.881
YpseORF_or4372_at			2.781	1.663
YpseORF_or4453_at			3.166	2.38
YpseORF_or4482_s_at			3.394	2.308
YpseORF_or4491_at			4.114	2.952
YpseORF_or4493_at			3.29	3.451
YpseORF_or4494_at			2.292	2.326
YpseORF_or4496_at			2.766	2.665
YpseORF_or4519_at			1.847	1.838
YpseORF_or4530_s_at			2.086	1.752
YpseORF_or4539_s_at			3.072	2.425
YpseORF_or4657_s_at			2.154	2.104
YpseORF_or4662_s_at			2.176	2.315
YpseORF_or4679_at			2.366	2.13
YpseORF_or4680_at			2.667	2.023
YpseORF_or4681_at			2.553	1.701
YpseORF_or4703_s_at			2.906	2.01
YpseORF_or4788_at			2.318	2.432
YpseORF_or4826_at			2.182	2.141
YpseORF_or4854_at			2.65	2.144
YpseORF_or4856_at			2.488	2.128
YpseORF_or4863_s_at			2.771	2.993
YpseORF_or4916_at			2.588	1.884
YpseORF_or4986_s_at			1.732	1.826
YpseORF_or5030_s_at			3.081	2.41
YpseORF_or5032_s_at			2.493	2.02
YpseORF_or5078_s_at			1.959	1.66
YpseORF_or5079_s_at			2.158	2.301
YpseORF_or5093_at			3.263	2.285
YpseORF_sel_bases_s_at			2.963	2.339
